=== START ./_examples/basic-client/main.go ===
// Command basic-client demonstrates connecting to an IEC 61850 server,
// listing logical devices and nodes, and reading the first browsed
// data attribute.
//
// NOTE: findFirstLeaf is a best-effort heuristic that picks any leaf
// with a single FC. It skips common non-readable attributes but may
// still select control, configuration, or vendor-specific attributes
// that are not readable on a given server.
package main

import (
	"context"
	"errors"
	"fmt"
	"log"
	"log/slog"
	"os"
	"time"

	"github.com/otfabric/go-iec61850"
)

func main() {
	addr := "127.0.0.1:102"
	if len(os.Args) > 1 {
		addr = os.Args[1]
	}

	ctx, cancel := context.WithTimeout(context.Background(), 30*time.Second)
	defer cancel()
	logger := slog.New(slog.NewTextHandler(os.Stderr, &slog.HandlerOptions{Level: slog.LevelInfo}))

	client, err := iec61850.Dial(ctx, addr, iec61850.DialOptions{
		Logger: logger,
	})
	if err != nil {
		log.Fatalf("dial: %v", err)
	}
	defer client.Close(context.Background())

	devices, err := client.ListLogicalDevices(ctx)
	if err != nil {
		log.Fatalf("list LDs: %v", err)
	}

	for _, ld := range devices {
		fmt.Printf("LD: %s\n", ld.Name)

		nodes, err := client.ListLogicalNodes(ctx, ld.Name)
		if err != nil {
			log.Printf("  list LNs: %v", err)
			continue
		}
		for _, ln := range nodes {
			fmt.Printf("  LN: %s\n", ln.Name)
		}
	}

	if len(devices) == 0 {
		fmt.Println("no logical devices found")
		return
	}

	root, err := client.TreeWithOptions(ctx, iec61850.TreeOptions{
		IncludeFCs: true,
	})
	if err != nil {
		log.Fatalf("tree: %v", err)
	}

	ref, ok := findFirstLeaf(root)
	if !ok {
		fmt.Println("no readable data attributes found in tree")
		return
	}

	val, err := client.Read(ctx, ref)
	if err != nil {
		if errors.Is(err, iec61850.ErrNotFound) || errors.Is(err, iec61850.ErrDataAccess) {
			log.Printf("read %s: %v (attribute may not be readable on this server)", ref, err)
		} else {
			log.Fatalf("read %s: %v", ref, err)
		}
		return
	}
	fmt.Printf("\n%s = %s\n", ref, val)
}

// skipAttributes lists attribute names that are structurally present
// but rarely readable in isolation on many servers.
var skipAttributes = map[string]bool{
	"q": true, "t": true,
	"ctlModel": true, "ctlVal": true, "operTm": true,
}

// findFirstLeaf is a best-effort heuristic: it picks the first tree
// leaf that has exactly one FC and whose name is not in skipAttributes.
// This may still select attributes that are not readable on a given
// server. For production use, filter by FC (e.g. ST or MX) and check
// the attribute type before reading.
func findFirstLeaf(node *iec61850.ModelNode) (iec61850.Ref, bool) {
	if node == nil {
		return iec61850.Ref{}, false
	}
	if len(node.Children) == 0 && node.Reference.LD != "" {
		if skipAttributes[node.Name] {
			return iec61850.Ref{}, false
		}
		if node.FC != "" {
			return node.Reference.WithFC(node.FC), true
		}
		if len(node.FCs) == 1 {
			return node.Reference.WithFC(node.FCs[0]), true
		}
		return iec61850.Ref{}, false
	}
	for _, child := range node.Children {
		if ref, ok := findFirstLeaf(child); ok {
			return ref, true
		}
	}
	return iec61850.Ref{}, false
}

=== END ./_examples/basic-client/main.go ===
=== START ./_examples/browse-tree/main.go ===
// Command browse-tree demonstrates building and printing the IEC 61850
// model tree from a server, optionally with FC annotations.
package main

import (
	"context"
	"fmt"
	"log"
	"os"
	"strings"
	"time"

	"github.com/otfabric/go-iec61850"
)

func main() {
	addr := "127.0.0.1:102"
	if len(os.Args) > 1 {
		addr = os.Args[1]
	}

	ctx, cancel := context.WithTimeout(context.Background(), 30*time.Second)
	defer cancel()

	client, err := iec61850.Dial(ctx, addr, iec61850.DialOptions{
		Cache: iec61850.CacheLazy,
	})
	if err != nil {
		log.Fatalf("dial: %v", err)
	}
	defer client.Close(context.Background())

	tree, err := client.TreeWithOptions(ctx, iec61850.TreeOptions{
		MaxDepth:   5,
		IncludeFCs: true,
	})
	if err != nil {
		log.Fatalf("tree: %v", err)
	}

	printNode(tree, 0)
}

func printNode(node *iec61850.ModelNode, depth int) {
	indent := strings.Repeat("  ", depth)
	fc := ""
	if node.FC != "" {
		fc = fmt.Sprintf(" [%s]", node.FC)
	} else if len(node.FCs) > 0 {
		fcs := make([]string, len(node.FCs))
		for i, f := range node.FCs {
			fcs[i] = string(f)
		}
		fc = fmt.Sprintf(" [%s]", strings.Join(fcs, ","))
	}
	fmt.Printf("%s%s%s\n", indent, node.Name, fc)
	for _, child := range node.Children {
		printNode(child, depth+1)
	}
}

=== END ./_examples/browse-tree/main.go ===
=== START ./_examples/control/main.go ===
// Command control demonstrates IEC 61850 control operations:
// reading the control model, performing direct-operate, and
// select-before-operate workflows.
//
// Usage:
//
//	go run . [addr] [LD/LN.DO]
//
// Example:
//
//	go run . 127.0.0.1:102 simpleIOGenericIO/GGIO1.SPCSO1
package main

import (
	"context"
	"errors"
	"fmt"
	"log"
	"os"
	"time"

	"github.com/otfabric/go-iec61850"
)

func main() {
	addr := "127.0.0.1:102"
	controlDO := ""

	if len(os.Args) > 1 {
		addr = os.Args[1]
	}
	if len(os.Args) > 2 {
		controlDO = os.Args[2]
	}

	ctx, cancel := context.WithTimeout(context.Background(), 30*time.Second)
	defer cancel()

	client, err := iec61850.Dial(ctx, addr, iec61850.DialOptions{})
	if err != nil {
		log.Fatalf("dial: %v", err)
	}
	defer client.Close(context.Background())

	if controlDO == "" {
		fmt.Println("No control DO specified. Browsing for controllable objects...")
		browseControls(ctx, client)
		return
	}

	ref, err := iec61850.ParseRef(controlDO)
	if err != nil {
		log.Fatalf("parse ref: %v", err)
	}
	ref.FC = "" // control APIs manage FC automatically

	ctlModel, err := client.ReadCtlModel(ctx, ref)
	if err != nil {
		if errors.Is(err, iec61850.ErrNotFound) || errors.Is(err, iec61850.ErrDataAccess) {
			log.Printf("read ctlModel %s: %v (object may not be controllable)", ref, err)
			return
		}
		log.Fatalf("read ctlModel: %v", err)
	}
	fmt.Printf("Control model for %s: %s\n", ref, ctlModel)

	if !ctlModel.IsControllable() {
		fmt.Println("Object is status-only, not controllable.")
		return
	}

	switch {
	case ctlModel.IsSBO() && ctlModel.IsEnhanced():
		fmt.Println("\nPerforming select-with-value (SBOw) + operate...")
		params := iec61850.OperateParams{
			CtlVal: iec61850.BoolCtlVal(true),
		}
		if err := client.SelectWithValue(ctx, ref, params); err != nil {
			log.Printf("select-with-value: %v", err)
			return
		}
		fmt.Println("  Select accepted.")

		if err := client.Operate(ctx, ref, params); err != nil {
			log.Printf("operate: %v", err)
			return
		}
		fmt.Println("  Operate accepted.")

	case ctlModel.IsSBO():
		fmt.Println("\nPerforming select (SBO) + operate...")
		selected, err := client.Select(ctx, ref)
		if err != nil {
			log.Printf("select: %v", err)
			return
		}
		fmt.Printf("  Selected: %s\n", selected)

		if err := client.Operate(ctx, ref, iec61850.OperateParams{
			CtlVal: iec61850.BoolCtlVal(true),
		}); err != nil {
			log.Printf("operate: %v", err)
			return
		}
		fmt.Println("  Operate accepted.")

	default:
		fmt.Println("\nPerforming direct-operate...")
		if err := client.Operate(ctx, ref, iec61850.OperateParams{
			CtlVal: iec61850.BoolCtlVal(true),
		}); err != nil {
			log.Printf("operate: %v", err)
			readLastError(ctx, client, ref)
			return
		}
		fmt.Println("  Operate accepted.")
	}
}

func browseControls(ctx context.Context, client *iec61850.Client) {
	devices, err := client.ListLogicalDevices(ctx)
	if err != nil {
		log.Fatalf("list LDs: %v", err)
	}

	for _, ld := range devices {
		nodes, err := client.ListLogicalNodes(ctx, ld.Name)
		if err != nil {
			log.Printf("  list LNs for %s: %v", ld.Name, err)
			continue
		}
		for _, ln := range nodes {
			dos, err := client.ListDataObjects(ctx, ld.Name, ln.Name)
			if err != nil {
				continue
			}
			for _, do := range dos {
				ref := iec61850.Ref{LD: ld.Name, LN: ln.Name, Path: []string{do.Name}}
				ctlModel, err := client.ReadCtlModel(ctx, ref)
				if err != nil {
					continue
				}
				if ctlModel.IsControllable() {
					fmt.Printf("  %s/%s.%s  ctlModel=%s\n", ld.Name, ln.Name, do.Name, ctlModel)
				}
			}
		}
	}
}

func readLastError(ctx context.Context, client *iec61850.Client, ref iec61850.Ref) {
	lae, err := client.ReadLastApplError(ctx, ref)
	if err != nil {
		return
	}
	fmt.Printf("  LastApplError: obj=%s error=%d cause=%s origin=%s\n",
		lae.CntrlObj, lae.Error, lae.AddCause, lae.Origin.OrCat)
}

=== END ./_examples/control/main.go ===
=== START ./_examples/files/main.go ===
// Command files demonstrates listing and reading files from an
// IEC 61850 server.
package main

import (
	"context"
	"fmt"
	"log"
	"os"
	"path/filepath"
	"strings"
	"time"

	"github.com/otfabric/go-iec61850"
)

func main() {
	addr := "127.0.0.1:102"
	if len(os.Args) > 1 {
		addr = os.Args[1]
	}

	ctx, cancel := context.WithTimeout(context.Background(), 60*time.Second)
	defer cancel()

	client, err := iec61850.Dial(ctx, addr, iec61850.DialOptions{})
	if err != nil {
		log.Fatalf("dial: %v", err)
	}
	defer client.Close(context.Background())

	files, err := client.ListFiles(ctx, "")
	if err != nil {
		log.Fatalf("list files: %v", err)
	}

	fmt.Printf("Found %d file(s):\n", len(files))
	for _, f := range files {
		fmt.Printf("  %-40s  %8d bytes  %s\n", f.Name, f.Size, f.LastModified.Format("2006-01-02 15:04:05"))
	}

	if len(files) > 0 {
		name := files[0].Name
		localPath := "downloaded_" + sanitizeFilename(name)
		fmt.Printf("\nDownloading %q to %q...\n", name, localPath)

		f, err := os.OpenFile(localPath, os.O_CREATE|os.O_EXCL|os.O_WRONLY, 0644)
		if err != nil {
			log.Fatalf("create local file: %v", err)
		}

		entry, err := client.DownloadFile(ctx, name, f)
		if err != nil {
			f.Close()
			os.Remove(localPath)
			log.Fatalf("download: %v", err)
		}
		f.Close()
		fmt.Printf("Downloaded %d bytes to %s\n", entry.Size, localPath)
	}
}

func sanitizeFilename(name string) string {
	name = filepath.Base(name)

	safe := make([]byte, 0, len(name))
	for i := 0; i < len(name); i++ {
		c := name[i]
		if c == '/' || c == '\\' || c == ':' || c == '*' || c == '?' || c == '"' || c == '<' || c == '>' || c == '|' {
			safe = append(safe, '_')
		} else {
			safe = append(safe, c)
		}
	}

	result := strings.TrimLeft(string(safe), ". ")
	result = strings.TrimRight(result, " ")
	if result == "" {
		return "downloaded_file"
	}
	return result
}

=== END ./_examples/files/main.go ===
=== START ./_examples/reports/main.go ===
// Command reports demonstrates subscribing to an IEC 61850 buffered
// report and printing incoming indications.
package main

import (
	"context"
	"errors"
	"fmt"
	"log"
	"os"
	"os/signal"
	"time"

	"github.com/otfabric/go-iec61850"
)

func main() {
	addr := "127.0.0.1:102"
	if len(os.Args) > 1 {
		addr = os.Args[1]
	}

	ctx, cancel := signal.NotifyContext(context.Background(), os.Interrupt)
	defer cancel()

	dialCtx, dialCancel := context.WithTimeout(ctx, 10*time.Second)
	defer dialCancel()
	client, err := iec61850.Dial(dialCtx, addr, iec61850.DialOptions{})
	if err != nil {
		log.Fatalf("dial: %v", err)
	}
	defer client.Close(context.Background())

	devices, err := client.ListLogicalDevices(ctx)
	if err != nil {
		log.Fatalf("list LDs: %v", err)
	}
	if len(devices) == 0 {
		log.Fatal("no logical devices found")
	}
	ld := devices[0].Name

	reports, err := client.ListReports(ctx, ld)
	if err != nil {
		if errors.Is(err, iec61850.ErrUnsupportedService) || errors.Is(err, iec61850.ErrNotFound) {
			log.Printf("list reports: %v (server may not support reporting)", err)
			return
		}
		log.Fatalf("list reports: %v", err)
	}

	fmt.Printf("Found %d report(s) in %s:\n", len(reports), ld)
	for _, r := range reports {
		fmt.Printf("  %s\n", r)
	}

	if len(reports) == 0 {
		fmt.Println("no reports found in", ld)
		return
	}

	rcb, err := client.GetReportControlBlock(ctx, ld, reports[0])
	if err != nil {
		if errors.Is(err, iec61850.ErrNotFound) || errors.Is(err, iec61850.ErrDataAccess) {
			log.Printf("get RCB %s: %v (RCB may not be accessible)", reports[0], err)
			return
		}
		log.Fatalf("get RCB: %v", err)
	}
	fmt.Printf("\nSubscribing to %s (RptID=%s, DatSet=%s)\n", reports[0], rcb.RptID, rcb.DatSet)

	sub, err := client.SubscribeReport(ctx, rcb.RptID, iec61850.SubscribeReportOptions{
		QueueSize:     64,
		AutoEnable:    true,
		GIOnSubscribe: true,
		LD:            ld,
		RCBItemID:     reports[0],
	})
	if err != nil {
		log.Fatalf("subscribe: %v", err)
	}
	defer sub.Close()

	fmt.Println("Waiting for reports (Ctrl-C to stop)...")
	for {
		select {
		case ri, ok := <-sub.Reports():
			if !ok {
				fmt.Println("subscription closed")
				return
			}
			fmt.Printf("\nReport RptID=%s SeqNum=%d\n", ri.RptID, ri.SeqNum)
			fmt.Printf("  OptFlds: %s\n", ri.OptFlds)
			fmt.Printf("  Values:  %d\n", len(ri.Values))
			for i, v := range ri.Values {
				if v != nil {
					fmt.Printf("    [%d] %s\n", i, v)
				}
			}
		case <-ctx.Done():
			fmt.Println("\ninterrupted")
			return
		}
	}
}

=== END ./_examples/reports/main.go ===
=== START ./_examples/scl-parse/main.go ===
// Command scl-parse demonstrates parsing an SCL file and printing
// a summary of its contents.
package main

import (
	"fmt"
	"log"
	"os"

	"github.com/otfabric/go-iec61850/scl"
)

func main() {
	if len(os.Args) < 2 {
		fmt.Fprintf(os.Stderr, "usage: scl-parse <file.scd>\n")
		os.Exit(1)
	}
	path := os.Args[1]

	s, err := scl.ParseFile(path)
	if err != nil {
		log.Fatalf("parse: %v", err)
	}

	fmt.Printf("SCL Header: ID=%s Version=%s Revision=%s\n\n",
		s.Header.ID, s.Header.Version, s.Header.Revision)

	fmt.Printf("IEDs (%d):\n", len(s.IEDs))
	for _, ied := range s.IEDs {
		fmt.Printf("  %s", ied.Name)
		if ied.Manufacturer != "" {
			fmt.Printf(" (manufacturer=%s)", ied.Manufacturer)
		}
		fmt.Println()

		for _, ap := range ied.AccessPoints {
			if ap.Server == nil {
				continue
			}
			for _, ld := range ap.Server.LDevices {
				fmt.Printf("    LD: %s\n", ld.Inst)
			}
		}
	}

	fmt.Printf("\nData type templates:\n")
	fmt.Printf("  LNodeTypes: %d\n", len(s.DataTypeTemplates.LNodeTypes))
	fmt.Printf("  DOTypes:    %d\n", len(s.DataTypeTemplates.DOTypes))
	fmt.Printf("  DATypes:    %d\n", len(s.DataTypeTemplates.DATypes))
	fmt.Printf("  EnumTypes:  %d\n", len(s.DataTypeTemplates.EnumTypes))

	fmt.Printf("\nValidation:\n")
	findings := scl.Validate(s)
	if len(findings) == 0 {
		fmt.Println("  No issues found.")
	} else {
		for _, f := range findings {
			fmt.Printf("  [%s] %s: %s\n", f.Severity, f.Path, f.Message)
		}
	}

	fmt.Printf("\nFlat rows: %d\n", len(scl.Flatten(s)))
	fmt.Printf("Datasets:  %d\n", len(scl.ExportDataSets(s)))
	fmt.Printf("Reports:   %d\n", len(scl.ExportReports(s)))

	fmt.Println("\nModel tree:")
	if err := scl.PrintTree(os.Stdout, s); err != nil {
		log.Fatalf("print tree: %v", err)
	}
}

=== END ./_examples/scl-parse/main.go ===
=== START ./browse.go ===
package iec61850

import (
	"context"
	"fmt"
	"log/slog"
	"path"
	"regexp"
	"sort"

	"github.com/otfabric/go-mms"

	"github.com/otfabric/go-iec61850/internal/mapping"
)

// ListLogicalDevices returns the logical devices (MMS domains)
// available on the server.
//
// Results are sorted alphabetically by name.
func (c *Client) ListLogicalDevices(ctx context.Context) ([]LogicalDevice, error) {
	if err := c.checkOpen(); err != nil {
		return nil, err
	}

	lds, err := c.cachedLDs(ctx)
	if err != nil {
		return nil, err
	}

	c.logger.Debug("iec61850: listed logical devices", "count", len(lds))
	return lds, nil
}

// ListLogicalNodes returns the logical nodes within the specified
// logical device.
//
// The logical nodes are discovered by listing all named variables in
// the MMS domain and extracting the unique first $-delimited segment
// (the LN name in IEC 61850 MMS mapping).
//
// Results are sorted alphabetically by name.
func (c *Client) ListLogicalNodes(ctx context.Context, ld string) ([]LogicalNode, error) {
	if err := c.checkOpen(); err != nil {
		return nil, err
	}

	if ld == "" {
		return nil, &ReferenceError{Input: ld, Reason: "empty logical device name"}
	}

	items, err := c.cachedItems(ctx, ld)
	if err != nil {
		return nil, fmt.Errorf("iec61850: list logical nodes in %q: %w", ld, err)
	}

	lnNames := mapping.ExtractLogicalNodes(items)
	nodes := make([]LogicalNode, len(lnNames))
	for i, name := range lnNames {
		nodes[i] = LogicalNode{Name: name, LD: ld}
	}

	c.logger.Debug("iec61850: listed logical nodes", "ld", ld, "count", len(nodes))
	return nodes, nil
}

// ListDataObjects returns the top-level data objects under the
// specified logical node.
//
// The data objects are discovered by listing all named variables in
// the parent MMS domain, filtering for the specified LN, and extracting
// unique data object names (third $-delimited segment).
//
// Results are sorted alphabetically by name.
func (c *Client) ListDataObjects(ctx context.Context, ld, ln string) ([]DataObject, error) {
	if err := c.checkOpen(); err != nil {
		return nil, err
	}

	if ld == "" {
		return nil, &ReferenceError{Input: ld, Reason: "empty logical device name"}
	}
	if ln == "" {
		return nil, &ReferenceError{Input: ln, Reason: "empty logical node name"}
	}

	items, err := c.cachedItems(ctx, ld)
	if err != nil {
		return nil, fmt.Errorf("iec61850: list data objects in %s/%s: %w", ld, ln, err)
	}

	doNames := mapping.ExtractDataObjects(items, ln)
	objects := make([]DataObject, len(doNames))
	for i, name := range doNames {
		ref := Ref{LD: ld, LN: ln, Path: []string{name}}
		objects[i] = DataObject{Name: name, Reference: ref}
	}

	c.logger.Debug("iec61850: listed data objects", "ld", ld, "ln", ln, "count", len(objects))
	return objects, nil
}

// ListChildren returns the direct browse children (sub-data objects
// and data attributes) under the specified reference.
//
// The ref must include at least LD and LN. When ref has a path (e.g.,
// LD/LN.DO), this returns the direct children of that path. When ref
// has only LD/LN, this is equivalent to [Client.ListDataObjects] but
// returns [BrowseNode] instead of [DataObject].
//
// Because MMS variable names are FC-qualified, the returned children
// are a merged view across all functional constraints. A child name
// like "stVal" may exist under both ST and MX; this method returns
// it once. Use [Client.TreeWithOptions] with IncludeFCs to discover
// which FCs apply, or specify an FC when reading/writing.
//
// Results are sorted alphabetically by name.
func (c *Client) ListChildren(ctx context.Context, ref Ref) ([]BrowseNode, error) {
	if err := c.checkOpen(); err != nil {
		return nil, err
	}

	browseRef := ref
	browseRef.FC = ""
	if err := browseRef.Validate(); err != nil {
		return nil, err
	}
	if browseRef.LN == "" {
		return nil, &ReferenceError{Input: ref.String(), Reason: "logical node required"}
	}
	ref = browseRef

	items, err := c.cachedItems(ctx, ref.LD)
	if err != nil {
		return nil, fmt.Errorf("iec61850: list children for %s: %w", ref.String(), err)
	}

	childNames := mapping.ExtractChildren(items, ref.LN, ref.Path)
	result := make([]BrowseNode, len(childNames))
	for i, name := range childNames {
		childRef, err := ref.Child(name)
		if err != nil {
			return nil, fmt.Errorf("iec61850: list children for %s: invalid child %q: %w", ref.String(), name, err)
		}
		result[i] = BrowseNode{Name: name, Reference: childRef}
	}

	c.logger.Debug("iec61850: listed children", "ref", ref.String(), "count", len(result))
	return result, nil
}

// Tree builds the full IEC 61850 model tree from the server. This
// performs multiple MMS GetNameList calls to discover the complete
// hierarchy: logical devices → logical nodes → data objects/attributes.
//
// The returned root [ModelNode] is a synthetic container (Name="root",
// empty Reference) whose Children are the logical device nodes. It
// does not represent a real IEC 61850 object.
//
// The tree merges structure across functional constraints: the same
// data object path may appear under multiple FCs (e.g., ST and MX),
// and the tree returns it as a single node. Enable
// [TreeOptions.IncludeFCs] to annotate each node with its observed
// FCs. Without FC annotation, a returned node is a browse view, not
// a directly readable reference — callers must choose an FC before
// reading or writing.
//
// The tree includes all data objects and attributes discovered from
// the MMS variable names. For type information, use
// [Client.GetVariableType] on individual nodes.
//
// This operation may be slow on servers with large models.
func (c *Client) Tree(ctx context.Context) (*ModelNode, error) {
	return c.TreeWithOptions(ctx, TreeOptions{})
}

// TreeOptions configures the tree-building behavior for
// [Client.TreeWithOptions].
type TreeOptions struct {
	// LDFilter, when non-empty, restricts the tree to a single
	// logical device matching this name.
	LDFilter string

	// MaxDepth limits how deep the tree is built. Zero means
	// unlimited. Depth counts model-hierarchy levels starting at
	// the logical device level (consistent with [Ref.Depth]):
	//   1 = LD nodes only
	//   2 = LD + LN nodes
	//   3 = LD + LN + first DO level
	//   4+ = deeper data attributes
	//
	// Note: the returned root node is a synthetic container that
	// sits outside the depth model. Its children are the LD nodes
	// (depth 1). MaxDepth=1 therefore returns a root whose
	// children are bare LD nodes with no further expansion.
	MaxDepth int

	// IncludeFCs annotates tree nodes with functional constraint
	// information. When true, each leaf/intermediate node will
	// have its FCs field populated with all FCs observed for that
	// node in the MMS item IDs. The single FC field is set when
	// only one FC applies.
	IncludeFCs bool
}

// TreeWithOptions builds the IEC 61850 model tree with configurable
// filtering and annotation.
//
// Like [Client.Tree], the returned tree merges structure across
// functional constraints. Use [TreeOptions.IncludeFCs] to annotate
// nodes with their observed FCs so that callers can determine which
// FCs are valid for each node before performing read/write operations.
//
// See [Client.Tree] for the simpler zero-options variant.
func (c *Client) TreeWithOptions(ctx context.Context, opts TreeOptions) (*ModelNode, error) {
	if err := c.checkOpen(); err != nil {
		return nil, err
	}

	lds, err := c.cachedLDs(ctx)
	if err != nil {
		return nil, fmt.Errorf("iec61850: tree: %w", err)
	}

	root := &ModelNode{Name: "root"}

	for _, ld := range lds {
		if opts.LDFilter != "" && ld.Name != opts.LDFilter {
			continue
		}

		if opts.MaxDepth > 0 && opts.MaxDepth < 2 {
			root.Children = append(root.Children, &ModelNode{
				Name:      ld.Name,
				Reference: Ref{LD: ld.Name},
			})
			continue
		}

		items, err := c.cachedItems(ctx, ld.Name)
		if err != nil {
			return nil, fmt.Errorf("iec61850: tree: list variables in %q: %w", ld.Name, err)
		}

		ldNode := &ModelNode{
			Name:      ld.Name,
			Reference: Ref{LD: ld.Name},
		}
		ldNode.Children = buildLDTreeWithOptions(ld.Name, items, opts, c.opts.Strictness.RejectUnknownFC, c.logger)
		root.Children = append(root.Children, ldNode)
	}

	if opts.LDFilter != "" && len(root.Children) == 0 {
		return nil, fmt.Errorf("iec61850: tree: %w: no logical device matching filter %q", ErrNotFound, opts.LDFilter)
	}

	sort.Slice(root.Children, func(i, j int) bool {
		return root.Children[i].Name < root.Children[j].Name
	})

	c.logger.Debug("iec61850: built model tree", "devices", len(root.Children))
	return root, nil
}

// FindPaths searches the server model for references matching the
// query. This performs model discovery and then filters the results.
//
// The Pattern field in [FindQuery] supports glob matching via
// [path.Match]. Matching is applied to the full object reference
// string (e.g., "LD/LN.DO.DA"):
//   - '*' matches any characters within a single path component
//     (does not cross '/')
//   - '?' matches a single character
//   - '[' brackets match character classes
//
// For patterns that need to cross component boundaries, consider
// using [MatchRegex] mode instead.
//
// Pattern matching is performed against the object reference without
// the [FC] suffix. If the same object exists under multiple FCs,
// multiple results may be returned unless FindQuery.FC is set.
//
// The FC field, when non-empty, filters to attributes with that FC.
// Results are deduplicated by full reference string.
func (c *Client) FindPaths(ctx context.Context, query FindQuery) ([]Ref, error) {
	if err := c.checkOpen(); err != nil {
		return nil, err
	}

	if query.Pattern == "" {
		return nil, fmt.Errorf("iec61850: find paths: %w: empty pattern", ErrInvalidArgument)
	}

	matcher, err := newMatcher(query.MatchMode, query.Pattern)
	if err != nil {
		return nil, fmt.Errorf("iec61850: find paths: %w", err)
	}

	lds, err := c.cachedLDs(ctx)
	if err != nil {
		return nil, fmt.Errorf("iec61850: find paths: %w", err)
	}

	var results []Ref
	seen := make(map[string]struct{})

	for _, ld := range lds {
		if query.LDFilter != "" && ld.Name != query.LDFilter {
			continue
		}

		refs, err := c.parsedRefsForLD(ctx, ld.Name)
		if err != nil {
			return nil, fmt.Errorf("iec61850: find paths: %w", err)
		}

		for _, ref := range refs {
			if query.FC != "" && ref.FC != query.FC {
				continue
			}

			if query.MaxDepth > 0 && ref.Depth() > query.MaxDepth {
				continue
			}

			refStr := ref.ObjectReference()
			if matcher.match(refStr) {
				key := ref.String()
				if _, dup := seen[key]; !dup {
					seen[key] = struct{}{}
					results = append(results, ref)
				}
			}
		}
	}

	sort.Slice(results, func(i, j int) bool {
		return results[i].String() < results[j].String()
	})

	c.logger.Debug("iec61850: find paths", "pattern", query.Pattern, "matches", len(results))
	return results, nil
}

// GetVariableType retrieves the MMS type specification for a variable.
// The ref must be an object reference (LD/LN with path) and must
// include a functional constraint.
func (c *Client) GetVariableType(ctx context.Context, ref Ref) (*mms.TypeSpec, error) {
	if err := c.checkOpen(); err != nil {
		return nil, err
	}

	if err := ref.Validate(); err != nil {
		return nil, err
	}
	if !ref.IsObject() {
		return nil, &ReferenceError{Input: ref.String(), Reason: "object reference required (LD/LN with path)"}
	}
	if ref.FC == "" {
		return nil, &ReferenceError{Input: ref.String(), Reason: "functional constraint required"}
	}

	_, itemID, err := ref.ToMMS()
	if err != nil {
		return nil, err
	}

	name := mms.ObjectName{
		Scope:  mms.ObjectScopeDomain,
		Domain: mms.DomainID(ref.LD),
		ItemID: itemID,
	}

	attrs, err := c.mmsClient.GetVariableAccessAttributes(ctx, name)
	if err != nil {
		return nil, fmt.Errorf("iec61850: get variable type for %s: %w", ref.String(), err)
	}

	return &attrs.TypeSpec, nil
}

// parsedRefsForLD returns pre-parsed Refs for an LD's item list,
// using the cache when available. This avoids re-parsing every MMS
// item ID on every FindPaths call.
func (c *Client) parsedRefsForLD(ctx context.Context, ld string) ([]Ref, error) {
	if c.cache != nil {
		if refs, ok := c.cache.getParsedRefs(ld); ok {
			return refs, nil
		}
	}

	items, err := c.cachedItems(ctx, ld)
	if err != nil {
		return nil, fmt.Errorf("list variables in %q: %w", ld, err)
	}

	refs := make([]Ref, 0, len(items))
	for _, item := range items {
		ref, parseErr := RefFromMMS(mms.DomainID(ld), mms.ItemID(item))
		if parseErr != nil {
			if c.opts.Strictness.RejectUnknownFC {
				return nil, parseErr
			}
			c.logger.Debug("iec61850: skipping malformed MMS item during find",
				"ld", ld, "item", item, "error", parseErr)
			continue
		}
		refs = append(refs, ref)
	}

	if c.cache != nil {
		c.cache.setParsedRefs(ld, refs)
	}

	return refs, nil
}

// buildLDTreeWithOptions constructs the tree of LN → DO → DA nodes
// from a flat list of MMS item IDs, applying tree options.
func buildLDTreeWithOptions(ld string, items []string, opts TreeOptions, rejectUnknownFC bool, logger *slog.Logger) []*ModelNode {
	lnNames := mapping.ExtractLogicalNodes(items)
	lnNodes := make([]*ModelNode, 0, len(lnNames))

	for _, lnName := range lnNames {
		lnNode := &ModelNode{
			Name:      lnName,
			Reference: Ref{LD: ld, LN: lnName},
		}

		if opts.IncludeFCs {
			lnNode.FCs = convertFCs(mapping.ExtractFCsForLN(items, lnName), rejectUnknownFC, logger)
			if len(lnNode.FCs) == 1 {
				lnNode.FC = lnNode.FCs[0]
			}
		}

		if opts.MaxDepth > 0 && opts.MaxDepth <= 2 {
			lnNodes = append(lnNodes, lnNode)
			continue
		}

		doNames := mapping.ExtractDataObjects(items, lnName)
		for _, doName := range doNames {
			doRef := Ref{LD: ld, LN: lnName, Path: []string{doName}}
			doNode := &ModelNode{
				Name:      doName,
				Reference: doRef,
			}

			if opts.IncludeFCs {
				doNode.FCs = convertFCs(mapping.ExtractFCsForPath(items, lnName, []string{doName}), rejectUnknownFC, logger)
				if len(doNode.FCs) == 1 {
					doNode.FC = doNode.FCs[0]
				}
			}

			if opts.MaxDepth <= 0 || opts.MaxDepth > 3 {
				buildSubTreeWithOptions(doNode, ld, lnName, items, []string{doName}, opts, rejectUnknownFC, logger)
			}
			lnNode.Children = append(lnNode.Children, doNode)
		}

		lnNodes = append(lnNodes, lnNode)
	}

	return lnNodes
}

// buildSubTreeWithOptions recursively expands child nodes. Note: each
// level re-scans the flat item list via ExtractChildren and
// ExtractFCsForPath, which is O(n) per level. For very large models
// (thousands of items) a trie-based index would reduce tree build
// cost. For typical substation sizes this is adequate.
func buildSubTreeWithOptions(node *ModelNode, ld, ln string, items []string, basePath []string, opts TreeOptions, rejectUnknownFC bool, logger *slog.Logger) {
	currentDepth := 2 + len(basePath) // LD(1) + LN(2) + path components
	if opts.MaxDepth > 0 && currentDepth >= opts.MaxDepth {
		return
	}

	childNames := mapping.ExtractChildren(items, ln, basePath)
	for _, name := range childNames {
		childPath := make([]string, len(basePath)+1)
		copy(childPath, basePath)
		childPath[len(basePath)] = name

		childRef := Ref{LD: ld, LN: ln, Path: childPath}
		child := &ModelNode{
			Name:      name,
			Reference: childRef,
		}

		if opts.IncludeFCs {
			child.FCs = convertFCs(mapping.ExtractFCsForPath(items, ln, childPath), rejectUnknownFC, logger)
			if len(child.FCs) == 1 {
				child.FC = child.FCs[0]
			}
		}

		buildSubTreeWithOptions(child, ld, ln, items, childPath, opts, rejectUnknownFC, logger)
		node.Children = append(node.Children, child)
	}
}

// convertFCs converts FC strings to FunctionalConstraint values. When
// rejectUnknown is true, non-standard FCs are filtered out and logged
// at debug level; otherwise all strings are accepted as-is.
func convertFCs(strs []string, rejectUnknown bool, logger *slog.Logger) []FunctionalConstraint {
	if !rejectUnknown {
		fcs := make([]FunctionalConstraint, len(strs))
		for i, s := range strs {
			fcs[i] = FunctionalConstraint(s)
		}
		return fcs
	}
	fcs := make([]FunctionalConstraint, 0, len(strs))
	for _, s := range strs {
		fc, err := ParseFC(s)
		if err == nil {
			fcs = append(fcs, fc)
		} else if logger != nil {
			logger.Debug("iec61850: dropping unknown FC during tree build", "fc", s)
		}
	}
	return fcs
}

// matcher abstracts glob vs regex pattern matching.
type matcher struct {
	mode  MatchMode
	glob  string
	regex *regexp.Regexp
}

func newMatcher(mode MatchMode, pattern string) (*matcher, error) {
	switch mode {
	case MatchGlob:
		if _, err := path.Match(pattern, ""); err != nil {
			return nil, fmt.Errorf("invalid glob pattern %q: %w", pattern, err)
		}
		return &matcher{mode: MatchGlob, glob: pattern}, nil
	case MatchRegex:
		re, err := regexp.Compile(pattern)
		if err != nil {
			return nil, fmt.Errorf("invalid regex pattern %q: %w", pattern, err)
		}
		return &matcher{mode: MatchRegex, regex: re}, nil
	default:
		return nil, fmt.Errorf("unknown match mode %d", mode)
	}
}

func (m *matcher) match(s string) bool {
	switch m.mode {
	case MatchGlob:
		ok, _ := path.Match(m.glob, s)
		return ok
	case MatchRegex:
		return m.regex.MatchString(s)
	default:
		return false
	}
}

=== END ./browse.go ===
=== START ./bulk.go ===
package iec61850

import (
	"context"
	"fmt"

	"github.com/otfabric/go-mms"
)

// ReadResult holds the outcome of reading a single variable as part
// of a bulk read operation.
type ReadResult struct {
	// Ref is the reference that was read.
	Ref Ref

	// Value is the decoded value. Nil when Err is non-nil.
	Value *Value

	// Err is the per-item error, if any. When the MMS server
	// returns a per-variable DataAccessError, Err is set and
	// Value is nil.
	Err error
}

// WriteRequest specifies a single variable to write as part of a
// bulk write operation.
type WriteRequest struct {
	// Ref is the target reference. Must include LD, LN, FC,
	// and at least one path component.
	Ref Ref

	// Value is the MMS value to write.
	Value *mms.Value
}

// WriteResult holds the outcome of writing a single variable as part
// of a bulk write operation.
type WriteResult struct {
	// Ref is the reference that was written.
	Ref Ref

	// Success is true if the write was accepted by the server.
	Success bool

	// Err is the per-item error, if any.
	Err error
}

// HasDuplicateRefs reports whether the given ref slice contains
// duplicate entries (same LD/LN/Path/FC). Use this before
// [Client.ReadMultiple] or [Client.WriteMultiple] to detect
// accidental duplicates that the bulk APIs preserve by design.
func HasDuplicateRefs(refs []Ref) bool {
	seen := make(map[string]struct{}, len(refs))
	for _, r := range refs {
		key := r.String()
		if _, dup := seen[key]; dup {
			return true
		}
		seen[key] = struct{}{}
	}
	return false
}

// ReadMultiple reads multiple IEC 61850 data objects or data
// attributes in a single MMS request.
//
// Each ref must be an object reference (LD, LN, FC, and at least one
// path component). LN-level bulk reads are not supported; use
// [Client.Read] for those. Results are returned in the same order as
// the input refs.
//
// Duplicate refs are preserved: if the same ref appears multiple
// times, each occurrence produces a separate result at the
// corresponding index. The server may return identical or different
// values depending on timing.
//
// Per-item errors (e.g., object not found) are reported in
// [ReadResult.Err] as a [*DataAccessError] rather than failing the
// entire operation.
//
// Mixed-domain and mixed-FC reads are supported: refs may span
// different logical devices and functional constraints within a
// single call.
//
// If the MMS request itself fails (e.g., connection error), a
// non-nil error is returned and the result slice is nil.
func (c *Client) ReadMultiple(ctx context.Context, refs []Ref) ([]ReadResult, error) {
	if err := c.checkOpen(); err != nil {
		return nil, err
	}
	if len(refs) == 0 {
		return nil, nil
	}

	names := make([]mms.ObjectName, len(refs))
	for i, ref := range refs {
		if err := ref.Validate(); err != nil {
			return nil, fmt.Errorf("iec61850: read multiple: ref[%d] %s: %w", i, ref.String(), err)
		}
		if !ref.IsObject() {
			return nil, fmt.Errorf("iec61850: read multiple: ref[%d]: %w: object reference required (LD/LN/FC with data path)", i, ErrInvalidArgument)
		}
		if ref.FC == "" {
			return nil, fmt.Errorf("iec61850: read multiple: ref[%d]: %w: functional constraint required", i, ErrInvalidArgument)
		}

		domainID, itemID, err := ref.ToMMS()
		if err != nil {
			return nil, fmt.Errorf("iec61850: read multiple: ref[%d] %s: %w", i, ref.String(), err)
		}
		names[i] = mms.ObjectName{
			Scope:  mms.ObjectScopeDomain,
			Domain: domainID,
			ItemID: itemID,
		}
	}

	accessResults, err := c.mmsClient.ReadMultiple(ctx, names)
	if err != nil {
		return nil, fmt.Errorf("iec61850: read multiple: %w", err)
	}

	if len(accessResults) != len(refs) {
		return nil, fmt.Errorf("iec61850: read multiple: %w: response count mismatch: sent %d, got %d", ErrProtocol,
			len(refs), len(accessResults))
	}

	results := make([]ReadResult, len(refs))
	for i, ref := range refs {
		results[i].Ref = ref
		ar := accessResults[i]
		if ar.ErrorCode != 0 {
			results[i].Err = &DataAccessError{Ref: ref.String(), ErrorCode: int(ar.ErrorCode), Operation: "read"}
		} else if ar.Value == nil {
			results[i].Err = fmt.Errorf("iec61850: read %s: missing value in successful access result", ref.String())
		} else {
			results[i].Value = NewValue(ar.Value)
		}
	}

	c.logger.Debug("iec61850: read multiple", "count", len(refs))
	return results, nil
}

// WriteMultiple writes multiple IEC 61850 data attributes in a
// single MMS request.
//
// Each request must include a valid ref (LD, LN, FC, path) and a
// non-nil value. Results are returned in the same order as the
// input requests. Per-item errors are reported in [WriteResult.Err]
// as a [*DataAccessError].
//
// Duplicate refs are preserved: if the same ref appears multiple
// times, each write is sent in order. The final server-side value
// is the last successful write.
//
// Mixed-domain and mixed-FC writes are supported: requests may span
// different logical devices and functional constraints within a
// single call. Write order is preserved.
//
// If the MMS request itself fails, a non-nil error is returned and
// the result slice is nil.
func (c *Client) WriteMultiple(ctx context.Context, requests []WriteRequest) ([]WriteResult, error) {
	if err := c.checkOpen(); err != nil {
		return nil, err
	}
	if len(requests) == 0 {
		return nil, nil
	}

	specs := make([]mms.VariableSpec, len(requests))
	values := make([]*mms.Value, len(requests))

	for i, req := range requests {
		if err := req.Ref.Validate(); err != nil {
			return nil, fmt.Errorf("iec61850: write multiple: request[%d] %s: %w", i, req.Ref.String(), err)
		}
		if !req.Ref.IsObject() {
			return nil, fmt.Errorf("iec61850: write multiple: request[%d]: %w: object reference required", i, ErrInvalidArgument)
		}
		if req.Ref.FC == "" {
			return nil, fmt.Errorf("iec61850: write multiple: request[%d]: %w: functional constraint required", i, ErrInvalidArgument)
		}
		if req.Value == nil {
			return nil, fmt.Errorf("iec61850: write multiple: request[%d] %s: %w: nil value", i, req.Ref.String(), ErrInvalidArgument)
		}

		domainID, itemID, err := req.Ref.ToMMS()
		if err != nil {
			return nil, fmt.Errorf("iec61850: write multiple: request[%d] %s: %w", i, req.Ref.String(), err)
		}
		specs[i] = mms.VariableSpec{
			Name: mms.ObjectName{
				Scope:  mms.ObjectScopeDomain,
				Domain: domainID,
				ItemID: itemID,
			},
		}
		values[i] = req.Value
	}

	writeResults, err := c.mmsClient.WriteVariables(ctx, specs, values)
	if err != nil {
		return nil, fmt.Errorf("iec61850: write multiple: %w", err)
	}

	// go-mms WriteVariables validates response count and returns
	// exactly one result per input with sequential indices.
	if len(writeResults) != len(requests) {
		return nil, fmt.Errorf("iec61850: write multiple: %w: response count mismatch: sent %d, got %d", ErrProtocol,
			len(requests), len(writeResults))
	}

	results := make([]WriteResult, len(requests))
	for i, req := range requests {
		results[i].Ref = req.Ref
		results[i].Success = writeResults[i].Success
		if !writeResults[i].Success {
			results[i].Err = &DataAccessError{Ref: req.Ref.String(), ErrorCode: int(writeResults[i].ErrorCode), Operation: "write"}
		}
	}

	c.logger.Debug("iec61850: write multiple", "count", len(requests))
	return results, nil
}

=== END ./bulk.go ===
=== START ./cache.go ===
package iec61850

import (
	"context"
	"fmt"
	"sort"
	"sync"

	"github.com/otfabric/go-mms"
	"golang.org/x/sync/singleflight"
)

// modelCache stores cached browse/discovery results. All access is
// guarded by mu. A nil modelCache means caching is disabled.
type modelCache struct {
	mu       sync.RWMutex
	strategy CacheStrategy

	lds      []LogicalDevice
	ldsValid bool

	// itemsByLD maps LD name → flat list of MMS item IDs. This is
	// the raw material from which LNs, DOs, DAs, and trees are
	// derived.
	itemsByLD map[string][]string

	// parsedByLD maps LD name → parsed Ref slice derived from
	// itemsByLD. Populated lazily on first FindPaths call to avoid
	// re-parsing every MMS item ID on every search.
	parsedByLD map[string][]Ref

	// dsByLD maps LD name → cached dataset definitions.
	dsByLD map[string]map[string]*cachedDS

	// sflight deduplicates concurrent fetches for the same key.
	sflight singleflight.Group
}

type cachedDS struct {
	ds *DataSet
}

func newModelCache(strategy CacheStrategy) *modelCache {
	return &modelCache{
		strategy:   strategy,
		itemsByLD:  make(map[string][]string),
		parsedByLD: make(map[string][]Ref),
		dsByLD:     make(map[string]map[string]*cachedDS),
	}
}

// invalidateAll clears the entire cache.
func (mc *modelCache) invalidateAll() {
	mc.mu.Lock()
	defer mc.mu.Unlock()
	mc.lds = nil
	mc.ldsValid = false
	mc.itemsByLD = make(map[string][]string)
	mc.parsedByLD = make(map[string][]Ref)
	mc.dsByLD = make(map[string]map[string]*cachedDS)
}

// invalidateLD clears cached variable data (and parsed refs) for a
// single logical device. Dataset definitions for the LD are
// preserved — use [invalidateDS] to clear those separately.
func (mc *modelCache) invalidateLD(ld string) {
	mc.mu.Lock()
	defer mc.mu.Unlock()
	delete(mc.itemsByLD, ld)
	delete(mc.parsedByLD, ld)
}

// invalidateDS clears cached dataset definitions for an LD.
func (mc *modelCache) invalidateDS(ld string) {
	mc.mu.Lock()
	defer mc.mu.Unlock()
	delete(mc.dsByLD, ld)
}

// getDS returns a deep copy of a cached dataset definition if available.
func (mc *modelCache) getDS(ld, dsName string) (*DataSet, bool) {
	mc.mu.RLock()
	defer mc.mu.RUnlock()
	ldCache, ok := mc.dsByLD[ld]
	if !ok {
		return nil, false
	}
	entry, ok := ldCache[dsName]
	if !ok {
		return nil, false
	}
	return copyDataSet(entry.ds), true
}

// setDS stores a deep copy of a dataset definition in the cache.
func (mc *modelCache) setDS(ld, dsName string, ds *DataSet) {
	mc.mu.Lock()
	defer mc.mu.Unlock()
	if mc.dsByLD[ld] == nil {
		mc.dsByLD[ld] = make(map[string]*cachedDS)
	}
	mc.dsByLD[ld][dsName] = &cachedDS{ds: copyDataSet(ds)}
}

func copyDataSet(ds *DataSet) *DataSet {
	cp := &DataSet{
		Reference: ds.Reference,
		Deletable: ds.Deletable,
	}
	if len(ds.Members) > 0 {
		cp.Members = make([]DataSetMember, len(ds.Members))
		for i, m := range ds.Members {
			cp.Members[i] = m
			if len(m.Ref.Path) > 0 {
				cp.Members[i].Ref.Path = append([]string(nil), m.Ref.Path...)
			}
		}
	}
	return cp
}

// getLDs returns cached LDs if valid, otherwise (nil, false).
func (mc *modelCache) getLDs() ([]LogicalDevice, bool) {
	mc.mu.RLock()
	defer mc.mu.RUnlock()
	if mc.ldsValid {
		cp := make([]LogicalDevice, len(mc.lds))
		copy(cp, mc.lds)
		return cp, true
	}
	return nil, false
}

// setLDs stores the LD list in the cache, pre-sorted by name so
// callers never pay a per-call sort cost.
func (mc *modelCache) setLDs(lds []LogicalDevice) {
	mc.mu.Lock()
	defer mc.mu.Unlock()
	cp := make([]LogicalDevice, len(lds))
	copy(cp, lds)
	sort.Slice(cp, func(i, j int) bool { return cp[i].Name < cp[j].Name })
	mc.lds = cp
	mc.ldsValid = true
}

// getParsedRefs returns cached parsed Refs for an LD if available.
func (mc *modelCache) getParsedRefs(ld string) ([]Ref, bool) {
	mc.mu.RLock()
	defer mc.mu.RUnlock()
	refs, ok := mc.parsedByLD[ld]
	return refs, ok
}

// setParsedRefs stores parsed Refs for an LD.
func (mc *modelCache) setParsedRefs(ld string, refs []Ref) {
	mc.mu.Lock()
	defer mc.mu.Unlock()
	mc.parsedByLD[ld] = refs
}

// getItems returns cached MMS items for an LD if available.
func (mc *modelCache) getItems(ld string) ([]string, bool) {
	mc.mu.RLock()
	defer mc.mu.RUnlock()
	items, ok := mc.itemsByLD[ld]
	if !ok {
		return nil, false
	}
	cp := make([]string, len(items))
	copy(cp, items)
	return cp, true
}

// setItems stores the MMS items for an LD.
func (mc *modelCache) setItems(ld string, items []string) {
	mc.mu.Lock()
	defer mc.mu.Unlock()
	cp := make([]string, len(items))
	copy(cp, items)
	mc.itemsByLD[ld] = cp
}

// cachedLDs returns LDs from cache or fetches from server, respecting
// the cache strategy. Concurrent callers for the same key are
// coalesced via singleflight to avoid redundant network round trips.
//
// CacheLazy: auto-populates cache on first access.
// CacheExplicit: only returns cached data; if not populated, fetches
// from server but does NOT store in cache (use RefreshCache to
// populate).
func (c *Client) cachedLDs(ctx context.Context) ([]LogicalDevice, error) {
	if c.cache != nil {
		if lds, ok := c.cache.getLDs(); ok {
			return lds, nil
		}
	}

	if c.cache != nil {
		v, err, _ := c.cache.sflight.Do("_lds", func() (interface{}, error) {
			return c.doFetchLDs(ctx)
		})
		if err != nil {
			return nil, err
		}
		lds := v.([]LogicalDevice)
		if c.cache.strategy == CacheLazy {
			c.cache.setLDs(lds)
		}
		return lds, nil
	}

	return c.doFetchLDs(ctx)
}

// cachedItems returns MMS item IDs for an LD from cache or fetches
// from server. Concurrent callers for the same LD are coalesced
// via singleflight to avoid redundant network round trips.
//
// CacheLazy: auto-populates cache on first access.
// CacheExplicit: only returns cached data; if not populated, fetches
// from server but does NOT store in cache.
func (c *Client) cachedItems(ctx context.Context, ld string) ([]string, error) {
	if c.cache != nil {
		if items, ok := c.cache.getItems(ld); ok {
			return items, nil
		}
	}

	if c.cache != nil {
		v, err, _ := c.cache.sflight.Do("items:"+ld, func() (interface{}, error) {
			return c.doFetchItems(ctx, ld)
		})
		if err != nil {
			return nil, err
		}
		items := v.([]string)
		if c.cache.strategy == CacheLazy {
			c.cache.setItems(ld, items)
		}
		return items, nil
	}

	return c.doFetchItems(ctx, ld)
}

func (c *Client) doFetchLDs(ctx context.Context) ([]LogicalDevice, error) {
	if c.fetchLDsFn != nil {
		return c.fetchLDsFn(ctx)
	}
	return c.fetchLDs(ctx)
}

func (c *Client) doFetchItems(ctx context.Context, ld string) ([]string, error) {
	if c.fetchItemsFn != nil {
		return c.fetchItemsFn(ctx, ld)
	}
	return c.fetchItems(ctx, ld)
}

// fetchLDs fetches logical devices from the server (bypasses cache).
// Results are pre-sorted by name.
func (c *Client) fetchLDs(ctx context.Context) ([]LogicalDevice, error) {
	names, err := c.mmsClient.GetNameListAll(ctx, mms.NameListRequest{
		ObjectClass: mms.ObjectClassDomain,
		Scope:       mms.ObjectScopeVMD,
	})
	if err != nil {
		return nil, fmt.Errorf("iec61850: list logical devices: %w", err)
	}

	sort.Strings(names)

	devices := make([]LogicalDevice, len(names))
	for i, name := range names {
		devices[i] = LogicalDevice{Name: name}
	}
	return devices, nil
}

// fetchItems fetches MMS item IDs for an LD from the server (bypasses
// cache).
func (c *Client) fetchItems(ctx context.Context, ld string) ([]string, error) {
	items, err := c.mmsClient.GetNameListAll(ctx, mms.NameListRequest{
		ObjectClass: mms.ObjectClassNamedVariable,
		Scope:       mms.ObjectScopeDomain,
		DomainID:    mms.DomainID(ld),
	})
	if err != nil {
		return nil, fmt.Errorf("iec61850: list variables in %q: %w", ld, err)
	}
	return items, nil
}

// RefreshCache re-fetches all cached model data from the server.
// This is a no-op when caching is disabled ([CacheNone]).
//
// Use this after server model changes to ensure the client sees
// the latest structure. The cache is rebuilt atomically: on failure,
// the previous cache state is preserved.
func (c *Client) RefreshCache(ctx context.Context) error {
	if c.cache == nil {
		return nil
	}
	if err := c.checkOpen(); err != nil {
		return err
	}

	// Build a fresh snapshot before swapping into the cache, so a
	// mid-refresh failure does not leave partially rebuilt data.
	lds, err := c.doFetchLDs(ctx)
	if err != nil {
		return err
	}

	itemsByLD := make(map[string][]string, len(lds))
	for _, ld := range lds {
		items, err := c.doFetchItems(ctx, ld.Name)
		if err != nil {
			return fmt.Errorf("iec61850: refresh cache for %q: %w", ld.Name, err)
		}
		itemsByLD[ld.Name] = items
	}

	// Swap atomically
	c.cache.mu.Lock()
	c.cache.lds = make([]LogicalDevice, len(lds))
	copy(c.cache.lds, lds)
	c.cache.ldsValid = true
	c.cache.itemsByLD = itemsByLD
	c.cache.dsByLD = make(map[string]map[string]*cachedDS)
	c.cache.mu.Unlock()

	c.logger.Debug("iec61850: cache refreshed", "devices", len(lds))
	return nil
}

// RefreshLDCache re-fetches cached variable data for a single
// logical device. This is a no-op when caching is disabled
// ([CacheNone]).
//
// Only the per-LD variable list is refreshed; the global logical
// device list is not modified. If the LD was added or removed on
// the server, call [Client.RefreshCache] instead to refresh both.
//
// Note: this refreshes the per-LD variable list but does not
// touch cached dataset definitions. Call [Client.InvalidateLDCache]
// to clear both variable and dataset caches, or use
// [modelCache.invalidateDS] for dataset-only invalidation.
func (c *Client) RefreshLDCache(ctx context.Context, ld string) error {
	if c.cache == nil {
		return nil
	}
	if err := c.checkOpen(); err != nil {
		return err
	}
	if ld == "" {
		return &ReferenceError{Input: ld, Reason: "empty logical device name"}
	}

	items, err := c.doFetchItems(ctx, ld)
	if err != nil {
		return err
	}
	c.cache.invalidateLD(ld)
	c.cache.setItems(ld, items)

	c.logger.Debug("iec61850: LD cache refreshed", "ld", ld)
	return nil
}

// InvalidateCache clears all cached model data without re-fetching.
// Subsequent browse calls will fetch fresh data from the server.
// This is a no-op when caching is disabled ([CacheNone]).
func (c *Client) InvalidateCache() {
	if c.cache == nil {
		return
	}
	c.cache.invalidateAll()
	c.logger.Debug("iec61850: cache invalidated")
}

// InvalidateLDCache clears cached variable data and dataset
// definitions for a single logical device. This is a no-op when
// caching is disabled ([CacheNone]).
func (c *Client) InvalidateLDCache(ld string) {
	if c.cache == nil {
		return
	}
	c.cache.invalidateLD(ld)
	c.cache.invalidateDS(ld)
	c.logger.Debug("iec61850: LD cache invalidated", "ld", ld)
}

=== END ./cache.go ===
=== START ./client.go ===
package iec61850

import (
	"context"
	"fmt"
	"log/slog"
	"sync"

	"github.com/otfabric/go-mms"
	"github.com/otfabric/go-mms/transport/iso"
)

// Client is an IEC 61850 MMS client that wraps [mms.Client] with
// IEC 61850 semantics.
//
// A Client is created via [Dial] (which establishes a new connection)
// or [NewClient] (which wraps an existing [mms.Client]).
//
// Close is idempotent: calling it multiple times is safe.
//
// Concurrency: the Client is safe for concurrent use from multiple
// goroutines. It synchronizes its own state (cache, subscriptions,
// segmented report buffers, connection lifecycle) and delegates MMS
// wire-level concurrency to the underlying [mms.Client].
type Client struct {
	mu     sync.RWMutex
	closed bool
	logger *slog.Logger
	opts   ClientOptions
	cache  *modelCache // nil when CacheNone

	mmsClient  *mms.Client
	ownsClient bool // true when created via Dial (we close the MMS client)

	reportOnce sync.Once
	reportMu   sync.RWMutex
	reportSubs map[string][]*ReportSubscription

	// Test hooks for intercepting fetch calls (unexported, test-only).
	fetchLDsFn   func(ctx context.Context) ([]LogicalDevice, error)
	fetchItemsFn func(ctx context.Context, ld string) ([]string, error)
}

// Dial establishes a new IEC 61850 MMS connection to the specified
// address (host:port).
//
// The context controls the connection timeout. The caller must call
// [Client.Close] when done.
func Dial(ctx context.Context, addr string, opts DialOptions) (*Client, error) {
	logger := opts.Logger
	if logger == nil {
		logger = discardLogger()
	}

	logger.Info("iec61850: dialing", "addr", addr)

	mmsClient, err := iso.Dial(ctx, addr,
		iso.WithClientDialOptions(opts.MMS),
	)
	if err != nil {
		return nil, fmt.Errorf("iec61850: dial %s: %w", addr, err)
	}

	if mmsClient == nil {
		return nil, fmt.Errorf("iec61850: dial %s: transport returned nil client", addr)
	}

	copts := ClientOptions{
		Logger:     opts.Logger,
		Strictness: opts.Strictness,
		Cache:      opts.Cache,
	}
	var cache *modelCache
	if copts.Cache != CacheNone {
		cache = newModelCache(copts.Cache)
	}

	c := &Client{
		logger:     logger,
		mmsClient:  mmsClient,
		ownsClient: true,
		opts:       copts,
		cache:      cache,
	}

	logger.Info("iec61850: connected", "addr", addr)
	return c, nil
}

// NewClient creates an IEC 61850 client wrapping an already-created
// [mms.Client]. The caller retains ownership of the MMS client and
// is responsible for closing it separately.
//
// Returns an error if mmsClient is nil.
//
// Use this when you need custom MMS connection setup or want to share
// a single MMS client across layers.
func NewClient(mmsClient *mms.Client, opts ClientOptions) (*Client, error) {
	if mmsClient == nil {
		return nil, fmt.Errorf("iec61850: new client: nil mms client")
	}

	logger := opts.Logger
	if logger == nil {
		logger = discardLogger()
	}

	var cache *modelCache
	if opts.Cache != CacheNone {
		cache = newModelCache(opts.Cache)
	}

	return &Client{
		logger:     logger,
		mmsClient:  mmsClient,
		ownsClient: false,
		opts:       opts,
		cache:      cache,
	}, nil
}

// Close gracefully shuts down the IEC 61850 client.
//
// If the client was created via [Dial], Close also closes the
// underlying MMS connection. If created via [NewClient], the caller
// is responsible for closing the MMS client.
//
// Close is idempotent.
// Close performs a graceful shutdown of the IEC 61850 client.
//
// The client is marked closed before subscription cleanup runs.
// This means remote cleanup errors during shutdown (e.g., from
// RCB disable/release on a connection that is being torn down)
// are logged at Debug level rather than Warn. This is intentional:
// the connection may already be half-closed by the time cleanup
// runs, and noisy failure logs during normal shutdown are unhelpful.
//
// Close is idempotent.
func (c *Client) Close(ctx context.Context) error {
	c.mu.Lock()
	if c.closed {
		c.mu.Unlock()
		return nil
	}
	c.closed = true
	c.mu.Unlock()

	c.logger.Info("iec61850: closing")

	c.closeAllSubscriptions()

	if c.ownsClient && c.mmsClient != nil {
		return c.mmsClient.Close(ctx)
	}
	return nil
}

// Abort performs a hard, immediate abort of the connection without
// graceful shutdown. Use this for emergency teardown or protocol
// desync recovery.
//
// If the client was created via [NewClient], Abort only marks the
// IEC 61850 layer as closed without aborting the MMS client.
//
// Abort is idempotent.
func (c *Client) Abort(ctx context.Context) error {
	c.mu.Lock()
	if c.closed {
		c.mu.Unlock()
		return nil
	}
	c.closed = true
	c.mu.Unlock()

	c.logger.Info("iec61850: aborting")

	c.closeAllSubscriptions()

	if c.ownsClient && c.mmsClient != nil {
		return c.mmsClient.Abort(ctx)
	}
	return nil
}

// checkOpen returns [ErrClosed] if the client has been closed or aborted.
func (c *Client) checkOpen() error {
	c.mu.RLock()
	defer c.mu.RUnlock()
	if c.closed {
		return ErrClosed
	}
	return nil
}

// closeAllSubscriptions closes all active report subscriptions via
// their Close method, ensuring remote cleanup (disable RCB, release
// URCB) runs for subscriptions that used lifecycle options.
//
// The dispatch table is nilled out first so that unregisterSubscription
// inside sub.Close() is a safe no-op.
func (c *Client) closeAllSubscriptions() {
	c.reportMu.Lock()
	subs := c.reportSubs
	c.reportSubs = nil
	c.reportMu.Unlock()

	for _, group := range subs {
		for _, sub := range group {
			_ = sub.Close()
		}
	}
}

// MMS returns the underlying [mms.Client] for advanced escape-hatch
// operations.
//
// The returned pointer is shared with the Client — it is not a copy.
// Callers must observe the following rules:
//
//   - Do not call Close or Abort on the returned client when the
//     [Client] was created via [Dial] (the IEC 61850 layer owns it).
//   - After [Client.Close] or [Client.Abort], the returned MMS client
//     follows the underlying go-mms closed semantics (all calls return
//     [mms.ErrClosed]).
//   - Bypassing the IEC 61850 layer (e.g., sending raw MMS writes)
//     can violate higher-level invariants such as report subscription
//     state.
//
// Most users should not need this method.
func (c *Client) MMS() *mms.Client {
	return c.mmsClient
}

=== END ./client.go ===
=== START ./control.go ===
package iec61850

import (
	"context"
	"fmt"
	"sync/atomic"

	"github.com/otfabric/go-mms"
)

// ctlNumCounter is a process-wide auto-incrementing counter for
// control sequence numbers. It is used when the caller does not
// provide an explicit CtlNum.
//
// This counter is shared across all clients and sessions in the
// process. It provides best-effort local uniqueness for convenience
// but is NOT a protocol-level or session-scoped guarantee. Under
// long runtimes the uint8 range will wrap around (every 255
// increments). Callers requiring strict ctlNum management should set
// OperateParams.CtlNum explicitly.
var ctlNumCounter uint32

func nextCtlNum() uint8 {
	n := atomic.AddUint32(&ctlNumCounter, 1)
	return uint8(n)
}

// Operate performs a direct-operate control command on the specified
// data object.
//
// The ref identifies the controllable data object (e.g.
// "LD/LN.SPCSO1"). It must include LD and LN with a data-object
// path but must NOT include FC — the library writes to CO/Oper
// automatically.
//
// For SBO control models, use [Client.Select] or
// [Client.SelectWithValue] before calling Operate.
//
// If params.CtlNum is zero, an auto-incrementing sequence number
// is used. If params.Origin is nil, a default Origin with
// [OrCatRemoteControl] is used.
func (c *Client) Operate(ctx context.Context, ref Ref, params OperateParams) error {
	if err := c.checkOpen(); err != nil {
		return err
	}
	if err := validateControlRef(ref); err != nil {
		return err
	}
	if params.CtlVal == nil {
		return fmt.Errorf("iec61850: operate %s: %w: nil CtlVal", ref.String(), ErrInvalidArgument)
	}
	if params.CtlNum == 0 {
		params.CtlNum = nextCtlNum()
	}

	operRef := controlSubRef(ref, "Oper")
	operVal := buildOper(params)

	if err := c.writeControlValue(ctx, operRef, operVal); err != nil {
		return &ControlError{
			Ref:       ref.String(),
			Operation: "operate",
			Wrapped:   err,
		}
	}

	c.logger.Debug("iec61850: operate", "ref", ref.String(), "ctlNum", params.CtlNum)
	return nil
}

// Select performs a select-before-operate (SBO) select command.
//
// This is used with [CtlModelSBONormal]. The server returns the
// selected object reference on success. The client must then call
// [Client.Operate] within the server's select timeout.
//
// For enhanced security SBO ([CtlModelSBOEnhanced]), use
// [Client.SelectWithValue] instead.
//
// # Interoperability note
//
// The SBO decode path assumes the server returns a VisibleString from
// a normal MMS read on the SBO subattribute. An empty string is
// interpreted as "select denied". This matches IEC 61850-8-1 § 22.2
// for normal-security SBO but behaviour may vary across devices.
// Validate against your target devices before relying on this in
// production.
func (c *Client) Select(ctx context.Context, ref Ref) (string, error) {
	if err := c.checkOpen(); err != nil {
		return "", err
	}
	if err := validateControlRef(ref); err != nil {
		return "", err
	}

	sboRef := controlSubRef(ref, "SBO")
	domainID, itemID, err := sboRef.ToMMS()
	if err != nil {
		return "", &ControlError{Ref: ref.String(), Operation: "select", Wrapped: err}
	}

	result, err := c.mmsClient.Read(ctx, mms.ReadRequest{
		DomainID: domainID,
		ItemID:   itemID,
	})
	if err != nil {
		return "", &ControlError{Ref: ref.String(), Operation: "select", Wrapped: err}
	}

	if result == nil || result.Value == nil {
		return "", &ControlError{
			Ref:       ref.String(),
			Operation: "select",
			Wrapped:   fmt.Errorf("empty response from server"),
		}
	}

	selected, ok := result.Value.VisibleString()
	if !ok {
		return "", &ControlError{
			Ref:       ref.String(),
			Operation: "select",
			Wrapped:   fmt.Errorf("unexpected SBO response type: %s", result.Value.Type()),
		}
	}
	if selected == "" {
		return "", &ControlError{
			Ref:       ref.String(),
			Operation: "select",
			Wrapped:   fmt.Errorf("server returned empty SBO string (select denied)"),
		}
	}

	c.logger.Debug("iec61850: select", "ref", ref.String(), "selected", selected)
	return selected, nil
}

// SelectWithValue performs a select-before-operate with enhanced
// security (SBOw) by writing the full Oper structure to the SBOw
// subattribute.
//
// This is used with [CtlModelSBOEnhanced]. On success the select
// is held by the server; the client must then call [Client.Operate]
// with the same parameters within the server's select timeout.
func (c *Client) SelectWithValue(ctx context.Context, ref Ref, params OperateParams) error {
	if err := c.checkOpen(); err != nil {
		return err
	}
	if err := validateControlRef(ref); err != nil {
		return err
	}
	if params.CtlVal == nil {
		return fmt.Errorf("iec61850: select-with-value %s: %w: nil CtlVal", ref.String(), ErrInvalidArgument)
	}
	if params.CtlNum == 0 {
		params.CtlNum = nextCtlNum()
	}

	sbowRef := controlSubRef(ref, "SBOw")
	operVal := buildOper(params)

	if err := c.writeControlValue(ctx, sbowRef, operVal); err != nil {
		return &ControlError{
			Ref:       ref.String(),
			Operation: "select",
			Wrapped:   err,
		}
	}

	c.logger.Debug("iec61850: select-with-value", "ref", ref.String(), "ctlNum", params.CtlNum)
	return nil
}

// Cancel sends a cancel command for a previously selected control.
//
// The CancelParams should match the CtlVal, Origin, and CtlNum of
// the original Operate or SelectWithValue.
func (c *Client) Cancel(ctx context.Context, ref Ref, params CancelParams) error {
	if err := c.checkOpen(); err != nil {
		return err
	}
	if err := validateControlRef(ref); err != nil {
		return err
	}
	if params.CtlVal == nil {
		return fmt.Errorf("iec61850: cancel %s: %w: nil CtlVal", ref.String(), ErrInvalidArgument)
	}

	cancelRef := controlSubRef(ref, "Cancel")
	cancelVal := buildCancel(params)

	if err := c.writeControlValue(ctx, cancelRef, cancelVal); err != nil {
		return &ControlError{
			Ref:       ref.String(),
			Operation: "cancel",
			Wrapped:   err,
		}
	}

	c.logger.Debug("iec61850: cancel", "ref", ref.String(), "ctlNum", params.CtlNum)
	return nil
}

// ReadCtlModel reads the ctlModel attribute of a controllable data
// object. This determines which control flow (direct, SBO, enhanced)
// should be used.
//
// The ref identifies the data object (e.g. "LD/LN.SPCSO1") without
// FC — the library reads from CF/ctlModel automatically.
func (c *Client) ReadCtlModel(ctx context.Context, ref Ref) (CtlModel, error) {
	if err := c.checkOpen(); err != nil {
		return 0, err
	}
	if err := validateControlRef(ref); err != nil {
		return 0, err
	}

	ctlModelRef := Ref{
		LD:   ref.LD,
		LN:   ref.LN,
		Path: append(append([]string(nil), ref.Path...), "ctlModel"),
		FC:   FCCF,
	}

	val, err := c.ReadRaw(ctx, ctlModelRef)
	if err != nil {
		return 0, fmt.Errorf("iec61850: read ctlModel %s: %w", ref.String(), err)
	}

	i, ok := val.Int32()
	if !ok {
		return 0, fmt.Errorf("iec61850: read ctlModel %s: unexpected type %s", ref.String(), val.Type())
	}

	return CtlModel(i), nil
}

// ReadLastApplError reads and decodes the LastApplError from the
// logical node containing the given control object.
//
// LastApplError is a structured attribute under the LN at FC=CO
// that provides the reason for the most recent control failure.
// Returns nil (no error value) if the attribute is not present
// or cannot be decoded.
func (c *Client) ReadLastApplError(ctx context.Context, ref Ref) (*LastApplError, error) {
	if err := c.checkOpen(); err != nil {
		return nil, err
	}

	laeRef := Ref{
		LD:   ref.LD,
		LN:   ref.LN,
		Path: []string{"LastApplError"},
		FC:   FCCO,
	}

	raw, err := c.ReadRaw(ctx, laeRef)
	if err != nil {
		return nil, fmt.Errorf("iec61850: read LastApplError %s: %w", ref.String(), err)
	}

	return decodeLastApplError(raw)
}

// decodeLastApplError decodes an MMS structure into a LastApplError.
// LastApplError ::= SEQUENCE { CntrlObj, Error, Origin, AddCause }
//
// The decode is strict: each member must be present and have the
// expected type. Malformed payloads return an error rather than a
// partially filled struct, because a diagnostic API that silently
// accepts broken responses can make invalid data look valid.
func decodeLastApplError(v *mms.Value) (*LastApplError, error) {
	members, ok := v.Structure()
	if !ok || len(members) < 4 {
		return nil, fmt.Errorf("iec61850: LastApplError: expected structure with >=4 members, got %s", v.Type())
	}

	lae := &LastApplError{}

	s, ok := members[0].VisibleString()
	if !ok {
		return nil, fmt.Errorf("iec61850: LastApplError: CntrlObj: expected VisibleString, got %s", members[0].Type())
	}
	lae.CntrlObj = s

	errVal, ok := members[1].Int32()
	if !ok {
		return nil, fmt.Errorf("iec61850: LastApplError: Error: expected integer, got %s", members[1].Type())
	}
	lae.Error = int(errVal)

	originMembers, ok := members[2].Structure()
	if !ok || len(originMembers) < 2 {
		return nil, fmt.Errorf("iec61850: LastApplError: Origin: expected structure with >=2 members, got %s", members[2].Type())
	}
	cat, ok := originMembers[0].Int32()
	if !ok {
		return nil, fmt.Errorf("iec61850: LastApplError: Origin.OrCat: expected integer, got %s", originMembers[0].Type())
	}
	lae.Origin.OrCat = OrCat(cat)
	ident, ok := originMembers[1].OctetString()
	if !ok {
		return nil, fmt.Errorf("iec61850: LastApplError: Origin.OrIdent: expected OctetString, got %s", originMembers[1].Type())
	}
	lae.Origin.OrIdent = ident

	cause, ok := members[3].Int32()
	if !ok {
		return nil, fmt.Errorf("iec61850: LastApplError: AddCause: expected integer, got %s", members[3].Type())
	}
	lae.AddCause = AddCause(cause)

	return lae, nil
}

// validateControlRef checks that a ref is suitable for control
// operations: must have LD, LN, and at least one path component,
// and must NOT have FC pre-set (the library manages FC).
func validateControlRef(ref Ref) error {
	if ref.LD == "" {
		return fmt.Errorf("iec61850: control: %w: empty logical device", ErrInvalidArgument)
	}
	if ref.LN == "" {
		return fmt.Errorf("iec61850: control: %w: empty logical node", ErrInvalidArgument)
	}
	if len(ref.Path) == 0 {
		return fmt.Errorf("iec61850: control: %w: data object path required (e.g. LD/LN.SPCSO1)", ErrInvalidArgument)
	}
	if ref.FC != "" {
		return fmt.Errorf("iec61850: control: %w: FC must not be set — the library manages CO paths automatically", ErrInvalidArgument)
	}
	return nil
}

// controlSubRef creates a Ref for a control sub-attribute (Oper,
// SBO, SBOw, Cancel) under the given data object.
func controlSubRef(ref Ref, subAttr string) Ref {
	return Ref{
		LD:   ref.LD,
		LN:   ref.LN,
		Path: append(append([]string(nil), ref.Path...), subAttr),
		FC:   FCCO,
	}
}

// writeControlValue writes an MMS structure to a control sub-attribute.
func (c *Client) writeControlValue(ctx context.Context, ref Ref, value *mms.Value) error {
	domainID, itemID, err := ref.ToMMS()
	if err != nil {
		return err
	}

	_, err = c.mmsClient.Write(ctx, mms.WriteRequest{
		DomainID: domainID,
		ItemID:   itemID,
		Value:    value,
	})
	return err
}

=== END ./control.go ===
=== START ./control_server.go ===
package iec61850

import (
	"context"
	"fmt"
	"strings"
	"sync"
	"time"

	"github.com/otfabric/go-mms"

	"github.com/otfabric/go-iec61850/internal/servermodel"
)

// ControlHandler defines the server-side callbacks for a controllable
// data object. Implement the methods relevant to the control model;
// unset (nil) handlers use default accept/reject behavior.
//
// All handler methods receive a context from the MMS layer and a
// [ControlRequest] describing the command.
type ControlHandler struct {
	// OnSelect is called when a client issues a Select (SBO) or
	// SelectWithValue (SBOw) request. Return nil to accept the
	// select, or an error (preferably wrapping [ErrSelectFailed]
	// with an [AddCause]) to deny it.
	//
	// If nil, selects are accepted unconditionally.
	OnSelect func(ctx context.Context, req ControlRequest) error

	// OnOperate is called when a client issues an Operate request.
	// Return nil to accept the operate, or an error (preferably
	// wrapping [ErrOperateFailed] with an [AddCause]) to deny it.
	//
	// If nil, operates are accepted unconditionally and the value
	// is written to the ValueStore.
	OnOperate func(ctx context.Context, req ControlRequest) error

	// OnCancel is called when a client issues a Cancel request.
	// Return nil to accept the cancellation, or an error to deny.
	//
	// If nil, cancels are accepted unconditionally.
	OnCancel func(ctx context.Context, req ControlRequest) error
}

// ControlRequest contains the decoded parameters from a client
// control command (Operate, Select, or Cancel).
type ControlRequest struct {
	// Ref is the IEC 61850 object reference of the controlled object.
	Ref string

	// Operation is "operate", "select", or "cancel".
	Operation string

	// CtlVal is the control value.
	CtlVal *mms.Value

	// Origin is the command originator.
	Origin Origin

	// CtlNum is the control sequence number.
	CtlNum uint8

	// OperTm is the scheduled operation time (zero for immediate).
	OperTm time.Time

	// Test indicates whether this is a test command.
	Test bool

	// Check contains synchrocheck/interlockCheck bits.
	Check CheckConditions
}

// controlRegistration holds a registered control handler and its
// associated SBO state for a single controllable data object.
type controlRegistration struct {
	handler  ControlHandler
	ctlModel CtlModel

	mu           sync.Mutex
	selectOwner  string // originator ident (serialized) that holds the select
	selectTime   time.Time
	selectCtlNum uint8
}

// selectTimeout is the default select timeout for SBO operations.
const selectTimeout = 30 * time.Second

// RegisterControl registers a [ControlHandler] for the controllable
// data object identified by ldName and doRef (e.g. "GGIO1.SPCSO1").
// The ctlModel determines the expected control flow.
//
// The handler callbacks are invoked from within the MMS write path
// when a client writes to the Oper, SBO, SBOw, or Cancel subattributes.
func (s *Server) RegisterControl(ldName, doRef string, ctlModel CtlModel, handler ControlHandler) error {
	if ldName == "" || doRef == "" {
		return fmt.Errorf("iec61850: register control: %w: empty ldName or doRef", ErrInvalidArgument)
	}
	if !ctlModel.IsControllable() {
		return fmt.Errorf("iec61850: register control %s/%s: %w: status-only model", ldName, doRef, ErrNotControllable)
	}

	s.controlMu.Lock()
	defer s.controlMu.Unlock()

	key := ldName + "/" + doRef
	if _, exists := s.controls[key]; exists {
		return fmt.Errorf("iec61850: register control: %w: already registered: %s", ErrInvalidArgument, key)
	}

	reg := &controlRegistration{
		handler:  handler,
		ctlModel: ctlModel,
	}
	s.controls[key] = reg

	s.logger.Debug("iec61850: control registered",
		"ld", ldName, "do", doRef, "ctlModel", ctlModel)

	return nil
}

// handleControlWrite is the server-side dispatch for control writes.
// It parses the MMS structure, looks up the handler, and executes
// the appropriate control flow.
func (s *Server) handleControlWrite(ctx context.Context, ldName, lnName string, path []string, subAttr string, val *mms.Value) error { //nolint:unparam // ldName varies at runtime; tests only exercise one LD
	doPath := pathWithoutSuffix(path, subAttr)
	doRef := lnName + "." + joinDotPath(doPath)
	key := ldName + "/" + doRef

	s.controlMu.RLock()
	reg, ok := s.controls[key]
	s.controlMu.RUnlock()

	if !ok {
		return nil
	}

	ref := ldName + "/" + doRef
	req, err := decodeControlRequest(ref, subAttr, val)
	if err != nil {
		return fmt.Errorf("iec61850: control %s: decode: %w", ref, err)
	}

	switch subAttr {
	case "Oper":
		return s.executeOperate(ctx, reg, req)
	case "SBO":
		return s.executeSelect(ctx, reg, req)
	case "SBOw":
		return s.executeSelectWithValue(ctx, reg, req)
	case "Cancel":
		return s.executeCancel(ctx, reg, req)
	default:
		return nil
	}
}

func (s *Server) executeOperate(ctx context.Context, reg *controlRegistration, req ControlRequest) error {
	if reg.ctlModel.IsSBO() {
		reg.mu.Lock()
		ownerKey := fmt.Sprintf("%d:%x", req.Origin.OrCat, req.Origin.OrIdent)
		currentOwner := reg.selectOwner
		selectTime := reg.selectTime
		selectCtlNum := reg.selectCtlNum

		if currentOwner == "" || time.Since(selectTime) > selectTimeout {
			reg.mu.Unlock()
			s.logger.Warn("iec61850: operate denied: no active select", "ref", req.Ref)
			return &ControlError{
				Ref:       req.Ref,
				Operation: "operate",
				AddCause:  AddCauseSelectFailed,
				Wrapped:   ErrOperateFailed,
			}
		}
		if currentOwner != ownerKey {
			reg.mu.Unlock()
			s.logger.Warn("iec61850: operate denied: owner mismatch",
				"ref", req.Ref, "selectOwner", currentOwner, "operateOwner", ownerKey)
			return &ControlError{
				Ref:       req.Ref,
				Operation: "operate",
				AddCause:  AddCauseSelectFailed,
				Wrapped:   ErrOperateFailed,
			}
		}
		if reg.ctlModel.IsEnhanced() && selectCtlNum != req.CtlNum {
			reg.mu.Unlock()
			s.logger.Warn("iec61850: operate denied: ctlNum mismatch",
				"ref", req.Ref, "selectCtlNum", selectCtlNum, "operateCtlNum", req.CtlNum)
			return &ControlError{
				Ref:       req.Ref,
				Operation: "operate",
				AddCause:  AddCauseSelectFailed,
				Wrapped:   ErrOperateFailed,
			}
		}
		reg.selectOwner = ""
		reg.mu.Unlock()
	}

	if reg.handler.OnOperate != nil {
		if err := reg.handler.OnOperate(ctx, req); err != nil {
			return err
		}
		return nil
	}

	// Default: write CtlVal to ValueStore if no handler is set.
	if req.CtlVal != nil && s.store != nil {
		storeKey := s.controlStoreKey(req.Ref)
		if storeKey != "" {
			s.SetValue(ctx, storeKey, req.CtlVal)
		}
	}
	return nil
}

func (s *Server) executeSelect(ctx context.Context, reg *controlRegistration, req ControlRequest) error {
	if !reg.ctlModel.IsSBO() {
		return &ControlError{
			Ref:       req.Ref,
			Operation: "select",
			Wrapped:   fmt.Errorf("ctlModel %s does not support SBO", reg.ctlModel),
		}
	}

	if reg.handler.OnSelect != nil {
		if err := reg.handler.OnSelect(ctx, req); err != nil {
			return err
		}
	}

	reg.mu.Lock()
	reg.selectOwner = fmt.Sprintf("%d:%x", req.Origin.OrCat, req.Origin.OrIdent)
	reg.selectTime = time.Now()
	reg.selectCtlNum = req.CtlNum
	reg.mu.Unlock()

	return nil
}

func (s *Server) executeSelectWithValue(ctx context.Context, reg *controlRegistration, req ControlRequest) error {
	if !reg.ctlModel.IsEnhanced() {
		return &ControlError{
			Ref:       req.Ref,
			Operation: "select",
			Wrapped:   fmt.Errorf("ctlModel %s does not support SBOw (use SBO)", reg.ctlModel),
		}
	}
	return s.executeSelect(ctx, reg, req)
}

func (s *Server) executeCancel(ctx context.Context, reg *controlRegistration, req ControlRequest) error {
	if reg.handler.OnCancel != nil {
		if err := reg.handler.OnCancel(ctx, req); err != nil {
			return err
		}
	}

	reg.mu.Lock()
	reg.selectOwner = ""
	reg.mu.Unlock()

	return nil
}

// decodeControlRequest decodes an MMS structure into a ControlRequest.
func decodeControlRequest(ref, operation string, val *mms.Value) (ControlRequest, error) {
	members, ok := val.Structure()
	if !ok {
		return ControlRequest{}, fmt.Errorf("expected structure, got %s", val.Type())
	}

	req := ControlRequest{
		Ref:       ref,
		Operation: operation,
	}

	switch operation {
	case "Oper", "SBOw":
		req.Operation = "operate"
		if operation == "SBOw" {
			req.Operation = "select"
		}
		if len(members) < 7 {
			return req, fmt.Errorf("oper structure: need >=7 members, got %d", len(members))
		}
		req.CtlVal = members[0]
		if originMembers, ok := members[2].Structure(); ok && len(originMembers) >= 2 {
			if cat, ok := originMembers[0].Int32(); ok {
				req.Origin.OrCat = OrCat(cat)
			}
			if ident, ok := originMembers[1].OctetString(); ok {
				req.Origin.OrIdent = ident
			}
		}
		if n, ok := members[3].Uint32(); ok {
			req.CtlNum = uint8(n)
		}
		if b, ok := members[5].Bool(); ok {
			req.Test = b
		}
		if bits, ok := members[6].BitString(); ok && len(bits) > 0 {
			req.Check = CheckConditions(bits[0] >> 6)
		}

	case "Cancel":
		if len(members) < 5 {
			return req, fmt.Errorf("Cancel structure: need >=5 members, got %d", len(members))
		}
		req.CtlVal = members[0]
		if originMembers, ok := members[2].Structure(); ok && len(originMembers) >= 2 {
			if cat, ok := originMembers[0].Int32(); ok {
				req.Origin.OrCat = OrCat(cat)
			}
			if ident, ok := originMembers[1].OctetString(); ok {
				req.Origin.OrIdent = ident
			}
		}
		if n, ok := members[3].Uint32(); ok {
			req.CtlNum = uint8(n)
		}

	case "SBO":
		req.CtlVal = val
	}

	return req, nil
}

// pathWithoutSuffix returns a new slice with the last element removed
// if it equals suffix. The returned slice never aliases the input.
func pathWithoutSuffix(path []string, suffix string) []string {
	n := len(path)
	if n > 0 && path[n-1] == suffix {
		n--
	}
	out := make([]string, n)
	copy(out, path[:n])
	return out
}

// joinDotPath joins path components with ".".
func joinDotPath(parts []string) string {
	result := ""
	for i, p := range parts {
		if i > 0 {
			result += "."
		}
		result += p
	}
	return result
}

// controlStoreKey derives a ValueStore key for a controllable DO's
// stVal from its control reference (e.g. "LD1/LLN0.SPCSO1" →
// "LD1/LLN0$ST$SPCSO1$stVal"). Returns empty if the format is
// unrecognized.
//
// This is a convenience fallback for simple SPC/DPC-style CDCs where
// the status value is always at ....$ST$...$stVal. For CDCs with
// different status attribute paths, applications should implement
// the stVal update in their [ControlHandler.OnOperate] callback
// instead of relying on this default write.
func (s *Server) controlStoreKey(ref string) string {
	parts := strings.SplitN(ref, "/", 2)
	if len(parts) != 2 {
		return ""
	}
	ldName := parts[0]
	doRef := parts[1] // e.g. "LLN0.SPCSO1"
	dotParts := strings.SplitN(doRef, ".", 2)
	if len(dotParts) != 2 {
		return ""
	}
	lnName := dotParts[0]
	doPath := strings.ReplaceAll(dotParts[1], ".", "$")
	itemID := lnName + "$ST$" + doPath + "$stVal"
	return servermodel.StoreKey(ldName, itemID)
}

=== END ./control_server.go ===
=== START ./control_types.go ===
package iec61850

import (
	"fmt"
	"time"

	"github.com/otfabric/go-mms"
)

// CtlModel represents the IEC 61850 control model (ctlModel attribute).
// It determines whether the controllable data object uses direct
// operation, select-before-operate, or enhanced security variants.
type CtlModel int

const (
	// CtlModelStatusOnly means the data object is not controllable.
	CtlModelStatusOnly CtlModel = 0

	// CtlModelDirectNormal is direct-operate with normal security.
	// The client writes to Oper without a prior Select.
	CtlModelDirectNormal CtlModel = 1

	// CtlModelSBONormal is select-before-operate with normal security.
	// The client reads SBO (select), then writes to Oper.
	CtlModelSBONormal CtlModel = 2

	// CtlModelDirectEnhanced is direct-operate with enhanced security.
	// Like CtlModelDirectNormal, but the server validates origin,
	// ctlNum, and timestamps for command verification.
	CtlModelDirectEnhanced CtlModel = 3

	// CtlModelSBOEnhanced is select-before-operate with enhanced
	// security. The client writes to SBOw (select-with-value), then
	// writes to Oper, with full origin/ctlNum/timestamp verification.
	CtlModelSBOEnhanced CtlModel = 4
)

// String returns a human-readable control model name.
func (m CtlModel) String() string {
	switch m {
	case CtlModelStatusOnly:
		return "status-only"
	case CtlModelDirectNormal:
		return "direct-with-normal-security"
	case CtlModelSBONormal:
		return "sbo-with-normal-security"
	case CtlModelDirectEnhanced:
		return "direct-with-enhanced-security"
	case CtlModelSBOEnhanced:
		return "sbo-with-enhanced-security"
	default:
		return fmt.Sprintf("ctlModel(%d)", int(m))
	}
}

// IsControllable reports whether this control model supports any
// control operation (i.e., is not status-only).
func (m CtlModel) IsControllable() bool { return m != CtlModelStatusOnly }

// IsSBO reports whether this control model uses select-before-operate.
func (m CtlModel) IsSBO() bool { return m == CtlModelSBONormal || m == CtlModelSBOEnhanced }

// IsEnhanced reports whether this control model uses enhanced security
// (origin/ctlNum/timestamp verification).
func (m CtlModel) IsEnhanced() bool { return m == CtlModelDirectEnhanced || m == CtlModelSBOEnhanced }

// OrCat represents the originator category (orCat) in the Origin
// structure of IEC 61850 control commands.
type OrCat int

const (
	OrCatNotSupported     OrCat = 0
	OrCatBayControl       OrCat = 1
	OrCatStationControl   OrCat = 2
	OrCatRemoteControl    OrCat = 3
	OrCatAutomaticBay     OrCat = 4
	OrCatAutomaticStation OrCat = 5
	OrCatAutomaticRemote  OrCat = 6
	OrCatMaintenance      OrCat = 7
	OrCatProcess          OrCat = 8
)

// String returns the originator category name.
func (c OrCat) String() string {
	switch c {
	case OrCatNotSupported:
		return "not-supported"
	case OrCatBayControl:
		return "bay-control"
	case OrCatStationControl:
		return "station-control"
	case OrCatRemoteControl:
		return "remote-control"
	case OrCatAutomaticBay:
		return "automatic-bay"
	case OrCatAutomaticStation:
		return "automatic-station"
	case OrCatAutomaticRemote:
		return "automatic-remote"
	case OrCatMaintenance:
		return "maintenance"
	case OrCatProcess:
		return "process"
	default:
		return fmt.Sprintf("orCat(%d)", int(c))
	}
}

// Origin identifies the originator of a control command.
type Origin struct {
	// OrCat is the originator category.
	OrCat OrCat

	// OrIdent is the originator identifier (application-specific,
	// typically an IP address or operator ID).
	OrIdent []byte
}

// toMMS encodes the Origin as an MMS structure {orCat, orIdent}.
func (o Origin) toMMS() *mms.Value {
	return mms.NewStructure([]*mms.Value{
		mms.NewInteger(int64(o.OrCat)),
		mms.NewOctetString(o.OrIdent),
	})
}

// CheckConditions represents the Check bitstring in a control
// command. Bit 0 = synchrocheck, Bit 1 = interlockCheck.
type CheckConditions uint8

const (
	CheckSynchroCheck   CheckConditions = 1 << 0
	CheckInterlockCheck CheckConditions = 1 << 1
)

// Has reports whether the given check bit is set.
func (c CheckConditions) Has(flag CheckConditions) bool { return c&flag != 0 }

// toMMS encodes Check as a 2-bit bitstring.
func (c CheckConditions) toMMS() *mms.Value {
	return mms.NewBitStringWithLength([]byte{byte(c) << 6}, 2)
}

// OperateParams contains all parameters for an IEC 61850 control
// Operate or SelectWithValue command.
//
// At minimum, CtlVal must be set. For enhanced security models,
// Origin, CtlNum, and timestamps are also required. The library
// fills in sensible defaults for unset fields when possible.
type OperateParams struct {
	// CtlVal is the control value to write. Required.
	// Use [BoolCtlVal], [IntCtlVal], [FloatCtlVal], [EnumCtlVal],
	// or [StringCtlVal] to construct it.
	CtlVal *mms.Value

	// Origin identifies the command originator. When nil, a default
	// Origin with OrCatRemoteControl and empty OrIdent is used.
	Origin *Origin

	// CtlNum is the control sequence number. For enhanced security
	// models, this must be unique per select/operate cycle. When
	// zero, the library auto-increments an internal counter.
	CtlNum uint8

	// OperTm is the scheduled operation time. A zero value means
	// "operate now" (no timed command).
	OperTm time.Time

	// Test, when true, sets the Test bit to indicate a test command
	// that should not cause physical action.
	Test bool

	// Check specifies synchrocheck/interlockCheck conditions.
	Check CheckConditions
}

// CancelParams contains parameters for an IEC 61850 Cancel command.
type CancelParams struct {
	// CtlVal is the control value from the original Operate that
	// is being cancelled. Required.
	CtlVal *mms.Value

	// Origin identifies the command originator. When nil, a default
	// Origin with OrCatRemoteControl and empty OrIdent is used.
	Origin *Origin

	// CtlNum is the control sequence number that matches the
	// original Operate.
	CtlNum uint8

	// OperTm is the scheduled operation time from the original
	// Operate. A zero value means the original was immediate.
	OperTm time.Time
}

// AddCause represents the AdditionalCause field in LastApplError,
// indicating why a control command was refused or failed.
type AddCause int

const (
	AddCauseUnknown               AddCause = 0
	AddCauseNotSupported          AddCause = 1
	AddCauseBlocked               AddCause = 2
	AddCauseSelectFailed          AddCause = 3
	AddCauseInvalidPosition       AddCause = 4
	AddCausePositionReached       AddCause = 5
	AddCauseParameterChange       AddCause = 6
	AddCauseStepLimit             AddCause = 7
	AddCauseBlockedBySwitch       AddCause = 8
	AddCauseBlockedByInterlocking AddCause = 9
	AddCauseBlockedBySynchrocheck AddCause = 10
	AddCauseCommandAlreadyExec    AddCause = 11
	AddCauseBlockedByHealth       AddCause = 12
	AddCause1of1                  AddCause = 13
	AddCauseAbort                 AddCause = 14
	AddCauseTimeLimit             AddCause = 15
	AddCauseBlockedByMode         AddCause = 16
	AddCauseBlockedByProcess      AddCause = 17
)

// String returns the additional cause name.
func (c AddCause) String() string {
	switch c {
	case AddCauseUnknown:
		return "unknown"
	case AddCauseNotSupported:
		return "not-supported"
	case AddCauseBlocked:
		return "blocked-by-switching-hierarchy"
	case AddCauseSelectFailed:
		return "select-failed"
	case AddCauseInvalidPosition:
		return "invalid-position"
	case AddCausePositionReached:
		return "position-reached"
	case AddCauseParameterChange:
		return "parameter-change-in-execution"
	case AddCauseStepLimit:
		return "step-limit"
	case AddCauseBlockedBySwitch:
		return "blocked-by-other"
	case AddCauseBlockedByInterlocking:
		return "blocked-by-interlocking"
	case AddCauseBlockedBySynchrocheck:
		return "blocked-by-synchrocheck"
	case AddCauseCommandAlreadyExec:
		return "command-already-in-execution"
	case AddCauseBlockedByHealth:
		return "blocked-by-health"
	case AddCause1of1:
		return "1-of-n-control"
	case AddCauseAbort:
		return "abort"
	case AddCauseTimeLimit:
		return "time-limit-over"
	case AddCauseBlockedByMode:
		return "blocked-by-mode"
	case AddCauseBlockedByProcess:
		return "blocked-by-process"
	default:
		return fmt.Sprintf("addCause(%d)", int(c))
	}
}

// LastApplError contains the decoded result of a LastApplError read,
// providing server-side failure reason for a control command.
type LastApplError struct {
	// CntrlObj is the object reference of the control that failed.
	CntrlObj string

	// Error is the IEC 61850 service error class.
	Error int

	// Origin is the originator that issued the failed command.
	Origin Origin

	// AddCause provides the specific additional cause.
	AddCause AddCause
}

// BoolCtlVal creates a boolean control value.
func BoolCtlVal(v bool) *mms.Value { return mms.NewBoolean(v) }

// IntCtlVal creates an integer control value (for INC controllable
// integer CDCs).
func IntCtlVal(v int32) *mms.Value { return mms.NewInteger(int64(v)) }

// FloatCtlVal creates a floating-point control value (for APC
// controllable analogue CDCs).
func FloatCtlVal(v float32) *mms.Value { return mms.NewFloat(float64(v)) }

// EnumCtlVal creates an enumerated control value.
func EnumCtlVal(v int32) *mms.Value { return mms.NewInteger(int64(v)) }

// StringCtlVal creates a visible-string control value.
func StringCtlVal(v string) *mms.Value { return mms.NewVisibleString(v) }

// BspCtlVal creates a bitstring control value for BSC (binary
// step controllable) CDCs.
func BspCtlVal(bits []byte, bitLen int) *mms.Value {
	return mms.NewBitStringWithLength(bits, bitLen)
}

// DpCtlVal creates a Dbpos (double-point) control value using
// a two-bit bitstring: 01=off, 10=on.
func DpCtlVal(on bool) *mms.Value {
	if on {
		return mms.NewBitStringWithLength([]byte{0x80}, 2) // 10
	}
	return mms.NewBitStringWithLength([]byte{0x40}, 2) // 01
}

// buildOper constructs the Oper MMS structure for direct-operate
// or select-with-value (SBOw). The structure matches:
//
//	Oper ::= SEQUENCE {
//	    ctlVal     <type>,
//	    operTm     UTC-Time,
//	    origin     Origin,
//	    ctlNum     INT8U,
//	    T          UTC-Time,
//	    Test       BOOLEAN,
//	    Check      BIT STRING (SIZE(2))
//	}
func buildOper(p OperateParams) *mms.Value {
	origin := p.Origin
	if origin == nil {
		origin = &Origin{OrCat: OrCatRemoteControl}
	}

	var operTm *mms.Value
	if p.OperTm.IsZero() {
		operTm = mms.NewUTCTime(time.Time{})
	} else {
		operTm = mms.NewUTCTime(p.OperTm)
	}

	return mms.NewStructure([]*mms.Value{
		p.CtlVal,
		operTm,
		origin.toMMS(),
		mms.NewUnsigned(uint64(p.CtlNum)),
		mms.NewUTCTime(time.Now().UTC()),
		mms.NewBoolean(p.Test),
		p.Check.toMMS(),
	})
}

// buildCancel constructs the Cancel MMS structure:
//
//	Cancel ::= SEQUENCE {
//	    ctlVal     <type>,
//	    operTm     UTC-Time,
//	    origin     Origin,
//	    ctlNum     INT8U,
//	    T          UTC-Time,
//	    Test       BOOLEAN (always false for cancel)
//	}
func buildCancel(p CancelParams) *mms.Value {
	origin := p.Origin
	if origin == nil {
		origin = &Origin{OrCat: OrCatRemoteControl}
	}

	var operTm *mms.Value
	if p.OperTm.IsZero() {
		operTm = mms.NewUTCTime(time.Time{})
	} else {
		operTm = mms.NewUTCTime(p.OperTm)
	}

	return mms.NewStructure([]*mms.Value{
		p.CtlVal,
		operTm,
		origin.toMMS(),
		mms.NewUnsigned(uint64(p.CtlNum)),
		mms.NewUTCTime(time.Now().UTC()),
		mms.NewBoolean(false),
	})
}

=== END ./control_types.go ===
=== START ./dataset.go ===
package iec61850

import (
	"context"
	"fmt"
	"sort"
	"strings"

	"github.com/otfabric/go-mms"
)

// DataSet represents an IEC 61850 data set (MMS Named Variable List).
//
// A data set groups related data attributes for efficient bulk
// reading and for use as the trigger source of report control blocks.
type DataSet struct {
	// Reference is a display-friendly data set identifier in
	// IEC 61850 format (e.g., "LD/LLN0.dsName"). This is a
	// convenience string, not a [Ref] and not suitable for
	// programmatic use with [Client.ReadDataSet] or
	// [Client.DeleteDataSet] — those require the raw (ld, dsName)
	// MMS identifiers used when the DataSet was obtained.
	Reference string

	// Deletable indicates whether the data set can be deleted by the
	// client. Static (SCL-configured) data sets are not deletable;
	// dynamically created data sets are.
	Deletable bool

	// Members lists the data set members in definition order.
	Members []DataSetMember
}

// DataSetMember represents a single member (FCDA) of a data set.
type DataSetMember struct {
	// Ref is the IEC 61850 object reference for this member.
	// Includes LD, LN, path, and FC when available.
	Ref Ref

	// DomainID is the MMS domain name.
	DomainID string

	// ItemID is the MMS item ID (LN$FC$DO$DA path).
	ItemID string
}

// DataSetValue holds the result of reading a single data set member.
type DataSetValue struct {
	// Member is the data set member definition.
	Member DataSetMember

	// Value is the decoded value. Nil when Err is non-nil.
	Value *Value

	// Err is the per-member error, if any.
	Err error
}

// ListDataSets returns the names of all data sets (MMS Named Variable
// Lists) defined in the specified logical device (MMS domain).
//
// The returned names are MMS item IDs (e.g., "LLN0$dsName").
//
// Results are sorted alphabetically by name for deterministic output.
func (c *Client) ListDataSets(ctx context.Context, ld string) ([]string, error) {
	if err := c.checkOpen(); err != nil {
		return nil, err
	}
	if ld == "" {
		return nil, fmt.Errorf("iec61850: list data sets: %w: empty logical device name", ErrInvalidArgument)
	}

	names, err := c.mmsClient.GetNameListAll(ctx, mms.NameListRequest{
		ObjectClass: mms.ObjectClassNamedVariableList,
		Scope:       mms.ObjectScopeDomain,
		DomainID:    mms.DomainID(ld),
	})
	if err != nil {
		return nil, fmt.Errorf("iec61850: list data sets for %q: %w", ld, err)
	}

	sort.Strings(names)
	c.logger.Debug("iec61850: list data sets", "ld", ld, "count", len(names))
	return names, nil
}

// GetDataSet retrieves the definition (members) of a data set.
//
// The ld parameter is the logical device (MMS domain) and dsName is
// the data set name as an MMS NVL item ID (e.g. "LLN0$dsName").
// The returned [DataSet.Reference] uses IEC 61850 format
// (e.g. "LD/LLN0.dsName").
func (c *Client) GetDataSet(ctx context.Context, ld, dsName string) (*DataSet, error) {
	if err := c.checkOpen(); err != nil {
		return nil, err
	}
	if ld == "" {
		return nil, fmt.Errorf("iec61850: get data set: %w: empty logical device name", ErrInvalidArgument)
	}
	if dsName == "" {
		return nil, fmt.Errorf("iec61850: get data set: %w: empty data set name", ErrInvalidArgument)
	}

	if c.cache != nil {
		if ds, ok := c.cache.getDS(ld, dsName); ok {
			return ds, nil
		}
	}

	listName := mms.ObjectName{
		Scope:  mms.ObjectScopeDomain,
		Domain: mms.DomainID(ld),
		ItemID: mms.ItemID(dsName),
	}

	attrs, err := c.mmsClient.GetNamedVariableListAttributes(ctx, listName)
	if err != nil {
		return nil, fmt.Errorf("iec61850: get data set %s/%s: %w", ld, dsName, err)
	}

	members := make([]DataSetMember, len(attrs.Variables))
	for i, v := range attrs.Variables {
		members[i] = variableSpecToMember(v)
	}

	dsRef := ld + "/" + mmsItemIDToIECDSName(dsName)

	ds := &DataSet{
		Reference: dsRef,
		Deletable: attrs.Deletable,
		Members:   members,
	}

	if c.cache != nil && c.cache.strategy == CacheLazy {
		c.cache.setDS(ld, dsName, ds)
	}

	c.logger.Debug("iec61850: get data set", "ref", dsRef, "members", len(members))
	return ds, nil
}

// ReadDataSet reads all member values of a data set in a single MMS
// request.
//
// The ld parameter is the logical device (MMS domain) and dsName is
// the data set name (MMS item ID, e.g. "LLN0$dsName").
//
// To understand the structure of the returned values, first call
// [Client.GetDataSet] to obtain the member definitions.
func (c *Client) ReadDataSet(ctx context.Context, ld, dsName string) ([]DataSetValue, error) {
	if err := c.checkOpen(); err != nil {
		return nil, err
	}
	if ld == "" {
		return nil, fmt.Errorf("iec61850: read data set: %w: empty logical device name", ErrInvalidArgument)
	}
	if dsName == "" {
		return nil, fmt.Errorf("iec61850: read data set: %w: empty data set name", ErrInvalidArgument)
	}

	listName := mms.ObjectName{
		Scope:  mms.ObjectScopeDomain,
		Domain: mms.DomainID(ld),
		ItemID: mms.ItemID(dsName),
	}

	// Try to reuse cached dataset definition to avoid an extra
	// GetNamedVariableListAttributes round-trip.
	var members []DataSetMember
	if c.cache != nil {
		if ds, ok := c.cache.getDS(ld, dsName); ok {
			members = ds.Members
		}
	}

	if members == nil {
		attrs, err := c.mmsClient.GetNamedVariableListAttributes(ctx, listName)
		if err != nil {
			return nil, fmt.Errorf("iec61850: read data set %s/%s: get attributes: %w", ld, dsName, err)
		}
		members = make([]DataSetMember, len(attrs.Variables))
		for i, v := range attrs.Variables {
			members[i] = variableSpecToMember(v)
		}
		if c.cache != nil && c.cache.strategy == CacheLazy {
			dsRef := ld + "/" + mmsItemIDToIECDSName(dsName)
			c.cache.setDS(ld, dsName, &DataSet{
				Reference: dsRef,
				Deletable: attrs.Deletable,
				Members:   members,
			})
		}
	}

	accessResults, err := c.mmsClient.ReadNamedVariableList(ctx, listName)
	if err != nil {
		return nil, fmt.Errorf("iec61850: read data set %s/%s: %w", ld, dsName, err)
	}

	if len(accessResults) != len(members) {
		return nil, fmt.Errorf("iec61850: read data set %s/%s: value count %d != member count %d",
			ld, dsName, len(accessResults), len(members))
	}

	results := make([]DataSetValue, len(accessResults))
	for i, ar := range accessResults {
		results[i].Member = members[i]
		memberID := memberIdentity(results[i].Member, i)
		if ar.ErrorCode != 0 {
			results[i].Err = &DataAccessError{Ref: memberID, ErrorCode: int(ar.ErrorCode), Operation: "read-dataset"}
		} else if ar.Value == nil {
			results[i].Err = fmt.Errorf("iec61850: read data set member %s: missing value", memberID)
		} else {
			results[i].Value = NewValue(ar.Value)
		}
	}

	c.logger.Debug("iec61850: read data set", "ld", ld, "name", dsName, "values", len(results))
	return results, nil
}

// memberIdentity returns a human-readable identity for a data set
// member, preferring the IEC reference, falling back to domain/itemID,
// and using the index as last resort.
func memberIdentity(m DataSetMember, idx int) string {
	ref := m.Ref.String()
	if ref != "" {
		return ref
	}
	if m.DomainID != "" && m.ItemID != "" {
		return m.DomainID + "/" + m.ItemID
	}
	return fmt.Sprintf("[%d]", idx)
}

// variableSpecToMember converts an MMS VariableSpec to a DataSetMember,
// attempting to decode the IEC 61850 reference.
func variableSpecToMember(v mms.VariableSpec) DataSetMember {
	m := DataSetMember{
		DomainID: string(v.Name.Domain),
		ItemID:   string(v.Name.ItemID),
	}

	// Attempt to decode the full IEC 61850 reference. On failure, Ref
	// stays zero-value rather than creating a misleading partial Ref
	// with only LD set. Callers can still identify the member via the
	// raw DomainID/ItemID fields.
	ref, err := RefFromMMS(v.Name.Domain, v.Name.ItemID)
	if err == nil {
		m.Ref = ref
	}

	return m
}

// CreateDataSet creates a dynamic (deletable) data set on the server.
//
// The ld parameter is the logical device (MMS domain) that owns the
// data set, dsName is the data set name as an MMS item ID (e.g.
// "LLN0$dsNew"), and members lists the FCDAs.
//
// Each member must have a valid Ref with LN and FC, or explicit
// DomainID/ItemID. Members may reference data in different logical
// devices (cross-LD members); when a member's Ref.LD is empty, the
// owning ld is used as the default domain. The data set itself is
// always created under the specified ld.
//
// Member field precedence: if DomainID and ItemID are set explicitly,
// they are used as-is. Otherwise they are derived from the member's
// Ref via [Ref.ToMMS], defaulting the domain to ld when Ref.LD is
// empty.
//
// Dynamic data sets can be deleted with [Client.DeleteDataSet].
func (c *Client) CreateDataSet(ctx context.Context, ld, dsName string, members []DataSetMember) error {
	if err := c.checkOpen(); err != nil {
		return err
	}
	if ld == "" {
		return fmt.Errorf("iec61850: create data set: %w: empty logical device name", ErrInvalidArgument)
	}
	if dsName == "" {
		return fmt.Errorf("iec61850: create data set: %w: empty data set name", ErrInvalidArgument)
	}
	if len(members) == 0 {
		return fmt.Errorf("iec61850: create data set: %w: no members", ErrInvalidArgument)
	}

	vars := make([]mms.VariableSpec, len(members))
	for i, m := range members {
		domainID := m.DomainID
		itemID := m.ItemID

		if domainID == "" || itemID == "" {
			if m.Ref.LN == "" {
				return fmt.Errorf("iec61850: create data set: member[%d]: LN is required", i)
			}
			if m.Ref.FC == "" {
				return fmt.Errorf("iec61850: create data set: member[%d]: FC is required", i)
			}
			if !m.Ref.HasPath() {
				return fmt.Errorf("iec61850: create data set: member[%d]: data path is required (LN-only refs not allowed)", i)
			}
			// Default empty LD to the dataset owner LD.
			ref := m.Ref
			if ref.LD == "" {
				ref.LD = ld
			}
			if err := ref.Validate(); err != nil {
				return fmt.Errorf("iec61850: create data set: member[%d]: %w", i, err)
			}
			d, id, err := ref.ToMMS()
			if err != nil {
				return fmt.Errorf("iec61850: create data set: member[%d]: %w", i, err)
			}
			domainID = string(d)
			itemID = string(id)
		}

		vars[i] = mms.VariableSpec{
			Name: mms.ObjectName{
				Scope:  mms.ObjectScopeDomain,
				Domain: mms.DomainID(domainID),
				ItemID: mms.ItemID(itemID),
			},
		}
	}

	err := c.mmsClient.DefineNamedVariableList(ctx, mms.DefineNamedVariableListRequest{
		ListName: mms.ObjectName{
			Scope:  mms.ObjectScopeDomain,
			Domain: mms.DomainID(ld),
			ItemID: mms.ItemID(dsName),
		},
		Variables: vars,
	})
	if err != nil {
		return fmt.Errorf("iec61850: create data set %s/%s: %w", ld, dsName, err)
	}

	if c.cache != nil {
		c.cache.invalidateDS(ld)
	}

	c.logger.Debug("iec61850: created data set", "ld", ld, "name", dsName, "members", len(members))
	return nil
}

// DeleteDataSet deletes a dynamic data set from the server.
//
// Only dynamically created data sets (Deletable=true) can be deleted.
// Attempting to delete a static (SCL-configured) data set returns an
// error from the server.
func (c *Client) DeleteDataSet(ctx context.Context, ld, dsName string) error {
	if err := c.checkOpen(); err != nil {
		return err
	}
	if ld == "" {
		return fmt.Errorf("iec61850: delete data set: %w: empty logical device name", ErrInvalidArgument)
	}
	if dsName == "" {
		return fmt.Errorf("iec61850: delete data set: %w: empty data set name", ErrInvalidArgument)
	}

	listNames := []mms.ObjectName{
		{
			Scope:  mms.ObjectScopeDomain,
			Domain: mms.DomainID(ld),
			ItemID: mms.ItemID(dsName),
		},
	}

	result, err := c.mmsClient.DeleteNamedVariableList(ctx, listNames)
	if err != nil {
		return fmt.Errorf("iec61850: delete data set %s/%s: %w", ld, dsName, err)
	}

	if result.NumberDeleted == 0 {
		return fmt.Errorf("iec61850: delete data set %s/%s: server did not delete (matched=%d, deleted=%d)",
			ld, dsName, result.NumberMatched, result.NumberDeleted)
	}

	if c.cache != nil {
		c.cache.invalidateDS(ld)
	}

	c.logger.Debug("iec61850: deleted data set", "ld", ld, "name", dsName)
	return nil
}

// mmsItemIDToIECDSName converts an MMS NVL item ID to an IEC 61850
// data set name by replacing the first $ with . (e.g., "LLN0$dsName"
// → "LLN0.dsName").
func mmsItemIDToIECDSName(itemID string) string {
	return strings.Replace(itemID, "$", ".", 1)
}

=== END ./dataset.go ===
=== START ./doc.go ===
// Package iec61850 provides a pure-Go IEC 61850 MMS client library
// built on top of [github.com/otfabric/go-mms].
//
// This package exposes IEC 61850 concepts — logical devices, logical
// nodes, data objects, data attributes, functional constraints, object
// references, report control blocks, datasets, quality, timestamps —
// as first-class Go types. Users work with IEC 61850 semantics, not
// raw MMS domains, item IDs, or alternate access selectors.
//
// # Quick start
//
//	client, err := iec61850.Dial(ctx, "10.0.0.1:102", iec61850.DialOptions{})
//	if err != nil {
//	    log.Fatal(err)
//	}
//	defer client.Close(ctx)
//
//	// Browse the server model.
//	devices, _ := client.ListLogicalDevices(ctx)
//	for _, ld := range devices {
//	    nodes, _ := client.ListLogicalNodes(ctx, ld.Name)
//	    fmt.Println(ld.Name, nodes)
//	}
//
// # Layering
//
// This package sits above the protocol stack:
//
//   - go-tpkt / go-cotp: transport
//   - go-mms: generic MMS protocol
//   - go-iec61850 (this package): IEC 61850 semantics
//
// IEC 61850 semantics (references, functional constraints, typed values,
// reports, datasets, SCL) live here. The MMS wire protocol lives in
// go-mms. This separation is intentional and must be maintained.
//
// # Object references
//
// IEC 61850 object references follow the format:
//
//	LD/LN.DO.DA[FC]
//
// Use [ParseRef] to parse references and [Ref.String] to format them.
// The [Ref] type provides helpers for parent/child navigation and
// MMS domain/item-ID translation.
//
// # Functional constraints
//
// Functional constraints (FCs) classify data attributes by purpose:
// ST (status), MX (measured), SP (setpoint), CF (configuration), etc.
// Use [FunctionalConstraint.IsValid] or [ParseFC] to validate FC
// strings. Note that [ParseRef] accepts unknown FC values by default;
// use [FunctionalConstraint.IsValid] for semantic validation after
// parsing.
//
// # API groups
//
// The package is organised into functional groups:
//
//   - Browse / model discovery: [Client.ListLogicalDevices],
//     [Client.ListLogicalNodes], [Client.ListDataObjects],
//     [Client.ListChildren], [Client.Tree], [Client.TreeWithOptions],
//     [Client.FindPaths], [Client.GetVariableType]
//   - Read / write: [Client.Read], [Client.ReadRaw],
//     [Client.ReadComponent], [Client.Write],
//     [Client.ReadMultiple], [Client.WriteMultiple]
//   - Datasets: [Client.ListDataSets], [Client.GetDataSet],
//     [Client.ReadDataSet], [Client.CreateDataSet],
//     [Client.DeleteDataSet]
//   - Reports: [Client.ListReports], [Client.SubscribeReport],
//     [Client.GetReportControlBlock], [Client.SetReportControlBlock],
//     [Client.TriggerGI], [Client.ReserveURCB], [Client.ReleaseURCB]
//   - Controls: [Client.Operate], [Client.Select],
//     [Client.SelectWithValue], [Client.Cancel],
//     [Client.ReadCtlModel], [Client.ReadLastApplError]
//   - Setting groups: [Client.GetSettingGroupInfo],
//     [Client.SelectActiveSG], [Client.SelectEditSG],
//     [Client.ConfirmEditSG], [Client.GetEditSGValue],
//     [Client.SetEditSGValue], [Client.GetActiveSGValue]
//   - Journals: [Client.ListJournals], [Client.ReadJournal],
//     [Client.ReadJournalAfter], [Client.ReadJournalAll],
//     [Client.ReadJournalAfterAll]
//   - Files: [Client.ListFiles], [Client.ReadFile],
//     [Client.DownloadFile], [Client.DeleteFile], [Client.RenameFile],
//     [Client.ObtainFile], [Client.GetFileAttributes]
//   - SCL: [scl.Parse], [scl.ParseFile], [scl.Generate],
//     [scl.Validate], [scl.Flatten], [scl.WriteCSV],
//     [scl.PrintTree], [scl.ExportDataSets], [scl.ExportReports]
//   - Server runtime reports: [Server.EnableReports],
//     [Server.SetValue], [Server.ReportEngine],
//     [ReportEngine.HandleRCBWrite], [ReportEngine.NotifyValueChanged],
//     [ReportEngine.Stop]
//   - Server setting groups: [Server.EnableSettingGroups],
//     [Server.SettingGroupEngine], [Server.ChangeActiveSettingGroup],
//     [SettingGroupEngine.HandleSGCBWrite],
//     [SettingGroupEngine.GetActiveSettingGroup],
//     [SettingGroupEngine.GetEditSettingGroup]
//   - Server journals: [Server.EnableJournals],
//     [Server.JournalEngine], [JournalEngine.LogEvent],
//     [JournalEngine.LogValueWrite], [JournalEngine.Provider],
//     [MemoryJournalProvider], [NewMemoryJournalProvider]
//   - Server services: [ServerOptions] (Identity, FileProvider,
//     Authenticate, OnConnect, OnDisconnect), [Server.Capabilities],
//     [Server.HandleIdentify], [Server.HandleStatus],
//     [ServiceCapabilities]
//
// # IEC references vs MMS names
//
// This package uses IEC 61850 object references (LD/LN.DO.DA[FC])
// throughout its public API. The underlying MMS names use a different
// convention:
//
//   - MMS domain = logical device name
//   - MMS item ID = LN$FC$DO$DA (components joined by $)
//   - MMS dataset/NVL name = LLN0$dsName
//
// Use [Ref.ToMMS] for conversion when needed.
//
// # Errors
//
// The package defines sentinel errors ([ErrInvalidReference],
// [ErrNotFound], [ErrInvalidArgument], [ErrProtocol], etc.) for use
// with [errors.Is], and typed error structs ([ReferenceError],
// [DecodeError], [DataAccessError], etc.) for use with [errors.As].
// Lower-level go-mms errors are wrapped with [fmt.Errorf] and %w to
// preserve the error chain.
//
// # Server (experimental)
//
// The [Server] type provides an experimental server-side model built
// from SCL. It handles variable registration, datasets, report
// control block structures, runtime report delivery, control
// operations, setting groups, and journal services. Use
// [Server.EnableReports] to activate the runtime report engine,
// [Server.EnableSettingGroups] to activate setting group support,
// [Server.EnableJournals] to activate runtime journal generation,
// and [Server.SetValue] to inject process values that automatically
// trigger data-change reports and journal entries. MMS client writes
// to RCB and SGCB subfields are automatically dispatched to the
// corresponding runtime engines via a write interceptor.
//
// [ServerOptions] provides first-class fields for common server
// configuration: [ServerIdentity] for MMS Identify, FileProvider
// for MMS file services, Authenticate for association security, and
// OnConnect/OnDisconnect for connection lifecycle hooks. The MMS
// Status service is always registered and returns operational status.
// Use [Server.Capabilities] to query which services are active at
// runtime. Call [Server.Close] for orderly shutdown of runtime
// engines.
//
// # Concurrency
//
// All server runtime engines (reports, controls, setting groups,
// journals) are safe for concurrent use. Lock ordering follows
// engine-level lock → per-element lock. The control runtime uses
// per-registration mutexes for SBO state; the report engine uses
// engine-level RWMutex → per-RCB mutex. These have been validated
// with concurrent stress tests and Go's race detector.
//
// Cross-LN dataset references are not supported. See [Server] and
// [NewServerModelFromSCL] for details and known limitations.
//
// # Logging
//
// All logging uses [log/slog]. Inject a logger via [DialOptions.Logger]
// or [ClientOptions.Logger]. When nil, no logging is emitted.
package iec61850

=== END ./doc.go ===
=== START ./errors.go ===
package iec61850

import (
	"errors"
	"fmt"
)

// Sentinel errors for major IEC 61850 failure categories.
//
// Use [errors.Is] to test against these values.
var (
	// ErrInvalidReference indicates a syntactically invalid IEC 61850
	// object reference.
	ErrInvalidReference = errors.New("iec61850: invalid reference")

	// ErrInvalidFunctionalConstraint indicates an unrecognized
	// functional constraint value.
	ErrInvalidFunctionalConstraint = errors.New("iec61850: invalid functional constraint")

	// ErrNotFound indicates that the requested IEC 61850 object does
	// not exist on the server.
	ErrNotFound = errors.New("iec61850: not found")

	// ErrTypeMismatch indicates that a value's type does not match the
	// expected IEC 61850 type.
	ErrTypeMismatch = errors.New("iec61850: type mismatch")

	// ErrUnsupportedService indicates that the requested service is not
	// supported by the server or this library.
	ErrUnsupportedService = errors.New("iec61850: unsupported service")

	// ErrSubscriptionClosed indicates that a report subscription has
	// been closed.
	ErrSubscriptionClosed = errors.New("iec61850: subscription closed")

	// ErrSCLParse indicates a failure to parse an SCL file.
	ErrSCLParse = errors.New("iec61850: SCL parse error")

	// ErrModelMismatch indicates a mismatch between the expected and
	// actual data model.
	ErrModelMismatch = errors.New("iec61850: model mismatch")

	// ErrUnsupportedCDC indicates an unsupported Common Data Class.
	ErrUnsupportedCDC = errors.New("iec61850: unsupported CDC")

	// ErrReportDecode indicates a failure to decode a report payload.
	ErrReportDecode = errors.New("iec61850: report decode error")

	// ErrDatasetDecode indicates a failure to decode dataset contents.
	ErrDatasetDecode = errors.New("iec61850: dataset decode error")

	// ErrClosed indicates that the client connection has been closed.
	ErrClosed = errors.New("iec61850: connection closed")

	// ErrDataAccess indicates a per-variable data access failure
	// returned by the server for an individual read or write.
	ErrDataAccess = errors.New("iec61850: data access error")

	// ErrInvalidArgument indicates that a caller-supplied argument is
	// invalid (empty required field, nil value, etc.). Use [errors.Is]
	// to distinguish argument errors from server-side failures.
	ErrInvalidArgument = errors.New("iec61850: invalid argument")

	// ErrProtocol indicates a protocol-level mismatch between the
	// client and server, such as an unexpected response count or
	// missing mandatory fields in a response.
	ErrProtocol = errors.New("iec61850: protocol error")

	// ErrControlFailed indicates that a control operation (operate,
	// select, cancel) was rejected or failed.
	ErrControlFailed = errors.New("iec61850: control failed")

	// ErrSelectFailed indicates that a select or select-with-value
	// request was denied by the server.
	ErrSelectFailed = errors.New("iec61850: select failed")

	// ErrOperateFailed indicates that an operate request was denied
	// or could not be executed.
	ErrOperateFailed = errors.New("iec61850: operate failed")

	// ErrCancelFailed indicates that a cancel request was denied
	// or could not be executed.
	ErrCancelFailed = errors.New("iec61850: cancel failed")

	// ErrNotControllable indicates that the target data object's
	// ctlModel is status-only and does not support control.
	ErrNotControllable = errors.New("iec61850: not controllable")
)

// ReferenceError is a typed error for malformed or invalid IEC 61850
// object references.
type ReferenceError struct {
	Input   string
	Reason  string
	Wrapped error
}

func (e *ReferenceError) Error() string {
	if e.Wrapped != nil {
		return fmt.Sprintf("iec61850: invalid reference %q: %s: %v", e.Input, e.Reason, e.Wrapped)
	}
	return fmt.Sprintf("iec61850: invalid reference %q: %s", e.Input, e.Reason)
}

func (e *ReferenceError) Unwrap() error {
	if e.Wrapped != nil {
		return e.Wrapped
	}
	return ErrInvalidReference
}

// DecodeError indicates a failure during semantic decoding of an
// MMS value into an IEC 61850 type.
type DecodeError struct {
	Ref     string
	Type    string
	Message string
	Wrapped error
}

func (e *DecodeError) Error() string {
	var prefix string
	if e.Ref != "" {
		prefix = fmt.Sprintf("iec61850: decode error for %q (type %s)", e.Ref, e.Type)
	} else {
		prefix = fmt.Sprintf("iec61850: decode error (type %s)", e.Type)
	}
	if e.Wrapped != nil {
		return fmt.Sprintf("%s: %s: %v", prefix, e.Message, e.Wrapped)
	}
	return fmt.Sprintf("%s: %s", prefix, e.Message)
}

func (e *DecodeError) Unwrap() error {
	if e.Wrapped != nil {
		return e.Wrapped
	}
	return ErrTypeMismatch
}

// ModelError indicates a mismatch or inconsistency in the IEC 61850
// data model.
type ModelError struct {
	Ref     string
	Message string
	Wrapped error
}

func (e *ModelError) Error() string {
	prefix := "iec61850: model error"
	if e.Ref != "" {
		prefix = fmt.Sprintf("iec61850: model error at %q", e.Ref)
	}
	if e.Wrapped != nil {
		return fmt.Sprintf("%s: %s: %v", prefix, e.Message, e.Wrapped)
	}
	return fmt.Sprintf("%s: %s", prefix, e.Message)
}

func (e *ModelError) Unwrap() error {
	if e.Wrapped != nil {
		return e.Wrapped
	}
	return ErrModelMismatch
}

// ReportError indicates a failure related to report control block
// operations or report decoding.
type ReportError struct {
	RCBRef  string
	Message string
	Wrapped error
}

func (e *ReportError) Error() string {
	prefix := "iec61850: report error"
	if e.RCBRef != "" {
		prefix = fmt.Sprintf("iec61850: report error for %q", e.RCBRef)
	}
	if e.Wrapped != nil {
		return fmt.Sprintf("%s: %s: %v", prefix, e.Message, e.Wrapped)
	}
	return fmt.Sprintf("%s: %s", prefix, e.Message)
}

func (e *ReportError) Unwrap() error {
	if e.Wrapped != nil {
		return e.Wrapped
	}
	return ErrReportDecode
}

// SCLParseError indicates a failure during SCL file parsing.
type SCLParseError struct {
	File    string
	Line    int
	Message string
	Wrapped error
}

func (e *SCLParseError) Error() string {
	prefix := "iec61850: SCL parse error"
	if e.File != "" && e.Line > 0 {
		prefix = fmt.Sprintf("iec61850: SCL parse error in %s:%d", e.File, e.Line)
	} else if e.File != "" {
		prefix = fmt.Sprintf("iec61850: SCL parse error in %s", e.File)
	}
	if e.Wrapped != nil {
		return fmt.Sprintf("%s: %s: %v", prefix, e.Message, e.Wrapped)
	}
	return fmt.Sprintf("%s: %s", prefix, e.Message)
}

func (e *SCLParseError) Unwrap() error {
	if e.Wrapped != nil {
		return e.Wrapped
	}
	return ErrSCLParse
}

// DataAccessError is a typed per-item error for bulk read/write
// operations. It wraps the MMS-level error code into an IEC 61850
// error that supports [errors.Is] with [ErrDataAccess].
type DataAccessError struct {
	Ref       string
	ErrorCode int
	Operation string
}

func (e *DataAccessError) Error() string {
	return fmt.Sprintf("iec61850: %s %s: data access error (code %d)", e.Operation, e.Ref, e.ErrorCode)
}

func (e *DataAccessError) Unwrap() error {
	return ErrDataAccess
}

// ControlError is a typed error for control operation failures.
// It captures the object reference, the operation attempted, and
// the server-reported additional cause when available.
type ControlError struct {
	// Ref is the IEC 61850 object reference of the controlled object.
	Ref string

	// Operation is the control operation that failed (e.g. "operate",
	// "select", "cancel").
	Operation string

	// AddCause is the additional cause reported by the server via
	// LastApplError, if available. Zero means unknown or not read.
	AddCause AddCause

	// Wrapped is the underlying error.
	Wrapped error
}

func (e *ControlError) Error() string {
	prefix := fmt.Sprintf("iec61850: control %s %s", e.Operation, e.Ref)
	if e.AddCause != 0 {
		prefix += fmt.Sprintf(" (cause: %s)", e.AddCause)
	}
	if e.Wrapped != nil {
		return fmt.Sprintf("%s: %v", prefix, e.Wrapped)
	}
	return prefix + ": failed"
}

// Unwrap returns a slice of errors so that [errors.Is] matches both
// the operation-specific sentinel (e.g. [ErrOperateFailed]) and the
// wrapped cause, if any.
func (e *ControlError) Unwrap() []error {
	sentinel := ErrControlFailed
	switch e.Operation {
	case "select":
		sentinel = ErrSelectFailed
	case "operate":
		sentinel = ErrOperateFailed
	case "cancel":
		sentinel = ErrCancelFailed
	}
	if e.Wrapped != nil {
		return []error{sentinel, e.Wrapped}
	}
	return []error{sentinel}
}

=== END ./errors.go ===
=== START ./fc.go ===
package iec61850

import "fmt"

// FunctionalConstraint identifies the purpose of a data attribute
// within the IEC 61850 data model. Each FC classifies what kind of
// information the attribute carries (status, measured value, setpoint,
// configuration, etc.).
type FunctionalConstraint string

const (
	// FCST is Status information.
	FCST FunctionalConstraint = "ST"
	// FCMX is Measurands (analog values).
	FCMX FunctionalConstraint = "MX"
	// FCSP is Setpoint.
	FCSP FunctionalConstraint = "SP"
	// FCSV is Substitution.
	FCSV FunctionalConstraint = "SV"
	// FCCF is Configuration.
	FCCF FunctionalConstraint = "CF"
	// FCDC is Description.
	FCDC FunctionalConstraint = "DC"
	// FCSG is Setting group.
	FCSG FunctionalConstraint = "SG"
	// FCSE is Setting group editable.
	FCSE FunctionalConstraint = "SE"
	// FCSR is Service response / service tracking.
	FCSR FunctionalConstraint = "SR"
	// FCOR is Operate received.
	FCOR FunctionalConstraint = "OR"
	// FCBL is Blocking.
	FCBL FunctionalConstraint = "BL"
	// FCEX is Extended definition.
	FCEX FunctionalConstraint = "EX"
	// FCCO is Control.
	FCCO FunctionalConstraint = "CO"
	// FCUS is Unicast SV.
	FCUS FunctionalConstraint = "US"
	// FCMS is Multicast SV.
	FCMS FunctionalConstraint = "MS"
	// FCRP is Unbuffered report.
	FCRP FunctionalConstraint = "RP"
	// FCBR is Buffered report.
	FCBR FunctionalConstraint = "BR"
	// FCLG is Log control blocks.
	FCLG FunctionalConstraint = "LG"
	// FCGO is GOOSE control blocks.
	FCGO FunctionalConstraint = "GO"
)

// ParseFC parses a string as a functional constraint.
// Returns [ErrInvalidFunctionalConstraint] if the string is not a
// recognized FC value.
func ParseFC(s string) (FunctionalConstraint, error) {
	fc := FunctionalConstraint(s)
	if !fc.IsValid() {
		return "", fmt.Errorf("%w: %q", ErrInvalidFunctionalConstraint, s)
	}
	return fc, nil
}

// IsValid reports whether fc is a recognized functional constraint.
func (fc FunctionalConstraint) IsValid() bool {
	switch fc {
	case FCST, FCMX, FCSP, FCSV, FCCF, FCDC, FCSG, FCSE,
		FCSR, FCOR, FCBL, FCEX, FCCO, FCUS, FCMS, FCRP,
		FCBR, FCLG, FCGO:
		return true
	default:
		return false
	}
}

// Description returns a human-readable description of the functional
// constraint (e.g., "Status" for ST). Returns "Unknown" for
// unrecognized values.
func (fc FunctionalConstraint) Description() string {
	switch fc {
	case FCST:
		return "Status"
	case FCMX:
		return "Measurands"
	case FCSP:
		return "Setpoint"
	case FCSV:
		return "Substitution"
	case FCCF:
		return "Configuration"
	case FCDC:
		return "Description"
	case FCSG:
		return "Setting group"
	case FCSE:
		return "Setting group editable"
	case FCSR:
		return "Service response"
	case FCOR:
		return "Operate received"
	case FCBL:
		return "Blocking"
	case FCEX:
		return "Extended definition"
	case FCCO:
		return "Control"
	case FCUS:
		return "Unicast SV"
	case FCMS:
		return "Multicast SV"
	case FCRP:
		return "Unbuffered report"
	case FCBR:
		return "Buffered report"
	case FCLG:
		return "Log control"
	case FCGO:
		return "GOOSE control"
	default:
		return "Unknown"
	}
}

// String returns the two-letter FC code.
func (fc FunctionalConstraint) String() string {
	return string(fc)
}

// allFCs is the canonical list of FC values, allocated once.
var allFCs = []FunctionalConstraint{
	FCST, FCMX, FCSP, FCSV, FCCF, FCDC, FCSG, FCSE,
	FCSR, FCOR, FCBL, FCEX, FCCO, FCUS, FCMS, FCRP,
	FCBR, FCLG, FCGO,
}

// AllFunctionalConstraints returns all valid functional constraint
// values in a stable, specification-defined order. The returned
// slice is a copy — callers may modify it freely.
func AllFunctionalConstraints() []FunctionalConstraint {
	cp := make([]FunctionalConstraint, len(allFCs))
	copy(cp, allFCs)
	return cp
}

=== END ./fc.go ===
=== START ./file.go ===
package iec61850

import (
	"context"
	"errors"
	"fmt"
	"io"
	"sort"
	"time"
)

// FileEntry describes a single file on an IEC 61850 / MMS server.
type FileEntry struct {
	// Name is the file path as returned by the server.
	Name string

	// Size is the file size in bytes.
	Size int64

	// LastModified is the file's last modification timestamp.
	LastModified time.Time
}

// ListFiles returns the directory listing for the given file path
// pattern on the server. An empty pattern lists the root directory.
//
// Pagination is handled internally; all matching entries are returned.
// Results are sorted by name for stable, deterministic output.
func (c *Client) ListFiles(ctx context.Context, pattern string) ([]FileEntry, error) {
	if err := c.checkOpen(); err != nil {
		return nil, err
	}

	mmsEntries, err := c.mmsClient.FileDirectoryAll(ctx, pattern)
	if err != nil {
		return nil, fmt.Errorf("iec61850: list files %q: %w", pattern, err)
	}

	entries := make([]FileEntry, len(mmsEntries))
	for i, e := range mmsEntries {
		entries[i] = FileEntry{
			Name:         e.Name,
			Size:         e.Size,
			LastModified: e.LastModified,
		}
	}

	sort.Slice(entries, func(i, j int) bool { return entries[i].Name < entries[j].Name })

	c.logger.Debug("iec61850: list files", "pattern", pattern, "count", len(entries))
	return entries, nil
}

// ReadFile reads an entire file from the server and returns its contents.
//
// For large files, prefer [Client.DownloadFile] which streams to an
// [io.Writer] without buffering the entire file in memory.
func (c *Client) ReadFile(ctx context.Context, fileName string) ([]byte, *FileEntry, error) {
	if err := c.checkOpen(); err != nil {
		return nil, nil, err
	}
	if fileName == "" {
		return nil, nil, fmt.Errorf("iec61850: read file: %w: empty file name", ErrInvalidArgument)
	}

	data, openResult, err := c.mmsClient.DownloadFile(ctx, fileName)
	if err != nil {
		return nil, nil, fmt.Errorf("iec61850: read file %q: %w", fileName, err)
	}

	entry := &FileEntry{
		Name:         fileName,
		Size:         openResult.Size,
		LastModified: openResult.LastModified,
	}

	c.logger.Debug("iec61850: read file", "name", fileName, "size", len(data))
	return data, entry, nil
}

// DownloadFile streams a file from the server to the provided writer.
// This is the preferred method for large files as it does not buffer
// the entire file in memory.
//
// The returned [FileEntry] contains the file metadata (size, timestamp).
// The actual number of bytes written may differ from FileEntry.Size if
// the server reports an approximate size.
func (c *Client) DownloadFile(ctx context.Context, fileName string, w io.Writer) (*FileEntry, error) {
	if err := c.checkOpen(); err != nil {
		return nil, err
	}
	if fileName == "" {
		return nil, fmt.Errorf("iec61850: download file: %w: empty file name", ErrInvalidArgument)
	}
	if w == nil {
		return nil, fmt.Errorf("iec61850: download file %q: %w: nil writer", fileName, ErrInvalidArgument)
	}

	openResult, err := c.mmsClient.FileOpen(ctx, fileName)
	if err != nil {
		return nil, fmt.Errorf("iec61850: download file %q: open: %w", fileName, err)
	}

	closeAndWrap := func(primary error) error {
		closeErr := c.mmsClient.FileClose(ctx, openResult.FrsmID)
		if closeErr != nil {
			return errors.Join(primary, fmt.Errorf("iec61850: download file %q: close: %w", fileName, closeErr))
		}
		return primary
	}

	var totalWritten int64
	for {
		chunk, readErr := c.mmsClient.FileRead(ctx, openResult.FrsmID)
		if readErr != nil {
			return nil, closeAndWrap(fmt.Errorf("iec61850: download file %q: read: %w", fileName, readErr))
		}

		if len(chunk.Data) > 0 {
			n, writeErr := w.Write(chunk.Data)
			totalWritten += int64(n)
			if writeErr != nil {
				return nil, closeAndWrap(fmt.Errorf("iec61850: download file %q: write: %w", fileName, writeErr))
			}
			if n != len(chunk.Data) {
				return nil, closeAndWrap(fmt.Errorf("iec61850: download file %q: %w", fileName, io.ErrShortWrite))
			}
		}

		if !chunk.MoreFollows {
			break
		}
	}

	if err := c.mmsClient.FileClose(ctx, openResult.FrsmID); err != nil {
		return &FileEntry{
			Name:         fileName,
			Size:         openResult.Size,
			LastModified: openResult.LastModified,
		}, fmt.Errorf("iec61850: download file %q: close: %w", fileName, err)
	}

	entry := &FileEntry{
		Name:         fileName,
		Size:         openResult.Size,
		LastModified: openResult.LastModified,
	}

	c.logger.Debug("iec61850: download file", "name", fileName, "bytes", totalWritten)
	return entry, nil
}

// DeleteFile deletes a file on the server.
func (c *Client) DeleteFile(ctx context.Context, fileName string) error {
	if err := c.checkOpen(); err != nil {
		return err
	}
	if fileName == "" {
		return fmt.Errorf("iec61850: delete file: %w: empty file name", ErrInvalidArgument)
	}

	if err := c.mmsClient.FileDelete(ctx, fileName); err != nil {
		return fmt.Errorf("iec61850: delete file %q: %w", fileName, err)
	}

	c.logger.Debug("iec61850: delete file", "name", fileName)
	return nil
}

// RenameFile renames a file on the server.
func (c *Client) RenameFile(ctx context.Context, currentName, newName string) error {
	if err := c.checkOpen(); err != nil {
		return err
	}
	if currentName == "" {
		return fmt.Errorf("iec61850: rename file: %w: empty current name", ErrInvalidArgument)
	}
	if newName == "" {
		return fmt.Errorf("iec61850: rename file: %w: empty new name", ErrInvalidArgument)
	}

	if err := c.mmsClient.FileRename(ctx, currentName, newName); err != nil {
		return fmt.Errorf("iec61850: rename file %q → %q: %w", currentName, newName, err)
	}

	c.logger.Debug("iec61850: rename file", "from", currentName, "to", newName)
	return nil
}

// ObtainFile instructs the server to copy a file from sourceFile to
// destinationFile. This is the standard MMS file transfer mechanism
// for "uploading" data — the server fetches the source file.
//
// In IEC 61850 deployments, ObtainFile is typically used for
// configuration file transfer (e.g. SCL/CID files) where the server
// pulls a file from an engineering workstation or another IED.
//
// Note: MMS does not define a direct client-to-server file write
// (push) operation. ObtainFile is the closest equivalent, but it
// requires the server to be able to reach the source file path.
func (c *Client) ObtainFile(ctx context.Context, sourceFile, destinationFile string) error {
	if err := c.checkOpen(); err != nil {
		return err
	}
	if sourceFile == "" {
		return fmt.Errorf("iec61850: obtain file: %w: empty source file name", ErrInvalidArgument)
	}
	if destinationFile == "" {
		return fmt.Errorf("iec61850: obtain file: %w: empty destination file name", ErrInvalidArgument)
	}

	if err := c.mmsClient.ObtainFile(ctx, sourceFile, destinationFile); err != nil {
		return fmt.Errorf("iec61850: obtain file %q → %q: %w", sourceFile, destinationFile, err)
	}

	c.logger.Debug("iec61850: obtain file", "source", sourceFile, "dest", destinationFile)
	return nil
}

// GetFileAttributes retrieves the metadata (size, last modified) for
// a single file without reading its contents.
//
// Implementation note: MMS does not define a dedicated metadata-only
// call. This method opens and immediately closes the file to obtain
// the metadata from the FileOpen response. If go-mms gains a pure
// metadata accessor (e.g., via FileDirectory with an exact path),
// this should switch to that to avoid the open/close overhead and
// potential server-side side effects.
func (c *Client) GetFileAttributes(ctx context.Context, fileName string) (*FileEntry, error) {
	if err := c.checkOpen(); err != nil {
		return nil, err
	}
	if fileName == "" {
		return nil, fmt.Errorf("iec61850: get file attributes: %w: empty file name", ErrInvalidArgument)
	}

	openResult, err := c.mmsClient.FileOpen(ctx, fileName)
	if err != nil {
		return nil, fmt.Errorf("iec61850: get file attributes %q: open: %w", fileName, err)
	}

	if err := c.mmsClient.FileClose(ctx, openResult.FrsmID); err != nil {
		return &FileEntry{
			Name:         fileName,
			Size:         openResult.Size,
			LastModified: openResult.LastModified,
		}, fmt.Errorf("iec61850: get file attributes %q: close: %w", fileName, err)
	}

	return &FileEntry{
		Name:         fileName,
		Size:         openResult.Size,
		LastModified: openResult.LastModified,
	}, nil
}

=== END ./file.go ===
=== START ./internal/mapping/names.go ===
// Package mapping provides internal helpers for translating between
// MMS named variables and IEC 61850 model structure.
package mapping

import (
	"sort"
	"strings"
)

// ExtractLogicalNodes returns the unique logical node names from a list
// of MMS item IDs within a domain. Only item IDs that follow the
// IEC 61850 convention (LN$FC$path..., at least two $-delimited
// segments) are considered. Plain MMS variables without $ separators
// are ignored.
//
// The returned names are sorted alphabetically.
func ExtractLogicalNodes(items []string) []string {
	seen := make(map[string]struct{}, len(items)/4)
	for _, item := range items {
		pv, ok := ParseItemID(item)
		if !ok {
			continue
		}
		seen[pv.LN] = struct{}{}
	}

	names := make([]string, 0, len(seen))
	for name := range seen {
		names = append(names, name)
	}
	sort.Strings(names)
	return names
}

// ParsedVariable represents a single MMS variable name decomposed into
// IEC 61850 components.
type ParsedVariable struct {
	LN   string
	FC   string
	Path []string // DO/DA path segments after LN$FC
}

// ParseItemID decomposes an MMS item ID into its IEC 61850 components.
// Returns ok=false if the item ID has fewer than 2 segments (LN + FC),
// or if any segment (LN, FC, or path component) is empty.
func ParseItemID(itemID string) (ParsedVariable, bool) {
	parts := strings.Split(itemID, "$")
	if len(parts) < 2 {
		return ParsedVariable{}, false
	}

	ln := parts[0]
	fc := parts[1]
	if ln == "" || fc == "" {
		return ParsedVariable{}, false
	}

	var path []string
	if len(parts) > 2 {
		path = parts[2:]
		for _, p := range path {
			if p == "" {
				return ParsedVariable{}, false
			}
		}
	}

	return ParsedVariable{LN: ln, FC: fc, Path: path}, true
}

// ExtractDataObjects returns the unique top-level data object names
// for a given logical node from a list of MMS item IDs. Only items
// matching the specified LN are considered. The DO name is the third
// $-delimited segment (position after LN$FC$).
//
// The returned names are sorted alphabetically.
func ExtractDataObjects(items []string, lnName string) []string {
	seen := make(map[string]struct{})
	prefix := lnName + "$"
	for _, item := range items {
		if !strings.HasPrefix(item, prefix) {
			continue
		}
		pv, ok := ParseItemID(item)
		if !ok || len(pv.Path) == 0 {
			continue
		}
		seen[pv.Path[0]] = struct{}{}
	}

	names := make([]string, 0, len(seen))
	for name := range seen {
		names = append(names, name)
	}
	sort.Strings(names)
	return names
}

// ExtractChildren returns the unique direct child names at a given
// path depth for a specific LN. The basePath identifies the parent
// (e.g., ["Mod"] for children of LN$FC$Mod). Only items that extend
// beyond basePath by exactly one segment are included.
//
// The returned names are sorted alphabetically.
func ExtractChildren(items []string, lnName string, basePath []string) []string {
	seen := make(map[string]struct{})
	prefix := lnName + "$"
	targetDepth := len(basePath) + 1

	for _, item := range items {
		if !strings.HasPrefix(item, prefix) {
			continue
		}
		pv, ok := ParseItemID(item)
		if !ok || len(pv.Path) < targetDepth {
			continue
		}
		if !pathHasPrefix(pv.Path, basePath) {
			continue
		}
		seen[pv.Path[len(basePath)]] = struct{}{}
	}

	names := make([]string, 0, len(seen))
	for name := range seen {
		names = append(names, name)
	}
	sort.Strings(names)
	return names
}

// GroupByFC groups MMS item IDs by functional constraint for a given LN.
// Returns a map from FC string to the list of item IDs with that FC.
func GroupByFC(items []string, lnName string) map[string][]string {
	groups := make(map[string][]string)
	prefix := lnName + "$"
	for _, item := range items {
		if !strings.HasPrefix(item, prefix) {
			continue
		}
		pv, ok := ParseItemID(item)
		if !ok {
			continue
		}
		groups[pv.FC] = append(groups[pv.FC], item)
	}
	return groups
}

// ExtractFCsForLN returns the unique FCs observed for a given LN
// across all its MMS item IDs. The returned strings are sorted.
func ExtractFCsForLN(items []string, lnName string) []string {
	seen := make(map[string]struct{})
	prefix := lnName + "$"
	for _, item := range items {
		if !strings.HasPrefix(item, prefix) {
			continue
		}
		pv, ok := ParseItemID(item)
		if !ok {
			continue
		}
		seen[pv.FC] = struct{}{}
	}
	fcs := make([]string, 0, len(seen))
	for fc := range seen {
		fcs = append(fcs, fc)
	}
	sort.Strings(fcs)
	return fcs
}

// ExtractFCsForPath returns the unique FCs observed for items at or
// under a given path within a LN. The returned strings are sorted.
func ExtractFCsForPath(items []string, lnName string, basePath []string) []string {
	seen := make(map[string]struct{})
	prefix := lnName + "$"
	for _, item := range items {
		if !strings.HasPrefix(item, prefix) {
			continue
		}
		pv, ok := ParseItemID(item)
		if !ok || len(pv.Path) < len(basePath) {
			continue
		}
		if !pathHasPrefix(pv.Path, basePath) {
			continue
		}
		seen[pv.FC] = struct{}{}
	}
	fcs := make([]string, 0, len(seen))
	for fc := range seen {
		fcs = append(fcs, fc)
	}
	sort.Strings(fcs)
	return fcs
}

func pathHasPrefix(path, prefix []string) bool {
	if len(path) < len(prefix) {
		return false
	}
	for i, p := range prefix {
		if path[i] != p {
			return false
		}
	}
	return true
}

=== END ./internal/mapping/names.go ===
=== START ./internal/sclindex/doc.go ===
// Package sclindex is reserved for centralizing SCL DataTypeTemplates
// lookup and cycle-detection logic that is currently duplicated across
// the servermodel and (future) client-side model expansion packages.
//
// Planned contents:
//   - Indexed access to DOType, DAType, EnumType, and LNodeType by id.
//   - Cycle-safe recursive expansion of DO/DA hierarchies.
//   - Shared helpers for DAI/SDI override resolution.
//
// TODO: migrate indexDOTypes, indexDATypes, indexEnumTypes and related
// expansion functions from internal/servermodel/fromscl.go into this
// package once a second consumer (e.g. client-side SCL model) exists.
package sclindex

=== END ./internal/sclindex/doc.go ===
=== START ./internal/servermodel/config.go ===
package servermodel

import (
	"encoding/json"
	"fmt"
	"io"
	"strings"
)

// GenerateConfig writes a human-readable configuration summary of the
// server model. This is intended for `iec61850ctl server generate-config`
// style CLI output — it is an adapter/output format, not a canonical
// internal representation.
//
// The output format is JSON for easy consumption by tooling.
func GenerateConfig(w io.Writer, m *Model) error {
	if m == nil {
		return fmt.Errorf("servermodel: nil model")
	}
	cfg := modelToConfig(m)
	enc := json.NewEncoder(w)
	enc.SetIndent("", "  ")
	return enc.Encode(cfg)
}

// ServerConfig is the JSON-serializable config output.
type ServerConfig struct {
	LogicalDevices []LDConfig `json:"logicalDevices"`
}

// LDConfig describes a logical device in the config output.
type LDConfig struct {
	Name         string     `json:"name"`
	LogicalNodes []LNConfig `json:"logicalNodes"`
}

// LNConfig describes a logical node in the config output.
type LNConfig struct {
	Name     string      `json:"name"`
	LNClass  string      `json:"lnClass"`
	Objects  []DOConfig  `json:"dataObjects,omitempty"`
	DataSets []DSConfig  `json:"dataSets,omitempty"`
	Reports  []RptConfig `json:"reports,omitempty"`
}

// DOConfig describes a data object in the config output.
type DOConfig struct {
	Name       string     `json:"name"`
	CDC        string     `json:"cdc,omitempty"`
	Children   []DOConfig `json:"children,omitempty"`
	Attributes []DAConfig `json:"attributes,omitempty"`
}

// DAConfig describes a data attribute in the config output.
type DAConfig struct {
	Name         string     `json:"name"`
	FC           string     `json:"fc"`
	BType        string     `json:"bType"`
	InitialValue string     `json:"initialValue,omitempty"`
	Children     []DAConfig `json:"children,omitempty"`
}

// DSConfig describes a dataset in the config output.
type DSConfig struct {
	Name    string           `json:"name"`
	Members []DSMemberConfig `json:"members"`
}

// DSMemberConfig describes a dataset member in the config output.
type DSMemberConfig struct {
	LDInst string `json:"ldInst,omitempty"`
	LNName string `json:"lnName"`
	DOPath string `json:"doPath"`
	FC     string `json:"fc"`
}

// RptConfig describes a report control block in the config output.
type RptConfig struct {
	Name     string `json:"name"`
	RptID    string `json:"rptID,omitempty"`
	DatSet   string `json:"datSet"`
	ConfRev  uint32 `json:"confRev"`
	Buffered bool   `json:"buffered"`
	BufTime  uint32 `json:"bufTime,omitempty"`
	IntgPd   uint32 `json:"intgPd,omitempty"`
}

func modelToConfig(m *Model) ServerConfig {
	cfg := ServerConfig{}
	for _, ld := range m.LogicalDevices {
		ldCfg := LDConfig{Name: ld.Name}
		for _, ln := range ld.LogicalNodes {
			lnCfg := LNConfig{
				Name:    ln.Name,
				LNClass: ln.LNClass,
			}
			for _, obj := range ln.DataObjects {
				lnCfg.Objects = append(lnCfg.Objects, doToConfig(&obj))
			}
			for _, ds := range ln.DataSets {
				lnCfg.DataSets = append(lnCfg.DataSets, dsToConfig(&ds))
			}
			for _, rpt := range ln.Reports {
				lnCfg.Reports = append(lnCfg.Reports, rptToConfig(&rpt))
			}
			ldCfg.LogicalNodes = append(ldCfg.LogicalNodes, lnCfg)
		}
		cfg.LogicalDevices = append(cfg.LogicalDevices, ldCfg)
	}
	return cfg
}

func doToConfig(obj *DataObject) DOConfig {
	c := DOConfig{Name: obj.Name, CDC: obj.CDC}
	for _, child := range obj.Children {
		c.Children = append(c.Children, doToConfig(&child))
	}
	for _, attr := range obj.Attributes {
		c.Attributes = append(c.Attributes, daToConfig(&attr))
	}
	return c
}

func daToConfig(attr *DataAttribute) DAConfig {
	c := DAConfig{
		Name:         attr.Name,
		FC:           attr.FC,
		BType:        attr.BType,
		InitialValue: attr.InitialValue,
	}
	for _, child := range attr.Children {
		c.Children = append(c.Children, daToConfig(&child))
	}
	return c
}

func dsToConfig(ds *DataSetDef) DSConfig {
	c := DSConfig{Name: ds.Name}
	for _, m := range ds.Members {
		c.Members = append(c.Members, DSMemberConfig(m))
	}
	return c
}

func rptToConfig(rpt *ReportDef) RptConfig {
	return RptConfig{
		Name:     rpt.Name,
		RptID:    rpt.RptID,
		DatSet:   rpt.DatSet,
		ConfRev:  rpt.ConfRev,
		Buffered: rpt.Buffered,
		BufTime:  rpt.BufTime,
		IntgPd:   rpt.IntgPd,
	}
}

// GenerateMMS writes a summary of the MMS variable registry that would
// be created from the model. This shows the domain → item ID mapping
// without actually registering anything.
//
// The output includes leaf variables, named variable lists (datasets),
// and report control block pseudo-variables with their store keys.
func GenerateMMS(w io.Writer, m *Model) error {
	if m == nil {
		return fmt.Errorf("servermodel: nil model")
	}
	for _, ld := range m.LogicalDevices {
		if _, err := fmt.Fprintf(w, "domain: %s\n", ld.Name); err != nil {
			return err
		}
		for _, ln := range ld.LogicalNodes {
			for _, obj := range ln.DataObjects {
				if err := printDO(w, ld.Name, ln.Name, nil, &obj); err != nil {
					return err
				}
			}
			for _, ds := range ln.DataSets {
				nvlName := ln.Name + "$" + ds.Name
				if _, err := fmt.Fprintf(w, "  nvl: %s/%s\n", ld.Name, nvlName); err != nil {
					return err
				}
			}
			for _, rpt := range ln.Reports {
				if err := printRCB(w, ld.Name, ln.Name, &rpt); err != nil {
					return err
				}
			}
		}
	}
	return nil
}

func printDO(w io.Writer, ldName, lnName string, parentPath []string, obj *DataObject) error {
	for _, child := range obj.Children {
		childPath := append(append([]string(nil), parentPath...), obj.Name)
		if err := printDO(w, ldName, lnName, childPath, &child); err != nil {
			return err
		}
	}
	for _, attr := range obj.Attributes {
		attrPath := append(append([]string(nil), parentPath...), obj.Name)
		if err := printDA(w, ldName, lnName, attrPath, &attr); err != nil {
			return err
		}
	}
	return nil
}

func printRCB(w io.Writer, ldName, lnName string, rpt *ReportDef) error {
	prefix := "RP"
	if rpt.Buffered {
		prefix = "BR"
	}
	rcbItemID := lnName + "$" + prefix + "$" + rpt.Name
	storeKey := ldName + "/" + rcbItemID

	kind := "urcb"
	if rpt.Buffered {
		kind = "brcb"
	}
	if _, err := fmt.Fprintf(w, "  %s: %s/%s  store=%s  datSet=%s\n",
		kind, ldName, rcbItemID, storeKey, rpt.DatSet); err != nil {
		return err
	}

	subfields := []string{"RptID", "RptEna", "DatSet", "ConfRev", "OptFlds", "BufTm", "SqNum", "TrgOps", "IntgPd", "GI"}
	if !rpt.Buffered {
		subfields = append(subfields, "Resv")
	} else {
		subfields = append(subfields, "PurgeBuf", "EntryID", "TimeOfEntry")
	}
	for _, sf := range subfields {
		subItemID := rcbItemID + "$" + sf
		subKey := ldName + "/" + subItemID
		if _, err := fmt.Fprintf(w, "    sub: %s  store=%s\n", subItemID, subKey); err != nil {
			return err
		}
	}
	return nil
}

func printDA(w io.Writer, ldName, lnName string, path []string, attr *DataAttribute) error {
	if len(attr.Children) > 0 {
		childPath := append(append([]string(nil), path...), attr.Name)
		for _, child := range attr.Children {
			fc := child.FC
			if fc == "" {
				fc = attr.FC
			}
			childCopy := child
			childCopy.FC = fc
			if err := printDA(w, ldName, lnName, childPath, &childCopy); err != nil {
				return err
			}
		}
		return nil
	}

	fullPath := append(append([]string(nil), path...), attr.Name)
	itemID := lnName + "$" + attr.FC + "$" + strings.Join(fullPath, "$")
	_, err := fmt.Fprintf(w, "  var: %s/%s  [%s] %s\n", ldName, itemID, attr.FC, attr.BType)
	return err
}

=== END ./internal/servermodel/config.go ===
=== START ./internal/servermodel/fromscl.go ===
package servermodel

import (
	"fmt"
	"strings"

	"github.com/otfabric/go-iec61850/scl"
)

// FromSCL builds a server [Model] from the first Server element found
// in the specified IED/AccessPoint of the parsed SCL. If apName is
// empty, the first AccessPoint with a Server is used.
//
// Type information (DOType, DAType, EnumType) is resolved from the
// SCL DataTypeTemplates to produce fully expanded data objects with
// their attribute hierarchies.
func FromSCL(s *scl.SCL, iedName, apName string) (*Model, error) {
	if s == nil {
		return nil, fmt.Errorf("servermodel: nil SCL")
	}

	ied := s.FindIED(iedName)
	if ied == nil {
		return nil, fmt.Errorf("servermodel: IED %q not found", iedName)
	}

	srv, err := findServer(ied, apName)
	if err != nil {
		return nil, fmt.Errorf("servermodel: %w", err)
	}
	if srv == nil {
		if apName != "" {
			return nil, fmt.Errorf("servermodel: no Server in IED %q AccessPoint %q", iedName, apName)
		}
		return nil, fmt.Errorf("servermodel: no Server in IED %q", iedName)
	}

	dotIdx := indexDOTypes(s)
	datIdx := indexDATypes(s)
	enumIdx := indexEnumTypes(s)

	m := &Model{}
	var warnings []string
	for _, sclLD := range srv.LDevices {
		ld, err := convertLD(s, &sclLD, dotIdx, datIdx, enumIdx, &warnings)
		if err != nil {
			return nil, fmt.Errorf("servermodel: LD %q: %w", sclLD.Inst, err)
		}
		m.LogicalDevices = append(m.LogicalDevices, *ld)
	}
	m.Warnings = warnings

	return m, nil
}

func findServer(ied *scl.IED, apName string) (*scl.Server, error) {
	if apName != "" {
		for i := range ied.AccessPoints {
			ap := &ied.AccessPoints[i]
			if ap.Name == apName && ap.Server != nil {
				return ap.Server, nil
			}
		}
		return nil, nil
	}
	var found *scl.Server
	var count int
	for i := range ied.AccessPoints {
		ap := &ied.AccessPoints[i]
		if ap.Server != nil {
			found = ap.Server
			count++
		}
	}
	if count > 1 {
		return nil, fmt.Errorf("IED %q has %d AccessPoints with Server elements; specify apName to disambiguate", ied.Name, count)
	}
	return found, nil
}

func indexDOTypes(s *scl.SCL) map[string]*scl.DOType {
	idx := make(map[string]*scl.DOType, len(s.DataTypeTemplates.DOTypes))
	for i := range s.DataTypeTemplates.DOTypes {
		dot := &s.DataTypeTemplates.DOTypes[i]
		idx[dot.ID] = dot
	}
	return idx
}

func indexDATypes(s *scl.SCL) map[string]*scl.DAType {
	idx := make(map[string]*scl.DAType, len(s.DataTypeTemplates.DATypes))
	for i := range s.DataTypeTemplates.DATypes {
		dat := &s.DataTypeTemplates.DATypes[i]
		idx[dat.ID] = dat
	}
	return idx
}

func indexEnumTypes(s *scl.SCL) map[string]*scl.EnumType {
	idx := make(map[string]*scl.EnumType, len(s.DataTypeTemplates.EnumTypes))
	for i := range s.DataTypeTemplates.EnumTypes {
		et := &s.DataTypeTemplates.EnumTypes[i]
		idx[et.ID] = et
	}
	return idx
}

func convertLD(s *scl.SCL, sclLD *scl.LDevice, dotIdx map[string]*scl.DOType, datIdx map[string]*scl.DAType, enumIdx map[string]*scl.EnumType, warnings *[]string) (*LogicalDevice, error) {
	ld := &LogicalDevice{Name: sclLD.Inst}

	if sclLD.LN0 != nil {
		ln, err := convertLN(s, sclLD.LN0, dotIdx, datIdx, enumIdx, sclLD.Inst, warnings)
		if err != nil {
			return nil, fmt.Errorf("LLN0: %w", err)
		}
		ld.LogicalNodes = append(ld.LogicalNodes, *ln)
	}

	for i := range sclLD.LNs {
		ln, err := convertLN(s, &sclLD.LNs[i], dotIdx, datIdx, enumIdx, sclLD.Inst, warnings)
		if err != nil {
			return nil, fmt.Errorf("LN %s: %w", lnName(&sclLD.LNs[i]), err)
		}
		ld.LogicalNodes = append(ld.LogicalNodes, *ln)
	}

	return ld, nil
}

func lnName(ln *scl.LN) string {
	return ln.Prefix + ln.LNClass + ln.Inst
}

func convertLN(s *scl.SCL, sclLN *scl.LN, dotIdx map[string]*scl.DOType, datIdx map[string]*scl.DAType, enumIdx map[string]*scl.EnumType, ldInst string, warnings *[]string) (*LogicalNode, error) {
	name := lnName(sclLN)
	ln := &LogicalNode{
		Name:    name,
		LNClass: sclLN.LNClass,
	}

	if sclLN.LNType == "" {
		return nil, fmt.Errorf("empty LNType")
	}
	lnt := findLNodeType(s, sclLN.LNType)
	if lnt == nil {
		return nil, fmt.Errorf("unresolved LNodeType %q", sclLN.LNType)
	}

	doNames := make(map[string]bool, len(lnt.DOs))
	for _, do := range lnt.DOs {
		doNames[do.Name] = true
		obj, err := expandDO(do, dotIdx, datIdx, enumIdx, nil)
		if err != nil {
			return nil, fmt.Errorf("DO %s: %w", do.Name, err)
		}
		prefix := ldInst + "/" + name + "." + do.Name
		applyDAIOverrides(&obj, sclLN.DOIs, prefix, warnings)
		ln.DataObjects = append(ln.DataObjects, obj)
	}

	if warnings != nil {
		for _, doi := range sclLN.DOIs {
			if !doNames[doi.Name] {
				*warnings = append(*warnings, fmt.Sprintf(
					"%s/%s: DOI %q does not match any DO in LNodeType %q",
					ldInst, name, doi.Name, sclLN.LNType))
			}
		}
	}

	for _, sclDS := range sclLN.DataSets {
		ln.DataSets = append(ln.DataSets, convertDataSet(&sclDS))
	}

	for _, sclRpt := range sclLN.Reports {
		ln.Reports = append(ln.Reports, convertReport(&sclRpt))
	}

	for _, sclLog := range sclLN.Logs {
		ln.Logs = append(ln.Logs, LogDef{Name: sclLog.Name})
	}

	if sclLN.SettingControl != nil {
		actSG := sclLN.SettingControl.ActSG
		if actSG == 0 {
			actSG = 1
		}
		ln.SettingGroup = &SettingGroupDef{
			NumOfSGs: sclLN.SettingControl.NumOfSGs,
			ActSG:    actSG,
			ResvTms:  sclLN.SettingControl.ResvTms,
		}
	}

	return ln, nil
}

func findLNodeType(s *scl.SCL, id string) *scl.LNodeType {
	for i := range s.DataTypeTemplates.LNodeTypes {
		if s.DataTypeTemplates.LNodeTypes[i].ID == id {
			return &s.DataTypeTemplates.LNodeTypes[i]
		}
	}
	return nil
}

func expandDO(do scl.DO, dotIdx map[string]*scl.DOType, datIdx map[string]*scl.DAType, enumIdx map[string]*scl.EnumType, visited map[string]bool) (DataObject, error) {
	obj := DataObject{Name: do.Name}

	dot, ok := dotIdx[do.Type]
	if !ok {
		return obj, fmt.Errorf("unresolved DOType %q", do.Type)
	}
	obj.CDC = dot.CDC

	if visited == nil {
		visited = make(map[string]bool)
	}
	if visited[do.Type] {
		return obj, nil
	}
	visited[do.Type] = true
	defer delete(visited, do.Type)

	for _, sdo := range dot.SDOs {
		child, err := expandDO(scl.DO{Name: sdo.Name, Type: sdo.Type}, dotIdx, datIdx, enumIdx, visited)
		if err != nil {
			return obj, err
		}
		obj.Children = append(obj.Children, child)
	}

	for _, da := range dot.DAs {
		attr, err := expandDA(da.Name, da.FC, da.BType, da.Type, da.Val, datIdx, enumIdx, nil)
		if err != nil {
			return obj, fmt.Errorf("DA %s: %w", da.Name, err)
		}
		obj.Attributes = append(obj.Attributes, attr)
	}

	return obj, nil
}

func expandDA(name, fc, btype, typeRef, val string, datIdx map[string]*scl.DAType, enumIdx map[string]*scl.EnumType, visited map[string]bool) (DataAttribute, error) {
	attr := DataAttribute{
		Name:         name,
		FC:           fc,
		BType:        btype,
		InitialValue: val,
	}

	if btype == "Enum" && typeRef != "" && enumIdx != nil {
		if et, ok := enumIdx[typeRef]; ok {
			attr.EnumValues = make([]int, len(et.Vals))
			for i, ev := range et.Vals {
				attr.EnumValues[i] = ev.Ord
			}
		}
	}

	if btype != "Struct" {
		return attr, nil
	}
	if typeRef == "" {
		return attr, fmt.Errorf("struct DA %q has no type reference", name)
	}

	dat, ok := datIdx[typeRef]
	if !ok {
		return attr, fmt.Errorf("unresolved DAType %q for DA %q", typeRef, name)
	}

	if visited == nil {
		visited = make(map[string]bool)
	}
	if visited[typeRef] {
		return attr, nil
	}
	visited[typeRef] = true
	defer delete(visited, typeRef)

	for _, bda := range dat.BDAs {
		child, err := expandDA(bda.Name, fc, bda.BType, bda.Type, bda.Val, datIdx, enumIdx, visited)
		if err != nil {
			return attr, err
		}
		attr.Children = append(attr.Children, child)
	}

	return attr, nil
}

func applyDAIOverrides(obj *DataObject, dois []scl.DOI, prefix string, warnings *[]string) {
	for _, doi := range dois {
		if doi.Name != obj.Name {
			continue
		}
		for _, dai := range doi.DAIs {
			if !setDAIValue(obj, dai.Name, dai.Val) && warnings != nil {
				*warnings = append(*warnings, fmt.Sprintf(
					"%s: DAI %q does not match any attribute", prefix, dai.Name))
			}
		}
		for _, sdi := range doi.SDIs {
			applySDIOverrides(obj, &sdi, prefix, warnings)
		}
	}
}

func applySDIOverrides(obj *DataObject, sdi *scl.SDI, prefix string, warnings *[]string) {
	for i := range obj.Children {
		if obj.Children[i].Name == sdi.Name {
			childPrefix := prefix + "." + sdi.Name
			for _, dai := range sdi.DAIs {
				if !setDAIValue(&obj.Children[i], dai.Name, dai.Val) && warnings != nil {
					*warnings = append(*warnings, fmt.Sprintf(
						"%s: DAI %q does not match any attribute", childPrefix, dai.Name))
				}
			}
			for _, child := range sdi.SDIs {
				applySDIOverrides(&obj.Children[i], &child, childPrefix, warnings)
			}
			return
		}
	}
	for i := range obj.Attributes {
		if obj.Attributes[i].Name == sdi.Name {
			attrPrefix := prefix + "." + sdi.Name
			for _, dai := range sdi.DAIs {
				if !setDAIValueOnAttr(&obj.Attributes[i], dai.Name, dai.Val) && warnings != nil {
					*warnings = append(*warnings, fmt.Sprintf(
						"%s: DAI %q does not match any child", attrPrefix, dai.Name))
				}
			}
			for _, child := range sdi.SDIs {
				applySDIOnAttr(&obj.Attributes[i], &child, attrPrefix, warnings)
			}
			return
		}
	}
	if warnings != nil {
		*warnings = append(*warnings, fmt.Sprintf(
			"%s: SDI %q does not match any child or attribute", prefix, sdi.Name))
	}
}

func applySDIOnAttr(attr *DataAttribute, sdi *scl.SDI, prefix string, warnings *[]string) {
	for i := range attr.Children {
		if attr.Children[i].Name == sdi.Name {
			childPrefix := prefix + "." + sdi.Name
			for _, dai := range sdi.DAIs {
				if !setDAIValueOnAttr(&attr.Children[i], dai.Name, dai.Val) && warnings != nil {
					*warnings = append(*warnings, fmt.Sprintf(
						"%s: DAI %q does not match any child", childPrefix, dai.Name))
				}
			}
			for _, child := range sdi.SDIs {
				applySDIOnAttr(&attr.Children[i], &child, childPrefix, warnings)
			}
			return
		}
	}
	if warnings != nil {
		*warnings = append(*warnings, fmt.Sprintf(
			"%s: SDI %q does not match any child", prefix, sdi.Name))
	}
}

func setDAIValue(obj *DataObject, attrName, val string) bool {
	parts := strings.SplitN(attrName, ".", 2)
	for i := range obj.Attributes {
		if obj.Attributes[i].Name == parts[0] {
			if len(parts) == 1 {
				obj.Attributes[i].InitialValue = val
				obj.Attributes[i].Overridden = true
			} else {
				return setDAIValueOnAttr(&obj.Attributes[i], parts[1], val)
			}
			return true
		}
	}
	return false
}

func setDAIValueOnAttr(attr *DataAttribute, path, val string) bool {
	parts := strings.SplitN(path, ".", 2)
	for i := range attr.Children {
		if attr.Children[i].Name == parts[0] {
			if len(parts) == 1 {
				attr.Children[i].InitialValue = val
				attr.Children[i].Overridden = true
			} else {
				return setDAIValueOnAttr(&attr.Children[i], parts[1], val)
			}
			return true
		}
	}
	return false
}

func convertDataSet(ds *scl.DataSet) DataSetDef {
	def := DataSetDef{Name: ds.Name}
	for _, fcda := range ds.FCDAs {
		m := DataSetMemberDef{
			LDInst: fcda.LDInst,
			LNName: fcda.Prefix + fcda.LNClass + fcda.LNInst,
			FC:     fcda.FC,
		}
		doPath := fcda.DOName
		if fcda.DAName != "" {
			doPath += "." + fcda.DAName
		}
		m.DOPath = doPath
		def.Members = append(def.Members, m)
	}
	return def
}

func convertReport(rpt *scl.ReportControl) ReportDef {
	def := ReportDef{
		Name:     rpt.Name,
		RptID:    rpt.RptID,
		DatSet:   rpt.DatSet,
		ConfRev:  rpt.ConfRev,
		Buffered: rpt.Buffered,
		BufTime:  rpt.BufTime,
		IntgPd:   rpt.IntgPd,
		TrgOps: TrgOpsDef{
			Dchg:   rpt.TrgOps.Dchg,
			Qchg:   rpt.TrgOps.Qchg,
			Dupd:   rpt.TrgOps.Dupd,
			Period: rpt.TrgOps.Period,
			GI:     rpt.TrgOps.GI,
		},
		OptFlds: OptFieldsDef{
			SeqNum:     rpt.OptFields.SeqNum,
			TimeStamp:  rpt.OptFields.TimeStamp,
			DataSet:    rpt.OptFields.DataSet,
			ReasonCode: rpt.OptFields.ReasonCode,
			DataRef:    rpt.OptFields.DataRef,
			EntryID:    rpt.OptFields.EntryID,
			ConfigRef:  rpt.OptFields.ConfigRef,
			BufOvfl:    rpt.OptFields.BufOvfl,
		},
	}
	return def
}

=== END ./internal/servermodel/fromscl.go ===
=== START ./internal/servermodel/model.go ===
// Package servermodel defines the IEC 61850 server-side data model.
//
// These types describe the logical structure of an IEC 61850 MMS
// server: logical devices, logical nodes, data objects, data
// attributes, datasets, and report control blocks. The model is
// Go-native and independent of any wire format or config file layout.
//
// A [Model] is typically built from an SCL file via the config
// generation path and then registered with the MMS server to create
// the variable registry, named variable lists, and report hooks.
package servermodel

import "fmt"

// Model is the top-level container for an IEC 61850 server data model.
// It holds the complete logical structure served by a single MMS server
// (i.e., one AccessPoint/Server in SCL terms).
type Model struct {
	// LogicalDevices are the logical devices served by this model.
	LogicalDevices []LogicalDevice

	// Warnings collects non-fatal issues found during model building,
	// such as unmatched DAI/SDI overrides in the SCL.
	Warnings []string
}

// LogicalDevice represents an IEC 61850 logical device (MMS domain).
type LogicalDevice struct {
	// Name is the logical device instance name (MMS domain ID).
	Name string

	// LogicalNodes are the logical nodes within this LD.
	LogicalNodes []LogicalNode
}

// LogicalNode represents an IEC 61850 logical node.
type LogicalNode struct {
	// Name is the full LN name (prefix + lnClass + inst, e.g. "LLN0", "GGIO1").
	Name string

	// LNClass is the IEC 61850 logical node class (e.g. "LLN0", "GGIO").
	LNClass string

	// DataObjects are the data objects defined for this LN.
	DataObjects []DataObject

	// DataSets are the datasets defined under this LN.
	DataSets []DataSetDef

	// Reports are the report control blocks defined under this LN.
	Reports []ReportDef

	// Logs are the log control block definitions for this LN.
	Logs []LogDef

	// SettingGroup, when non-nil, defines the setting group control
	// block (SGCB) for this LN. Only valid on LLN0.
	SettingGroup *SettingGroupDef
}

// LogDef defines a log control block in the server model.
type LogDef struct {
	// Name is the log name (e.g. "log1").
	Name string
}

// SettingGroupDef defines a setting group control block in the
// server model. It mirrors the SCL SettingControl element.
type SettingGroupDef struct {
	// NumOfSGs is the total number of setting groups.
	NumOfSGs uint8

	// ActSG is the initially active setting group (1-based).
	ActSG uint8

	// ResvTms is the reservation timeout in seconds. 0 means no
	// timeout (the edit reservation does not expire).
	ResvTms uint16
}

// DataObject represents a data object or sub-data object within the
// server model. It contains either nested children (for structured
// DOs) or leaf data attributes.
type DataObject struct {
	// Name is the data object name (e.g. "Mod", "Health").
	Name string

	// CDC is the Common Data Class (e.g. "SPS", "DPC", "INS").
	CDC string

	// Children are nested data objects or sub-data objects.
	Children []DataObject

	// Attributes are the leaf data attributes of this DO.
	Attributes []DataAttribute
}

// DataAttribute represents a leaf data attribute in the server model.
type DataAttribute struct {
	// Name is the attribute name (e.g. "stVal", "q", "t").
	Name string

	// FC is the functional constraint (e.g. "ST", "MX", "CF").
	FC string

	// BType is the basic type (e.g. "BOOLEAN", "INT32", "Enum",
	// "Quality", "Timestamp", "VisString64", "Struct").
	BType string

	// EnumValues holds the valid ordinal values for Enum-typed
	// attributes. Populated from the SCL EnumType during model
	// expansion. Nil for non-Enum types.
	EnumValues []int

	// InitialValue, when non-empty, is the initial value string
	// from the SCL DAI Val element.
	InitialValue string

	// Overridden is true when the InitialValue was set by a
	// DOI/DAI/SDI override rather than the template default.
	Overridden bool

	// Children are sub-attributes for structured types (BType="Struct").
	Children []DataAttribute
}

// DataSetDef defines a dataset in the server model.
type DataSetDef struct {
	// Name is the dataset name (e.g. "dsEvents").
	Name string

	// Members are the FCDAs that make up this dataset.
	Members []DataSetMemberDef
}

// DataSetMemberDef defines a single member (FCDA) of a server-side dataset.
type DataSetMemberDef struct {
	// LDInst is the logical device instance name. Empty means the
	// enclosing LD.
	LDInst string

	// LNName is the full logical node name (prefix+class+inst).
	LNName string

	// DOPath is the dot-separated data object path (e.g. "Mod.stVal").
	DOPath string

	// FC is the functional constraint.
	FC string
}

// ReportDef defines a report control block in the server model.
type ReportDef struct {
	// Name is the RCB name (e.g. "brcbEvents01").
	Name string

	// RptID is the report ID. Empty means auto-derived.
	RptID string

	// DatSet is the dataset name referenced by this RCB.
	DatSet string

	// ConfRev is the configuration revision.
	ConfRev uint32

	// Buffered indicates BRCB (true) vs URCB (false).
	Buffered bool

	// BufTime is the buffer time in milliseconds.
	BufTime uint32

	// IntgPd is the integrity period in milliseconds.
	IntgPd uint32

	// TrgOps specifies which trigger conditions are enabled.
	TrgOps TrgOpsDef

	// OptFlds specifies which optional fields are included.
	OptFlds OptFieldsDef
}

// TrgOpsDef holds trigger option flags for a report control block.
type TrgOpsDef struct {
	Dchg   bool
	Qchg   bool
	Dupd   bool
	Period bool
	GI     bool
}

// OptFieldsDef holds optional-field flags for a report control block.
type OptFieldsDef struct {
	SeqNum     bool
	TimeStamp  bool
	DataSet    bool
	ReasonCode bool
	DataRef    bool
	EntryID    bool
	ConfigRef  bool
	BufOvfl    bool
}

// Validate checks the model for internal consistency. It returns a list
// of validation errors. An empty return means the model is valid.
//
// Limitation: dataset and report cross-references are validated only
// within the same logical node. Cross-LN dataset references (e.g. a
// report in LLN0 referencing a dataset in GGIO1) are flagged as
// errors by this implementation even though IEC 61850 allows them.
// This restriction matches the current server runtime, which does
// not support cross-LN dataset resolution.
func (m *Model) Validate() []error {
	var errs []error

	if len(m.LogicalDevices) == 0 {
		errs = append(errs, fmt.Errorf("model: no logical devices"))
	}

	ldNames := make(map[string]bool)
	for i := range m.LogicalDevices {
		ld := &m.LogicalDevices[i]
		if ld.Name == "" {
			errs = append(errs, fmt.Errorf("model: logical device %d: empty name", i))
		}
		if ldNames[ld.Name] {
			errs = append(errs, fmt.Errorf("model: duplicate logical device name %q", ld.Name))
		}
		ldNames[ld.Name] = true

		errs = append(errs, validateLD(ld)...)
	}

	return errs
}

func validateLD(ld *LogicalDevice) []error {
	var errs []error
	lnNames := make(map[string]bool)
	hasLLN0 := false

	for j := range ld.LogicalNodes {
		ln := &ld.LogicalNodes[j]
		if ln.Name == "" {
			errs = append(errs, fmt.Errorf("model: LD %q: logical node %d: empty name", ld.Name, j))
		}
		if lnNames[ln.Name] {
			errs = append(errs, fmt.Errorf("model: LD %q: duplicate logical node %q", ld.Name, ln.Name))
		}
		lnNames[ln.Name] = true
		if ln.LNClass == "LLN0" {
			hasLLN0 = true
		}
		if ln.LNClass == "" {
			errs = append(errs, fmt.Errorf("model: LD %q LN %q: empty LNClass", ld.Name, ln.Name))
		}

		errs = append(errs, validateDOs(ld.Name, ln.Name, ln.DataObjects)...)

		dsNames := make(map[string]bool)
		for _, ds := range ln.DataSets {
			if ds.Name == "" {
				errs = append(errs, fmt.Errorf("model: LD %q LN %q: dataset with empty name", ld.Name, ln.Name))
			}
			if dsNames[ds.Name] {
				errs = append(errs, fmt.Errorf("model: LD %q LN %q: duplicate dataset %q", ld.Name, ln.Name, ds.Name))
			}
			dsNames[ds.Name] = true
			if len(ds.Members) == 0 {
				errs = append(errs, fmt.Errorf("model: LD %q LN %q: dataset %q has no members", ld.Name, ln.Name, ds.Name))
			}
			for k, m := range ds.Members {
				if m.LNName == "" {
					errs = append(errs, fmt.Errorf("model: LD %q LN %q: dataset %q member %d: empty LNName", ld.Name, ln.Name, ds.Name, k))
				}
				if m.DOPath == "" {
					errs = append(errs, fmt.Errorf("model: LD %q LN %q: dataset %q member %d: empty DOPath", ld.Name, ln.Name, ds.Name, k))
				}
				if m.FC == "" {
					errs = append(errs, fmt.Errorf("model: LD %q LN %q: dataset %q member %d: empty FC", ld.Name, ln.Name, ds.Name, k))
				}
			}
		}

		if ln.SettingGroup != nil && ln.SettingGroup.NumOfSGs == 0 {
			errs = append(errs, fmt.Errorf("model: LD %q LN %q: SGCB NumOfSGs must be >= 1", ld.Name, ln.Name))
		}

		for _, logDef := range ln.Logs {
			if logDef.Name == "" {
				errs = append(errs, fmt.Errorf("model: LD %q LN %q: log with empty name", ld.Name, ln.Name))
			}
		}

		rptNames := make(map[string]bool)
		for _, rpt := range ln.Reports {
			if rpt.Name == "" {
				errs = append(errs, fmt.Errorf("model: LD %q LN %q: report with empty name", ld.Name, ln.Name))
			}
			if rptNames[rpt.Name] {
				errs = append(errs, fmt.Errorf("model: LD %q LN %q: duplicate report %q", ld.Name, ln.Name, rpt.Name))
			}
			rptNames[rpt.Name] = true
			if rpt.DatSet == "" {
				errs = append(errs, fmt.Errorf("model: LD %q LN %q: report %q has empty DatSet", ld.Name, ln.Name, rpt.Name))
			} else if !dsNames[rpt.DatSet] {
				errs = append(errs, fmt.Errorf("model: LD %q LN %q: report %q references non-existent dataset %q", ld.Name, ln.Name, rpt.Name, rpt.DatSet))
			}
		}
	}

	if !hasLLN0 {
		errs = append(errs, fmt.Errorf("model: LD %q: missing mandatory LLN0 logical node", ld.Name))
	}

	return errs
}

func validateDOs(ldName, lnName string, dos []DataObject, parentPath ...string) []error {
	var errs []error
	names := make(map[string]bool)
	for _, do := range dos {
		fullPath := append(append([]string(nil), parentPath...), do.Name)
		pathStr := fmt.Sprintf("%s.%s", lnName, joinPath(fullPath))

		if names[do.Name] {
			errs = append(errs, fmt.Errorf("model: LD %q %s: duplicate DO %q", ldName, pathStr, do.Name))
		}
		names[do.Name] = true

		attrNames := make(map[string]bool)
		for _, attr := range do.Attributes {
			if attrNames[attr.Name] {
				errs = append(errs, fmt.Errorf("model: LD %q %s: duplicate DA %q", ldName, pathStr, attr.Name))
			}
			attrNames[attr.Name] = true
			if attr.FC == "" {
				errs = append(errs, fmt.Errorf("model: LD %q %s DA %q: empty FC", ldName, pathStr, attr.Name))
			}
			if attr.BType == "" && len(attr.Children) == 0 {
				errs = append(errs, fmt.Errorf("model: LD %q %s DA %q: empty BType", ldName, pathStr, attr.Name))
			}
		}

		errs = append(errs, validateDOs(ldName, lnName, do.Children, fullPath...)...)
	}
	return errs
}

func joinPath(parts []string) string {
	result := ""
	for i, p := range parts {
		if i > 0 {
			result += "."
		}
		result += p
	}
	return result
}

=== END ./internal/servermodel/model.go ===
=== START ./internal/servermodel/register.go ===
package servermodel

import (
	"context"
	"fmt"
	"strconv"
	"strings"
	"sync"
	"time"

	"github.com/otfabric/go-mms"
)

// btypeToMMS maps IEC 61850 basic types to MMS TypeSpec values.
var btypeToMMS = map[string]mms.TypeSpec{
	"BOOLEAN":      {Type: mms.ValueTypeBoolean},
	"INT8":         {Type: mms.ValueTypeInteger, Size: 8},
	"INT16":        {Type: mms.ValueTypeInteger, Size: 16},
	"INT32":        {Type: mms.ValueTypeInteger, Size: 32},
	"INT64":        {Type: mms.ValueTypeInteger, Size: 64},
	"INT128":       {Type: mms.ValueTypeInteger, Size: 128},
	"INT8U":        {Type: mms.ValueTypeUnsigned, Size: 8},
	"INT16U":       {Type: mms.ValueTypeUnsigned, Size: 16},
	"INT32U":       {Type: mms.ValueTypeUnsigned, Size: 32},
	"FLOAT32":      {Type: mms.ValueTypeFloat, FormatWidth: 32, ExponentWidth: 8},
	"FLOAT64":      {Type: mms.ValueTypeFloat, FormatWidth: 64, ExponentWidth: 11},
	"Enum":         {Type: mms.ValueTypeInteger, Size: 8},
	"Dbpos":        {Type: mms.ValueTypeBitString, Size: 2},
	"Tcmd":         {Type: mms.ValueTypeInteger, Size: 8},
	"Quality":      {Type: mms.ValueTypeBitString, Size: 13},
	"Timestamp":    {Type: mms.ValueTypeUTCTime},
	"VisString32":  {Type: mms.ValueTypeVisibleString, Size: 32},
	"VisString64":  {Type: mms.ValueTypeVisibleString, Size: 64},
	"VisString65":  {Type: mms.ValueTypeVisibleString, Size: 65},
	"VisString129": {Type: mms.ValueTypeVisibleString, Size: 129},
	"VisString255": {Type: mms.ValueTypeVisibleString, Size: 255},
	"Unicode255":   {Type: mms.ValueTypeMmsString, Size: 255},
	"Octet6":       {Type: mms.ValueTypeOctetString, Size: 6},
	"Octet16":      {Type: mms.ValueTypeOctetString, Size: 16},
	"Octet64":      {Type: mms.ValueTypeOctetString, Size: 64},
	"Check":        {Type: mms.ValueTypeBitString, Size: 2},
	"OptFlds":      {Type: mms.ValueTypeBitString, Size: 10},
	"TrgOps":       {Type: mms.ValueTypeBitString, Size: 6},
	"EntryTime":    {Type: mms.ValueTypeBinaryTime},
}

// StoreKey builds a domain-qualified key for the [ValueStore].
// Format: "ldName/itemID".
func StoreKey(ldName, itemID string) string {
	return ldName + "/" + itemID
}

// ValueStore provides thread-safe storage for server data attribute
// values. Each attribute is keyed by its domain-qualified MMS
// identity: "ldName/itemID" (e.g. "LD1/LLN0$ST$Mod$stVal").
//
// By default, values are stored and returned as raw *mms.Value
// pointers without copying. Callers that need to mutate a retrieved
// value must copy it first. This aliasing policy keeps the hot path
// allocation-free.
//
// For safer usage in tests or complex server callbacks, enable
// DefensiveCopy mode via [ValueStoreOptions]. When enabled, Get
// returns a shallow copy (struct-level) and Set stores a shallow
// copy, reducing aliasing bugs at the cost of allocation. Note:
// this does not deep-copy slice fields (e.g., OctetString, BitString,
// Structure elements) — for those, callers must still copy manually.
// WriteInterceptor is called by RCB and SGCB write callbacks before
// writing to the store. If it returns (true, nil) the write was
// handled by the interceptor and the normal store write is skipped.
// If it returns (true, err) the write is rejected. If it returns
// (false, nil) the normal store write proceeds.
type WriteInterceptor func(ctx context.Context, storeKey string, val *mms.Value) (handled bool, err error)

type ValueStore struct {
	mu            sync.RWMutex
	values        map[string]*mms.Value
	defensiveCopy bool

	interceptorMu sync.RWMutex
	interceptor   WriteInterceptor
}

// ValueStoreOptions configures [ValueStore] behavior.
type ValueStoreOptions struct {
	// DefensiveCopy, when true, causes Get and Set to perform a
	// shallow struct-level copy instead of sharing pointers. This
	// reduces aliasing bugs but does not deep-copy slice fields
	// (OctetString, BitString, Structure elements). Adds one
	// allocation per Get/Set call.
	DefensiveCopy bool
}

// NewValueStore creates a new empty value store.
func NewValueStore() *ValueStore {
	return &ValueStore{values: make(map[string]*mms.Value)}
}

// NewValueStoreWithOptions creates a value store with the given
// options.
func NewValueStoreWithOptions(opts ValueStoreOptions) *ValueStore {
	return &ValueStore{
		values:        make(map[string]*mms.Value),
		defensiveCopy: opts.DefensiveCopy,
	}
}

// Get retrieves a value by domain-qualified key (see [StoreKey]).
//
// When defensive-copy mode is disabled (the default), the returned
// pointer aliases the stored value — treat it as read-only; copy
// before mutating. When defensive-copy mode is enabled, a shallow
// copy is returned as a safety guardrail.
func (vs *ValueStore) Get(key string) *mms.Value {
	vs.mu.RLock()
	v := vs.values[key]
	vs.mu.RUnlock()
	if vs.defensiveCopy && v != nil {
		cp := *v
		return &cp
	}
	return v
}

// Set stores a value by domain-qualified key (see [StoreKey]).
//
// When defensive-copy mode is disabled (the default), the stored
// pointer is not copied — after calling Set, the caller must not
// mutate v. When defensive-copy mode is enabled, a shallow copy
// is stored instead.
func (vs *ValueStore) Set(key string, v *mms.Value) {
	if vs.defensiveCopy && v != nil {
		cp := *v
		v = &cp
	}
	vs.mu.Lock()
	vs.values[key] = v
	vs.mu.Unlock()
}

// SetWriteInterceptor installs a callback that is invoked by RCB
// and SGCB write handlers before committing to the store. This
// allows higher layers (e.g. [ReportEngine], [SettingGroupEngine])
// to intercept and validate writes from MMS clients.
//
// The interceptor is checked at call time, so it may be set after
// [RegisterModel] returns.
func (vs *ValueStore) SetWriteInterceptor(fn WriteInterceptor) {
	vs.interceptorMu.Lock()
	vs.interceptor = fn
	vs.interceptorMu.Unlock()
}

func (vs *ValueStore) callInterceptor(ctx context.Context, key string, val *mms.Value) (bool, error) {
	vs.interceptorMu.RLock()
	fn := vs.interceptor
	vs.interceptorMu.RUnlock()
	if fn != nil {
		return fn(ctx, key, val)
	}
	return false, nil
}

// CallInterceptorForTest exposes the write interceptor for testing.
func (vs *ValueStore) CallInterceptorForTest(ctx context.Context, key string, val *mms.Value) (bool, error) {
	return vs.callInterceptor(ctx, key, val)
}

// RegisterModel registers all logical devices, variables, datasets,
// and report control blocks from the server [Model] with the MMS
// [mms.Server]. The [ValueStore] is used as the backing store for
// variable read/write callbacks.
//
// Returns the [ValueStore] used, which can also be provided pre-populated.
//
// Note: DA elements with Count > 1 in the SCL source are registered
// as scalar variables (array semantics are not expanded). This is a
// known limitation documented in the Server type.
func RegisterModel(srv *mms.Server, m *Model, vs *ValueStore) (*ValueStore, error) {
	if vs == nil {
		vs = NewValueStore()
	}

	for i := range m.LogicalDevices {
		ld := &m.LogicalDevices[i]
		if err := srv.RegisterDomain(ld.Name); err != nil {
			return nil, fmt.Errorf("register domain %q: %w", ld.Name, err)
		}

		for j := range ld.LogicalNodes {
			ln := &ld.LogicalNodes[j]
			if err := registerLN(srv, vs, ld.Name, ln); err != nil {
				return nil, fmt.Errorf("register LD %q LN %q: %w", ld.Name, ln.Name, err)
			}
		}
	}

	return vs, nil
}

func registerLN(srv *mms.Server, vs *ValueStore, ldName string, ln *LogicalNode) error {
	for _, obj := range ln.DataObjects {
		if err := registerDO(srv, vs, ldName, ln.Name, nil, &obj); err != nil {
			return err
		}
	}

	for _, ds := range ln.DataSets {
		if err := registerDataSet(srv, ldName, ln.Name, &ds); err != nil {
			return err
		}
	}

	for _, rpt := range ln.Reports {
		if err := registerRCB(srv, vs, ldName, ln.Name, &rpt); err != nil {
			return err
		}
	}

	if ln.SettingGroup != nil {
		if err := registerSGCB(srv, vs, ldName, ln.Name, ln.SettingGroup); err != nil {
			return err
		}
	}

	return nil
}

func registerDO(srv *mms.Server, vs *ValueStore, ldName, lnName string, parentPath []string, obj *DataObject) error {
	for _, child := range obj.Children {
		childPath := append(append([]string(nil), parentPath...), obj.Name)
		if err := registerDO(srv, vs, ldName, lnName, childPath, &child); err != nil {
			return err
		}
	}

	for _, attr := range obj.Attributes {
		attrPath := append(append([]string(nil), parentPath...), obj.Name)
		if err := registerDA(srv, vs, ldName, lnName, attrPath, &attr); err != nil {
			return err
		}
	}

	return nil
}

func registerDA(srv *mms.Server, vs *ValueStore, ldName, lnName string, path []string, attr *DataAttribute) error {
	if len(attr.Children) > 0 {
		childPath := append(append([]string(nil), path...), attr.Name)
		for _, child := range attr.Children {
			childWithFC := child
			if childWithFC.FC == "" {
				childWithFC.FC = attr.FC
			}
			if err := registerDA(srv, vs, ldName, lnName, childPath, &childWithFC); err != nil {
				return err
			}
		}
		return nil
	}

	fullPath := append(append([]string(nil), path...), attr.Name)
	itemID := lnName + "$" + attr.FC + "$" + strings.Join(fullPath, "$")

	typeSpec, ok := btypeToMMS[attr.BType]
	if !ok {
		return fmt.Errorf("unsupported BType %q for %s/%s", attr.BType, ldName, itemID)
	}
	storeKey := StoreKey(ldName, itemID)

	if attr.InitialValue != "" {
		iv, err := parseInitialValue(attr.BType, attr.InitialValue)
		if err != nil {
			return fmt.Errorf("initial value for %s/%s: %w", ldName, itemID, err)
		}
		if attr.BType == "Enum" && len(attr.EnumValues) > 0 {
			if i, ok := iv.Int64(); ok {
				valid := false
				for _, ord := range attr.EnumValues {
					if int(i) == ord {
						valid = true
						break
					}
				}
				if !valid {
					return fmt.Errorf("initial value for %s/%s: enum ordinal %d not in EnumType", ldName, itemID, i)
				}
			}
		}
		vs.Set(storeKey, iv)
	}

	ts := typeSpec
	v := mms.Variable{
		Name: mms.ObjectName{
			Scope:  mms.ObjectScopeDomain,
			Domain: mms.DomainID(ldName),
			ItemID: mms.ItemID(itemID),
		},
		TypeSpec: typeSpec,
		Read: func(_ context.Context) (*mms.Value, error) {
			val := vs.Get(storeKey)
			if val != nil {
				return val, nil
			}
			return ts.DefaultValue(), nil
		},
		Write: func(_ context.Context, val *mms.Value) error {
			if val == nil {
				return fmt.Errorf("nil value for %s", storeKey)
			}
			if val.Type() != ts.Type {
				return fmt.Errorf("type mismatch for %s: got %v, want %v",
					storeKey, val.Type(), ts.Type)
			}
			if err := validateWriteSize(val, ts); err != nil {
				return fmt.Errorf("write validation for %s: %w", storeKey, err)
			}
			vs.Set(storeKey, val)
			return nil
		},
	}

	return srv.RegisterVariable(v)
}

func registerDataSet(srv *mms.Server, ldName, lnName string, ds *DataSetDef) error {
	nvlName := lnName + "$" + ds.Name
	vars := make([]mms.VariableSpec, len(ds.Members))

	for i, m := range ds.Members {
		memberLD := ldName
		if m.LDInst != "" {
			memberLD = m.LDInst
		}

		itemID := m.LNName + "$" + m.FC + "$" + strings.ReplaceAll(m.DOPath, ".", "$")

		vars[i] = mms.VariableSpec{
			Name: mms.ObjectName{
				Scope:  mms.ObjectScopeDomain,
				Domain: mms.DomainID(memberLD),
				ItemID: mms.ItemID(itemID),
			},
		}
	}

	return srv.RegisterNamedVariableList(mms.NamedVariableList{
		Name: mms.ObjectName{
			Scope:  mms.ObjectScopeDomain,
			Domain: mms.DomainID(ldName),
			ItemID: mms.ItemID(nvlName),
		},
		Variables: vars,
	})
}

// rcbField describes a single RCB subfield for registration.
type rcbField struct {
	suffix   string
	typeSpec mms.TypeSpec
	initial  *mms.Value
}

// registerRCB registers an RCB structure variable and its individual
// subfield variables with the MMS server.
//
// Supported subfields: RptID, RptEna, DatSet, ConfRev, OptFlds,
// BufTm, SqNum, TrgOps, IntgPd, GI.
// URCB-specific: Resv.
// BRCB-specific: PurgeBuf, EntryID, TimeOfEntry.
//
// Not currently implemented: Owner, ResvTms decode/use, runtime
// RptEna sequencing validation, URCB/BRCB field-type restrictions.
// The write path accepts any structurally matching value; semantic
// checks (e.g., "RptEna must be disabled before changing DatSet")
// are not enforced.
func registerRCB(srv *mms.Server, vs *ValueStore, ldName, lnName string, rpt *ReportDef) error {
	prefix := "RP"
	if rpt.Buffered {
		prefix = "BR"
	}
	rcbItemID := lnName + "$" + prefix + "$" + rpt.Name

	rptID := rpt.RptID
	if rptID == "" {
		rptID = ldName + "/" + rcbItemID
	}

	fields := []rcbField{
		{"RptID", mms.TypeSpec{Type: mms.ValueTypeVisibleString, Size: 129}, mms.NewVisibleString(rptID)},
		{"RptEna", mms.TypeSpec{Type: mms.ValueTypeBoolean}, mms.NewBoolean(false)},
		{"DatSet", mms.TypeSpec{Type: mms.ValueTypeVisibleString, Size: 129}, mms.NewVisibleString(rpt.DatSet)},
		{"ConfRev", mms.TypeSpec{Type: mms.ValueTypeUnsigned, Size: 32}, mms.NewUnsigned(uint64(rpt.ConfRev))},
		{"OptFlds", mms.TypeSpec{Type: mms.ValueTypeBitString, Size: 10}, encodeOptFieldsDef(rpt.OptFlds)},
		{"BufTm", mms.TypeSpec{Type: mms.ValueTypeUnsigned, Size: 32}, mms.NewUnsigned(uint64(rpt.BufTime))},
		{"SqNum", mms.TypeSpec{Type: mms.ValueTypeUnsigned, Size: 32}, mms.NewUnsigned(0)},
		{"TrgOps", mms.TypeSpec{Type: mms.ValueTypeBitString, Size: 6}, encodeTrgOpsDef(rpt.TrgOps)},
		{"IntgPd", mms.TypeSpec{Type: mms.ValueTypeUnsigned, Size: 32}, mms.NewUnsigned(uint64(rpt.IntgPd))},
		{"GI", mms.TypeSpec{Type: mms.ValueTypeBoolean}, mms.NewBoolean(false)},
	}

	if !rpt.Buffered {
		fields = append(fields, rcbField{
			"Resv", mms.TypeSpec{Type: mms.ValueTypeBoolean}, mms.NewBoolean(false),
		})
	} else {
		fields = append(fields,
			rcbField{"PurgeBuf", mms.TypeSpec{Type: mms.ValueTypeBoolean}, mms.NewBoolean(false)},
			rcbField{"EntryID", mms.TypeSpec{Type: mms.ValueTypeOctetString, Size: 8}, mms.NewOctetString(make([]byte, 8))},
			rcbField{"TimeOfEntry", mms.TypeSpec{Type: mms.ValueTypeBinaryTime}, mms.NewBinaryTime(0)},
		)
	}

	structElems := make([]mms.TypeSpecElement, len(fields))
	for i, f := range fields {
		structElems[i] = mms.TypeSpecElement{Name: f.suffix, Type: f.typeSpec}

		subItemID := rcbItemID + "$" + f.suffix
		sk := StoreKey(ldName, subItemID)
		vs.Set(sk, f.initial)

		subSK := sk
		subTS := f.typeSpec
		if err := srv.RegisterVariable(mms.Variable{
			Name: mms.ObjectName{
				Scope:  mms.ObjectScopeDomain,
				Domain: mms.DomainID(ldName),
				ItemID: mms.ItemID(subItemID),
			},
			TypeSpec: f.typeSpec,
			Read: func(_ context.Context) (*mms.Value, error) {
				val := vs.Get(subSK)
				if val != nil {
					return val, nil
				}
				return subTS.DefaultValue(), nil
			},
			Write: func(ctx context.Context, val *mms.Value) error {
				vs.Set(subSK, val)
				if handled, err := vs.callInterceptor(ctx, subSK, val); handled || err != nil {
					return err
				}
				return nil
			},
		}); err != nil {
			return fmt.Errorf("register RCB subfield %s: %w", subItemID, err)
		}
	}

	rcbTypeSpec := mms.TypeSpec{Type: mms.ValueTypeStructure, Elements: structElems}

	return srv.RegisterVariable(mms.Variable{
		Name: mms.ObjectName{
			Scope:  mms.ObjectScopeDomain,
			Domain: mms.DomainID(ldName),
			ItemID: mms.ItemID(rcbItemID),
		},
		TypeSpec: rcbTypeSpec,
		Read: func(_ context.Context) (*mms.Value, error) {
			elems := make([]*mms.Value, len(fields))
			for i, f := range fields {
				subKey := StoreKey(ldName, rcbItemID+"$"+f.suffix)
				v := vs.Get(subKey)
				if v == nil {
					v = f.typeSpec.DefaultValue()
				}
				elems[i] = v
			}
			return mms.NewStructure(elems), nil
		},
		Write: func(_ context.Context, val *mms.Value) error {
			elems, ok := val.Structure()
			if !ok || len(elems) != len(fields) {
				return fmt.Errorf("RCB write: expected structure with %d elements", len(fields))
			}
			for i, f := range fields {
				if elems[i] == nil {
					return fmt.Errorf("RCB write: nil element at position %d (%s)", i, f.suffix)
				}
				if elems[i].Type() != f.typeSpec.Type {
					return fmt.Errorf("RCB write: type mismatch for %s: got %v, want %v",
						f.suffix, elems[i].Type(), f.typeSpec.Type)
				}
				if err := validateWriteSize(elems[i], f.typeSpec); err != nil {
					return fmt.Errorf("RCB write %s: %w", f.suffix, err)
				}
			}
			for i, f := range fields {
				subKey := StoreKey(ldName, rcbItemID+"$"+f.suffix)
				vs.Set(subKey, elems[i])
			}
			return nil
		},
	})
}

func registerSGCB(srv *mms.Server, vs *ValueStore, ldName, lnName string, sg *SettingGroupDef) error {
	sgcbItemID := lnName + "$SP$SGCB"

	fields := []rcbField{
		{"NumOfSGs", mms.TypeSpec{Type: mms.ValueTypeUnsigned, Size: 8}, mms.NewUnsigned(uint64(sg.NumOfSGs))},
		{"ActSG", mms.TypeSpec{Type: mms.ValueTypeUnsigned, Size: 8}, mms.NewUnsigned(uint64(sg.ActSG))},
		{"EditSG", mms.TypeSpec{Type: mms.ValueTypeUnsigned, Size: 8}, mms.NewUnsigned(0)},
		{"CnfEdit", mms.TypeSpec{Type: mms.ValueTypeBoolean}, mms.NewBoolean(false)},
		{"LActTm", mms.TypeSpec{Type: mms.ValueTypeUTCTime}, mms.NewUTCTime(time.Time{})},
		{"ResvTms", mms.TypeSpec{Type: mms.ValueTypeUnsigned, Size: 16}, mms.NewUnsigned(uint64(sg.ResvTms))},
	}

	structElems := make([]mms.TypeSpecElement, len(fields))
	for i, f := range fields {
		structElems[i] = mms.TypeSpecElement{Name: f.suffix, Type: f.typeSpec}

		subItemID := sgcbItemID + "$" + f.suffix
		sk := StoreKey(ldName, subItemID)
		vs.Set(sk, f.initial)

		subSK := sk
		subTS := f.typeSpec
		if err := srv.RegisterVariable(mms.Variable{
			Name: mms.ObjectName{
				Scope:  mms.ObjectScopeDomain,
				Domain: mms.DomainID(ldName),
				ItemID: mms.ItemID(subItemID),
			},
			TypeSpec: f.typeSpec,
			Read: func(_ context.Context) (*mms.Value, error) {
				val := vs.Get(subSK)
				if val != nil {
					return val, nil
				}
				return subTS.DefaultValue(), nil
			},
			Write: func(ctx context.Context, val *mms.Value) error {
				if handled, err := vs.callInterceptor(ctx, subSK, val); handled || err != nil {
					return err
				}
				vs.Set(subSK, val)
				return nil
			},
		}); err != nil {
			return fmt.Errorf("register SGCB subfield %s: %w", subItemID, err)
		}
	}

	sgcbTypeSpec := mms.TypeSpec{Type: mms.ValueTypeStructure, Elements: structElems}

	return srv.RegisterVariable(mms.Variable{
		Name: mms.ObjectName{
			Scope:  mms.ObjectScopeDomain,
			Domain: mms.DomainID(ldName),
			ItemID: mms.ItemID(sgcbItemID),
		},
		TypeSpec: sgcbTypeSpec,
		Read: func(_ context.Context) (*mms.Value, error) {
			elems := make([]*mms.Value, len(fields))
			for i, f := range fields {
				subKey := StoreKey(ldName, sgcbItemID+"$"+f.suffix)
				v := vs.Get(subKey)
				if v == nil {
					v = f.typeSpec.DefaultValue()
				}
				elems[i] = v
			}
			return mms.NewStructure(elems), nil
		},
		Write: func(_ context.Context, val *mms.Value) error {
			elems, ok := val.Structure()
			if !ok || len(elems) != len(fields) {
				return fmt.Errorf("SGCB write: expected structure with %d elements", len(fields))
			}
			for i, f := range fields {
				subKey := StoreKey(ldName, sgcbItemID+"$"+f.suffix)
				vs.Set(subKey, elems[i])
			}
			return nil
		},
	})
}

// validateWriteSize performs lightweight size/range validation for
// typed writes against the declared TypeSpec. This catches obviously
// wrong values (e.g., a 32-byte octet string written to an Octet6
// field) without being overly restrictive.
func validateWriteSize(val *mms.Value, ts mms.TypeSpec) error {
	switch ts.Type {
	case mms.ValueTypeVisibleString:
		if ts.Size > 0 {
			if s, ok := val.VisibleString(); ok && len(s) > ts.Size {
				return fmt.Errorf("visible string length %d exceeds max %d", len(s), ts.Size)
			}
		}
	case mms.ValueTypeOctetString:
		if ts.Size > 0 {
			if bs, ok := val.OctetString(); ok && len(bs) > ts.Size {
				return fmt.Errorf("octet string length %d exceeds max %d", len(bs), ts.Size)
			}
		}
	case mms.ValueTypeBitString:
		if ts.Size > 0 {
			if bl, ok := val.BitStringLength(); ok && bl != ts.Size {
				return fmt.Errorf("bit string length %d != expected %d", bl, ts.Size)
			}
		}
	}
	return nil
}

// parseInitialValue converts an SCL InitialValue string to an [mms.Value]
// for the given basic type. Returns an error for unsupported or invalid
// conversions rather than silently discarding the value.
func parseInitialValue(btype, val string) (*mms.Value, error) {
	switch btype {
	case "BOOLEAN":
		switch strings.ToLower(val) {
		case "true", "1":
			return mms.NewBoolean(true), nil
		case "false", "0":
			return mms.NewBoolean(false), nil
		default:
			return nil, fmt.Errorf("invalid BOOLEAN value %q", val)
		}

	case "INT8", "INT16", "INT32", "INT64", "INT128", "Tcmd":
		i, err := strconv.ParseInt(val, 10, 64)
		if err != nil {
			return nil, fmt.Errorf("invalid integer value %q for %s: %w", val, btype, err)
		}
		return mms.NewInteger(i), nil

	case "Enum":
		// Enum values are stored as plain integers without validation
		// against the referenced EnumType. A full validation pass in
		// FromSCL would require threading the EnumType index here.
		i, err := strconv.ParseInt(val, 10, 64)
		if err != nil {
			return nil, fmt.Errorf("invalid integer value %q for %s: %w", val, btype, err)
		}
		return mms.NewInteger(i), nil

	case "INT8U", "INT16U", "INT32U":
		u, err := strconv.ParseUint(val, 10, 64)
		if err != nil {
			return nil, fmt.Errorf("invalid unsigned value %q for %s: %w", val, btype, err)
		}
		return mms.NewUnsigned(u), nil

	case "FLOAT32", "FLOAT64":
		f, err := strconv.ParseFloat(val, 64)
		if err != nil {
			return nil, fmt.Errorf("invalid float value %q for %s: %w", val, btype, err)
		}
		return mms.NewFloat(f), nil

	case "VisString32", "VisString64", "VisString65", "VisString129", "VisString255":
		return mms.NewVisibleString(val), nil

	case "Unicode255":
		return mms.NewMmsString(val), nil

	case "Quality":
		return parseInitialBitString(val, 13)

	case "Dbpos", "Check":
		return parseInitialBitString(val, 2)

	case "OptFlds":
		return parseInitialBitString(val, 10)

	case "TrgOps":
		return parseInitialBitString(val, 6)

	case "Timestamp":
		if val != "" {
			return nil, fmt.Errorf("timestamp initial value parsing not yet supported (got %q); use zero default", val)
		}
		return mms.NewUTCTime(time.Time{}), nil

	case "EntryTime":
		return mms.NewBinaryTime(0), nil

	case "Octet6":
		return parseInitialOctetString(val, 6)

	case "Octet16":
		return parseInitialOctetString(val, 16)

	case "Octet64":
		return parseInitialOctetString(val, 64)

	default:
		return nil, fmt.Errorf("unsupported BType %q for initial value", btype)
	}
}

// parseInitialBitString parses an integer string into a bit string of
// the specified bit length. The integer value populates the bits in
// MSB-first order.
func parseInitialBitString(val string, bits int) (*mms.Value, error) {
	u, err := strconv.ParseUint(val, 0, 64)
	if err != nil {
		return nil, fmt.Errorf("invalid bit string value %q: %w", val, err)
	}
	byteLen := (bits + 7) / 8
	data := make([]byte, byteLen)
	for i := 0; i < bits && i < 64; i++ {
		if u&(1<<uint(i)) != 0 {
			byteIdx := i / 8
			bitInByte := uint(7 - (i % 8))
			data[byteIdx] |= 1 << bitInByte
		}
	}
	return mms.NewBitStringWithLength(data, bits), nil
}

// parseInitialOctetString parses a hex string (or decimal integer) into
// an octet string of the specified max size. For simplicity, a decimal
// integer is zero-padded into the first bytes; a hex string (0x prefix)
// is decoded directly.
func parseInitialOctetString(val string, maxSize int) (*mms.Value, error) {
	if strings.HasPrefix(val, "0x") || strings.HasPrefix(val, "0X") {
		data, err := hexDecode(val[2:])
		if err != nil {
			return nil, fmt.Errorf("invalid octet string hex %q: %w", val, err)
		}
		if len(data) > maxSize {
			return nil, fmt.Errorf("octet string %q exceeds max size %d", val, maxSize)
		}
		return mms.NewOctetString(data), nil
	}
	// Treat as a decimal integer and encode as big-endian bytes.
	u, err := strconv.ParseUint(val, 10, 64)
	if err != nil {
		return nil, fmt.Errorf("invalid octet string value %q: %w", val, err)
	}
	data := make([]byte, maxSize)
	for i := maxSize - 1; i >= 0 && u > 0; i-- {
		data[i] = byte(u & 0xFF)
		u >>= 8
	}
	return mms.NewOctetString(data), nil
}

func hexDecode(s string) ([]byte, error) {
	if len(s)%2 != 0 {
		s = "0" + s
	}
	data := make([]byte, len(s)/2)
	for i := 0; i < len(data); i++ {
		hi, err := hexNibble(s[i*2])
		if err != nil {
			return nil, err
		}
		lo, err := hexNibble(s[i*2+1])
		if err != nil {
			return nil, err
		}
		data[i] = hi<<4 | lo
	}
	return data, nil
}

func hexNibble(c byte) (byte, error) {
	switch {
	case c >= '0' && c <= '9':
		return c - '0', nil
	case c >= 'a' && c <= 'f':
		return c - 'a' + 10, nil
	case c >= 'A' && c <= 'F':
		return c - 'A' + 10, nil
	default:
		return 0, fmt.Errorf("invalid hex character %q", c)
	}
}

// encodeOptFieldsDef converts an [OptFieldsDef] to an MMS BitString value
// matching the IEC 61850 OptFlds encoding.
func encodeOptFieldsDef(o OptFieldsDef) *mms.Value {
	data := make([]byte, 2)
	setOptBit := func(bit int, v bool) {
		if v {
			byteIdx := bit / 8
			bitInByte := uint(7 - (bit % 8))
			data[byteIdx] |= 1 << bitInByte
		}
	}
	setOptBit(0, o.SeqNum)
	setOptBit(1, o.TimeStamp)
	setOptBit(2, o.ReasonCode)
	setOptBit(3, o.DataSet)
	setOptBit(4, o.DataRef)
	setOptBit(5, o.BufOvfl)
	setOptBit(6, o.EntryID)
	setOptBit(7, o.ConfigRef)
	return mms.NewBitStringWithLength(data, 10)
}

// encodeTrgOpsDef converts a [TrgOpsDef] to an MMS BitString value
// matching the IEC 61850 TrgOps encoding (bit 0 reserved, logical
// flags start at bit 1).
func encodeTrgOpsDef(t TrgOpsDef) *mms.Value {
	var raw uint8
	if t.Dchg {
		raw |= 1 << 1
	}
	if t.Qchg {
		raw |= 1 << 2
	}
	if t.Dupd {
		raw |= 1 << 3
	}
	if t.Period {
		raw |= 1 << 4
	}
	if t.GI {
		raw |= 1 << 5
	}
	data := []byte{0}
	for bit := 0; bit < 6; bit++ {
		if raw&(1<<uint(bit)) != 0 {
			bitInByte := uint(7 - (bit % 8))
			data[0] |= 1 << bitInByte
		}
	}
	return mms.NewBitStringWithLength(data, 6)
}

=== END ./internal/servermodel/register.go ===
=== START ./journal.go ===
package iec61850

import (
	"bytes"
	"context"
	"fmt"
	"time"

	"github.com/otfabric/go-mms"
)

// JournalEntry represents a single entry in an IEC 61850 journal (log).
type JournalEntry struct {
	// EntryID is the opaque entry identifier assigned by the server.
	// It is used as a cursor for pagination via [Client.ReadJournalAfter].
	EntryID []byte

	// OccurrenceTime is the timestamp when the event occurred.
	OccurrenceTime time.Time

	// Variables contains the data values recorded in this entry.
	Variables []JournalVariable
}

// JournalVariable represents a single variable recorded in a journal
// entry.
type JournalVariable struct {
	// Tag identifies the variable (typically an MMS variable name).
	Tag string

	// Value is the recorded value. Wraps the underlying [mms.Value].
	Value *Value
}

// JournalReadResult holds the result of a journal read operation,
// including pagination state.
type JournalReadResult struct {
	// Entries contains the journal entries in chronological order.
	Entries []JournalEntry

	// MoreFollows indicates that additional entries are available
	// beyond those returned. Use [Client.ReadJournalAfter] with the
	// last entry's OccurrenceTime and EntryID to retrieve the next page.
	MoreFollows bool
}

// ListJournals returns the names of all journals (logs) defined in the
// specified logical device (MMS domain).
func (c *Client) ListJournals(ctx context.Context, ld string) ([]string, error) {
	if err := c.checkOpen(); err != nil {
		return nil, err
	}
	if ld == "" {
		return nil, fmt.Errorf("iec61850: list journals: %w: empty logical device name", ErrInvalidArgument)
	}

	names, err := c.mmsClient.GetNameListAll(ctx, mms.NameListRequest{
		ObjectClass: mms.ObjectClassJournal,
		Scope:       mms.ObjectScopeDomain,
		DomainID:    mms.DomainID(ld),
	})
	if err != nil {
		return nil, fmt.Errorf("iec61850: list journals for %q: %w", ld, err)
	}

	c.logger.Debug("iec61850: list journals", "ld", ld, "count", len(names))
	return names, nil
}

// ReadJournal reads journal entries within the given time range
// [start, stop] from the specified journal in the logical device.
//
// The returned entries are in chronological order. When
// [JournalReadResult.MoreFollows] is true, use [Client.ReadJournalAfter]
// with the last entry's OccurrenceTime and EntryID to page through
// remaining entries.
func (c *Client) ReadJournal(ctx context.Context, ld, journal string, start, stop time.Time) (*JournalReadResult, error) {
	if err := c.checkOpen(); err != nil {
		return nil, err
	}
	if ld == "" {
		return nil, fmt.Errorf("iec61850: read journal: %w: empty logical device name", ErrInvalidArgument)
	}
	if journal == "" {
		return nil, fmt.Errorf("iec61850: read journal: %w: empty journal name", ErrInvalidArgument)
	}

	result, err := c.mmsClient.ReadJournalTimeRange(ctx, ld, journal, start, stop)
	if err != nil {
		return nil, fmt.Errorf("iec61850: read journal %s/%s: %w", ld, journal, err)
	}

	jr, jErr := convertJournalResult(result)
	if jErr != nil {
		return nil, fmt.Errorf("iec61850: read journal %s/%s: %w", ld, journal, jErr)
	}
	return jr, nil
}

// ReadJournalAfter reads journal entries starting after the given
// cursor position. Use the last entry's OccurrenceTime and EntryID
// from a previous [ReadJournal] or [ReadJournalAfter] call to page
// through journal data.
func (c *Client) ReadJournalAfter(ctx context.Context, ld, journal string, afterTime time.Time, afterID []byte) (*JournalReadResult, error) {
	if err := c.checkOpen(); err != nil {
		return nil, err
	}
	if ld == "" {
		return nil, fmt.Errorf("iec61850: read journal after: %w: empty logical device name", ErrInvalidArgument)
	}
	if journal == "" {
		return nil, fmt.Errorf("iec61850: read journal after: %w: empty journal name", ErrInvalidArgument)
	}

	result, err := c.mmsClient.ReadJournalStartAfter(ctx, ld, journal, afterTime, afterID)
	if err != nil {
		return nil, fmt.Errorf("iec61850: read journal after %s/%s: %w", ld, journal, err)
	}

	jr, jErr := convertJournalResult(result)
	if jErr != nil {
		return nil, fmt.Errorf("iec61850: read journal after %s/%s: %w", ld, journal, jErr)
	}
	return jr, nil
}

// ReadJournalAll reads all journal entries within the given time range,
// automatically following pagination (MoreFollows) until all entries
// are retrieved.
//
// Entries are returned in chronological order. The stop condition is
// MoreFollows=false from the server. Same-timestamp cursor semantics
// are handled correctly via EntryID-based continuation.
//
// For very large journals, consider using the paginated
// [Client.ReadJournal] / [Client.ReadJournalAfter] pair to control
// memory usage.
func (c *Client) ReadJournalAll(ctx context.Context, ld, journal string, start, stop time.Time) ([]JournalEntry, error) {
	first, err := c.ReadJournal(ctx, ld, journal, start, stop)
	if err != nil {
		return nil, err
	}

	all := first.Entries
	if !first.MoreFollows || len(first.Entries) == 0 {
		return all, nil
	}

	for {
		last := all[len(all)-1]
		prevTime := last.OccurrenceTime
		prevID := last.EntryID
		page, err := c.ReadJournalAfter(ctx, ld, journal, prevTime, prevID)
		if err != nil {
			return nil, err
		}
		all = append(all, page.Entries...)
		if !page.MoreFollows || len(page.Entries) == 0 {
			break
		}
		cur := all[len(all)-1]
		if cur.OccurrenceTime.Equal(prevTime) && bytes.Equal(cur.EntryID, prevID) {
			return nil, fmt.Errorf("iec61850: read journal all %s/%s: pagination not advancing (stuck at same cursor)", ld, journal)
		}
	}

	return all, nil
}

// ReadJournalAfterAll reads all journal entries starting after the
// given cursor, automatically following pagination until all entries
// are retrieved.
//
// This is the paginating equivalent of [Client.ReadJournalAfter].
func (c *Client) ReadJournalAfterAll(ctx context.Context, ld, journal string, afterTime time.Time, afterID []byte) ([]JournalEntry, error) {
	first, err := c.ReadJournalAfter(ctx, ld, journal, afterTime, afterID)
	if err != nil {
		return nil, err
	}

	all := first.Entries
	if !first.MoreFollows || len(first.Entries) == 0 {
		return all, nil
	}

	for {
		last := all[len(all)-1]
		prevTime := last.OccurrenceTime
		prevID := last.EntryID
		page, err := c.ReadJournalAfter(ctx, ld, journal, prevTime, prevID)
		if err != nil {
			return nil, err
		}
		all = append(all, page.Entries...)
		if !page.MoreFollows || len(page.Entries) == 0 {
			break
		}
		cur := all[len(all)-1]
		if cur.OccurrenceTime.Equal(prevTime) && bytes.Equal(cur.EntryID, prevID) {
			return nil, fmt.Errorf("iec61850: read journal after all %s/%s: pagination not advancing (stuck at same cursor)", ld, journal)
		}
	}

	return all, nil
}

// convertJournalResult maps an MMS journal result to the IEC 61850
// model. Returns an error if r is nil, which indicates a go-mms
// invariant violation on the success path.
func convertJournalResult(r *mms.JournalResult) (*JournalReadResult, error) {
	if r == nil {
		return nil, fmt.Errorf("nil journal result from MMS layer (possible go-mms bug)")
	}
	entries := make([]JournalEntry, len(r.Entries))
	for i, e := range r.Entries {
		vars := make([]JournalVariable, len(e.Variables))
		for j, v := range e.Variables {
			vars[j] = JournalVariable{
				Tag:   v.Tag,
				Value: NewValue(v.Value),
			}
		}
		entries[i] = JournalEntry{
			EntryID:        append([]byte(nil), e.EntryID...),
			OccurrenceTime: e.OccurrenceTime,
			Variables:      vars,
		}
	}

	return &JournalReadResult{
		Entries:     entries,
		MoreFollows: r.MoreFollows,
	}, nil
}

=== END ./journal.go ===
=== START ./journal_engine.go ===
package iec61850

import (
	"context"
	"log/slog"
	"strings"
	"sync"
	"time"

	"github.com/otfabric/go-mms"

	"github.com/otfabric/go-iec61850/internal/servermodel"
)

// JournalEngine is the server-side runtime journal engine. It
// generates journal (log) entries in response to value changes and
// application events, storing them in a [MemoryJournalProvider] that
// backs the MMS journal services.
//
// The engine is created by [Server.EnableJournals] and attached to
// the server's MMS layer as the [mms.JournalProvider].
type JournalEngine struct {
	logger   *slog.Logger
	provider *MemoryJournalProvider
	store    *servermodel.ValueStore
	model    *servermodel.Model

	mu       sync.RWMutex
	journals map[string]*journalDef // keyed by "ldName/journalName"
}

type journalDef struct {
	ldName      string
	journalName string
	logName     string
}

// JournalEngineOption configures the [JournalEngine].
type JournalEngineOption func(*JournalEngine)

// WithJournalMaxEntries sets the maximum entries per journal in the
// underlying [MemoryJournalProvider]. Default is 10000.
func WithJournalMaxEntries(n int) JournalEngineOption {
	return func(e *JournalEngine) {
		if n > 0 {
			e.provider = NewMemoryJournalProvider(WithMaxEntries(n))
		}
	}
}

// WithJournalProvider replaces the default [MemoryJournalProvider]
// with a pre-configured one. This is useful when the caller needs
// direct access to the provider for inspection or pre-population.
func WithJournalProvider(p *MemoryJournalProvider) JournalEngineOption {
	return func(e *JournalEngine) {
		if p != nil {
			e.provider = p
		}
	}
}

func newJournalEngine(logger *slog.Logger, store *servermodel.ValueStore, model *servermodel.Model, opts []JournalEngineOption) *JournalEngine {
	e := &JournalEngine{
		logger:   logger,
		provider: NewMemoryJournalProvider(),
		store:    store,
		model:    model,
		journals: make(map[string]*journalDef),
	}
	for _, o := range opts {
		o(e)
	}
	return e
}

// Provider returns the underlying [MemoryJournalProvider] used by
// this engine, allowing direct inspection of stored entries.
func (e *JournalEngine) Provider() *MemoryJournalProvider {
	return e.provider
}

// LogEvent records a custom application event in the specified
// journal. The domain is the logical device name and journal is the
// MMS journal name (typically "LLN0$logName"). Variables contain
// the data to record.
func (e *JournalEngine) LogEvent(domain, journal string, occTime time.Time, vars []mms.JournalVariable) []byte {
	return e.provider.AddEntry(domain, journal, occTime, vars)
}

// LogValueWrite records a value-write entry in all journals defined
// for the logical device that contains the given store key. Every
// write is logged regardless of whether the value actually changed;
// this provides an audit trail rather than semantic change detection.
// The store key format is "ldName/itemID".
func (e *JournalEngine) LogValueWrite(ctx context.Context, storeKey string, occTime time.Time) {
	parts := strings.SplitN(storeKey, "/", 2)
	if len(parts) != 2 {
		return
	}
	ldName := parts[0]
	itemID := parts[1]

	val := e.store.Get(storeKey)
	if val == nil {
		return
	}

	vars := []mms.JournalVariable{{
		Tag:   itemID,
		Value: val,
	}}

	e.mu.RLock()
	defer e.mu.RUnlock()

	for _, jd := range e.journals {
		if jd.ldName == ldName {
			e.provider.AddEntry(ldName, jd.journalName, occTime, vars)
			e.logger.Debug("iec61850: journal entry logged",
				"ld", ldName, "journal", jd.journalName,
				"key", storeKey)
		}
	}

	_ = ctx
}

// registerJournalsFromModel scans the model for log definitions and
// registers corresponding journals in the provider. The MMS journal
// name follows the convention "LNName$logName" (e.g., "LLN0$log1").
func (e *JournalEngine) registerJournalsFromModel() int {
	count := 0
	for i := range e.model.LogicalDevices {
		ld := &e.model.LogicalDevices[i]
		for j := range ld.LogicalNodes {
			ln := &ld.LogicalNodes[j]
			for _, logDef := range ln.Logs {
				journalName := ln.Name + "$" + logDef.Name
				key := ld.Name + "/" + journalName

				jd := &journalDef{
					ldName:      ld.Name,
					journalName: journalName,
					logName:     logDef.Name,
				}

				e.mu.Lock()
				e.journals[key] = jd
				e.mu.Unlock()

				e.provider.RegisterJournal(ld.Name, journalName)
				count++
			}
		}
	}
	return count
}

// EnableJournals creates and starts the [JournalEngine] for this
// server. It scans the model for log definitions, registers journals,
// and makes the provider available as [mms.JournalProvider].
//
// If the MMS server was constructed with a [MemoryJournalProvider]
// in [ServerOptions.MMS.JournalProvider], EnableJournals
// automatically adopts it so that client MMS ReadJournal requests
// are served from the same data the engine writes to. If no
// provider was configured, the engine creates one internally. In
// that case, the engine records entries for programmatic access
// via [JournalEngine.Provider], but client MMS journal reads will
// not be served (they require the provider to be set at server
// construction time).
//
// To ensure full client↔server journal support:
//
//	jp := iec61850.NewMemoryJournalProvider()
//	srv, _ := iec61850.NewServer(model, iec61850.ServerOptions{
//	    MMS: mms.ServerOptions{JournalProvider: jp},
//	})
//	engine := srv.EnableJournals(iec61850.WithJournalProvider(jp))
func (s *Server) EnableJournals(opts ...JournalEngineOption) *JournalEngine {
	if s.mmsJournalProvider != nil {
		opts = append([]JournalEngineOption{WithJournalProvider(s.mmsJournalProvider)}, opts...)
	}

	engine := newJournalEngine(s.logger, s.store, s.model, opts)
	count := engine.registerJournalsFromModel()

	s.journalEngine = engine

	s.logger.Info("iec61850: journal engine enabled", "journals", count)
	return engine
}

// JournalEngine returns the journal engine, or nil if journals have
// not been enabled via [Server.EnableJournals].
func (s *Server) JournalEngine() *JournalEngine {
	return s.journalEngine
}

// modelHasLogs reports whether the model contains any log definitions.
func modelHasLogs(m *servermodel.Model) bool {
	for i := range m.LogicalDevices {
		for j := range m.LogicalDevices[i].LogicalNodes {
			if len(m.LogicalDevices[i].LogicalNodes[j].Logs) > 0 {
				return true
			}
		}
	}
	return false
}

=== END ./journal_engine.go ===
=== START ./journal_provider.go ===
package iec61850

import (
	"bytes"
	"context"
	"encoding/binary"
	"sort"
	"sync"
	"time"

	"github.com/otfabric/go-mms"
)

// MemoryJournalProvider is a thread-safe, in-memory implementation of
// [mms.JournalProvider]. It stores entries per (domain, journal) pair
// with configurable maximum capacity. When the capacity is exceeded,
// the oldest entries are discarded (ring-buffer semantics).
//
// Entry IDs are auto-assigned as monotonically increasing 8-byte
// big-endian integers, guaranteeing strict ordering even when
// multiple entries share the same OccurrenceTime. This makes cursor
// pagination deterministic and skip-free.
//
// This provider is intended for testing, development, and
// lightweight server deployments. For production use with large
// journal volumes, a persistent provider backed by a database
// or file storage should be used instead.
type MemoryJournalProvider struct {
	mu      sync.RWMutex
	logs    map[journalKey]*journalLog
	maxSize int
}

type journalKey struct {
	domain, journal string
}

type journalLog struct {
	entries []mms.JournalEntry
	nextID  uint64
}

// MemoryJournalOption configures a [MemoryJournalProvider].
type MemoryJournalOption func(*MemoryJournalProvider)

// WithMaxEntries sets the maximum number of entries per journal.
// When exceeded, the oldest entries are dropped. Default is 10000.
func WithMaxEntries(n int) MemoryJournalOption {
	return func(p *MemoryJournalProvider) {
		if n > 0 {
			p.maxSize = n
		}
	}
}

// NewMemoryJournalProvider creates a new in-memory journal provider.
func NewMemoryJournalProvider(opts ...MemoryJournalOption) *MemoryJournalProvider {
	p := &MemoryJournalProvider{
		logs:    make(map[journalKey]*journalLog),
		maxSize: 10000,
	}
	for _, o := range opts {
		o(p)
	}
	return p
}

// RegisterJournal creates an empty journal. This must be called
// before [AddEntry] to establish the journal's existence. Calling
// RegisterJournal for an already-registered journal is a no-op.
func (p *MemoryJournalProvider) RegisterJournal(domain, journal string) {
	k := journalKey{domain, journal}
	p.mu.Lock()
	defer p.mu.Unlock()
	if _, ok := p.logs[k]; !ok {
		p.logs[k] = &journalLog{nextID: 1}
	}
}

// AddEntry appends a journal entry with the given timestamp and
// variable data. The EntryID is assigned automatically. Returns the
// assigned EntryID.
//
// If the journal does not exist, it is created implicitly.
func (p *MemoryJournalProvider) AddEntry(domain, journal string, occTime time.Time, vars []mms.JournalVariable) []byte {
	k := journalKey{domain, journal}
	p.mu.Lock()
	defer p.mu.Unlock()

	jl, ok := p.logs[k]
	if !ok {
		jl = &journalLog{nextID: 1}
		p.logs[k] = jl
	}

	entryID := encodeEntryIDUint64(jl.nextID)
	jl.nextID++

	jl.entries = append(jl.entries, mms.JournalEntry{
		EntryID:        entryID,
		OccurrenceTime: occTime,
		Variables:      vars,
	})

	if len(jl.entries) > p.maxSize {
		excess := len(jl.entries) - p.maxSize
		jl.entries = jl.entries[excess:]
	}

	return entryID
}

// EntryCount returns the number of entries in the specified journal.
func (p *MemoryJournalProvider) EntryCount(domain, journal string) int {
	k := journalKey{domain, journal}
	p.mu.RLock()
	defer p.mu.RUnlock()
	if jl, ok := p.logs[k]; ok {
		return len(jl.entries)
	}
	return 0
}

// ListJournals implements [mms.JournalProvider]. Results are sorted
// for deterministic output.
func (p *MemoryJournalProvider) ListJournals(_ context.Context, domain string) ([]string, error) {
	p.mu.RLock()
	defer p.mu.RUnlock()

	var names []string
	for k := range p.logs {
		if k.domain == domain {
			names = append(names, k.journal)
		}
	}
	sort.Strings(names)
	return names, nil
}

// ReadTimeRange implements [mms.JournalProvider].
func (p *MemoryJournalProvider) ReadTimeRange(_ context.Context, domain, journal string, start, stop time.Time, maxEntries int) (*mms.JournalResult, error) {
	k := journalKey{domain, journal}
	p.mu.RLock()
	defer p.mu.RUnlock()

	jl, ok := p.logs[k]
	if !ok {
		return &mms.JournalResult{}, nil
	}

	var filtered []mms.JournalEntry
	moreFollows := false
	for _, e := range jl.entries {
		if !e.OccurrenceTime.Before(start) && !e.OccurrenceTime.After(stop) {
			if maxEntries > 0 && len(filtered) >= maxEntries {
				moreFollows = true
				break
			}
			filtered = append(filtered, e)
		}
	}
	return &mms.JournalResult{Entries: filtered, MoreFollows: moreFollows}, nil
}

// ReadStartAfter implements [mms.JournalProvider].
func (p *MemoryJournalProvider) ReadStartAfter(_ context.Context, domain, journal string, afterID []byte, afterTime time.Time, maxEntries int) (*mms.JournalResult, error) {
	k := journalKey{domain, journal}
	p.mu.RLock()
	defer p.mu.RUnlock()

	jl, ok := p.logs[k]
	if !ok {
		return &mms.JournalResult{}, nil
	}

	pastCursor := false
	var result []mms.JournalEntry
	moreFollows := false
	for _, e := range jl.entries {
		if !pastCursor {
			if e.OccurrenceTime.Equal(afterTime) && bytes.Equal(e.EntryID, afterID) {
				pastCursor = true
				continue
			}
			if e.OccurrenceTime.After(afterTime) {
				pastCursor = true
			} else {
				continue
			}
		}
		if maxEntries > 0 && len(result) >= maxEntries {
			moreFollows = true
			break
		}
		result = append(result, e)
	}
	return &mms.JournalResult{Entries: result, MoreFollows: moreFollows}, nil
}

func encodeEntryIDUint64(id uint64) []byte {
	buf := make([]byte, 8)
	binary.BigEndian.PutUint64(buf, id)
	return buf
}

=== END ./journal_provider.go ===
=== START ./logging.go ===
package iec61850

import (
	"context"
	"log/slog"
)

// discardHandler is a [slog.Handler] that discards all log records.
// Used as the default when no logger is configured.
type discardHandler struct{}

func (discardHandler) Enabled(context.Context, slog.Level) bool  { return false }
func (discardHandler) Handle(context.Context, slog.Record) error { return nil }
func (d discardHandler) WithAttrs([]slog.Attr) slog.Handler      { return d }
func (d discardHandler) WithGroup(string) slog.Handler           { return d }

// discardLogger returns a logger that discards all output.
func discardLogger() *slog.Logger {
	return slog.New(discardHandler{})
}

=== END ./logging.go ===
=== START ./model.go ===
package iec61850

import "github.com/otfabric/go-mms"

// LogicalDevice represents a logical device discovered on the server.
// A logical device maps to an MMS domain.
type LogicalDevice struct {
	// Name is the logical device name (MMS domain ID).
	Name string
}

// LogicalNode represents a logical node within a logical device.
// In the MMS mapping, logical nodes appear as the first $-delimited
// segment of named variables within a domain.
type LogicalNode struct {
	// Name is the logical node name (e.g., "LLN0", "GGIO1").
	Name string

	// LD is the parent logical device name.
	LD string
}

// Ref returns the IEC 61850 object reference for this logical node.
func (ln LogicalNode) Ref() Ref {
	return Ref{LD: ln.LD, LN: ln.Name}
}

// DataObject represents a browsed model component, which may be a
// data object, sub-data object, or data attribute. It captures name,
// reference, and optional MMS type information.
type DataObject struct {
	// Name is the component name (e.g., "Mod", "stVal", "mag").
	Name string

	// Reference is the full IEC 61850 object reference.
	Reference Ref

	// FC is the functional constraint, when unambiguous. Empty during
	// browse/tree discovery where the same object may appear under
	// multiple FCs. Populated only when a single FC applies or when
	// explicitly set by the caller.
	FC FunctionalConstraint

	// Children contains sub-objects (nested DOs or DAs).
	// Populated only when the tree is built via [Client.Tree] or
	// explicit recursive browsing.
	Children []DataObject
}

// ModelNode represents a node in the IEC 61850 data model tree.
// Used by [Client.Tree] to represent the full model hierarchy.
type ModelNode struct {
	// Name is the local name of this node (LD name, LN name, or
	// path component name).
	Name string

	// Reference is the object reference for this node. During browse/
	// tree discovery the FC field is typically empty because the same
	// path may appear under multiple FCs. Use [Ref.WithFC],
	// [ModelNode.FC], or [ModelNode.FCs] to obtain an FC-qualified
	// reference suitable for read/write operations.
	Reference Ref

	// FC is the functional constraint when a single unambiguous FC
	// applies. Set only when exactly one FC is observed for this
	// node (e.g., via [TreeOptions.IncludeFCs] or caller-assigned).
	FC FunctionalConstraint

	// FCs contains all functional constraints observed for this
	// node. Populated when [TreeOptions.IncludeFCs] is true.
	// Multiple entries indicate the node appears under several FCs
	// (common for DOs containing attributes in ST, MX, CF, etc.).
	// Empty when FC annotation is not requested.
	FCs []FunctionalConstraint

	// Type contains MMS type information when available (from
	// GetVariableAccessAttributes). Nil when type info has not
	// been retrieved.
	Type *mms.TypeSpec

	// Children contains the child nodes in the hierarchy.
	Children []*ModelNode
}

// BrowseNode represents a generic browse child returned by
// [Client.ListChildren]. Unlike [DataObject], a BrowseNode does not
// imply that the node is a data object — it may be a sub-data object,
// data attribute, or any other child in the FC-merged browse view.
type BrowseNode struct {
	// Name is the local component name (e.g., "stVal", "mag").
	Name string

	// Reference is the full IEC 61850 object reference.
	Reference Ref
}

// MatchMode selects the pattern matching algorithm for [FindQuery].
type MatchMode int

const (
	// MatchGlob uses [path.Match] glob semantics (default). '*'
	// matches any characters within a single component, '?' matches
	// a single character.
	MatchGlob MatchMode = iota

	// MatchRegex uses Go [regexp] semantics. The pattern is compiled
	// with [regexp.Compile] and matched against the full object
	// reference string.
	MatchRegex
)

// FindQuery specifies search criteria for [Client.FindPaths].
type FindQuery struct {
	// Pattern is matched against the object reference (without FC
	// suffix). The matching algorithm is determined by [MatchMode].
	//
	// Glob examples (default):
	//   "*/LLN0*"           — all LLN0 nodes across all LDs
	//   "LD1/GGIO1.Ind*"    — all Ind objects under GGIO1
	//
	// Regex examples:
	//   ".*GGIO1\\.Ind[12]" — Ind1 and Ind2 under any GGIO1
	Pattern string

	// MatchMode selects the pattern matching algorithm. The default
	// ([MatchGlob]) preserves backward compatibility.
	MatchMode MatchMode

	// FC optionally filters results to a specific functional
	// constraint. When empty, all FCs are included.
	FC FunctionalConstraint

	// LDFilter, when non-empty, restricts the search to a single
	// logical device. This avoids fetching variable lists from
	// every LD, which can be expensive on servers with many domains.
	LDFilter string

	// MaxDepth limits traversal depth based on [Ref.Depth]. Zero means
	// unlimited. Depth values correspond to:
	//   1 = LD only
	//   2 = LN
	//   3 = first data object level (LD/LN.DO)
	//   4+ = deeper data attributes
	MaxDepth int
}

=== END ./model.go ===
=== START ./options.go ===
package iec61850

import (
	"log/slog"

	"github.com/otfabric/go-mms"
)

// DialOptions configures an IEC 61850 client connection established
// via [Dial].
type DialOptions struct {
	// MMS holds the underlying MMS dial options. These are passed
	// through to [iso.Dial] via [iso.WithClientDialOptions].
	MMS mms.DialOptions

	// Logger, when non-nil, enables structured logging for IEC 61850
	// operations. When nil (the default), no logging is emitted.
	Logger *slog.Logger

	// Strictness controls validation behavior.
	Strictness StrictnessOptions

	// Cache controls the client-side caching strategy for model
	// discovery results. The default ([CacheNone]) disables caching.
	Cache CacheStrategy
}

// ClientOptions configures an IEC 61850 client created via [NewClient]
// from an existing [mms.Client].
type ClientOptions struct {
	// Logger, when non-nil, enables structured logging for IEC 61850
	// operations. When nil (the default), no logging is emitted.
	Logger *slog.Logger

	// Strictness controls validation behavior.
	Strictness StrictnessOptions

	// Cache controls the client-side caching strategy for model
	// discovery results (logical devices, logical nodes, data
	// objects, tree). The default ([CacheNone]) disables caching.
	Cache CacheStrategy
}

// CacheStrategy controls client-side caching of IEC 61850 model
// discovery results to reduce server load during repeated browse
// operations.
type CacheStrategy int

const (
	// CacheNone disables caching. Every browse/discovery call hits
	// the server. This is the default.
	CacheNone CacheStrategy = iota

	// CacheExplicit enables a cache that is only populated via
	// explicit calls to [Client.RefreshCache] or
	// [Client.RefreshLDCache]. Browse methods consult the cache
	// if populated, otherwise fetch from the server without
	// storing the result. Use [Client.InvalidateCache] to clear.
	CacheExplicit

	// CacheLazy transparently caches results on first access.
	// Subsequent accesses reuse cached data. Explicit invalidation
	// and refresh are still available via [Client.InvalidateCache]
	// and [Client.RefreshCache].
	CacheLazy
)

// StrictnessOptions controls how strictly the client validates server
// responses and reference formats. The zero value uses pragmatic
// defaults suitable for interop with real-world IEC 61850 servers.
type StrictnessOptions struct {
	// RejectUnknownFC, when true, causes browse and tree operations
	// to return an error when an item ID contains a functional
	// constraint that is not in the IEC 61850 standard set. When
	// false (the default), unknown FCs are silently accepted and
	// stored as-is.
	RejectUnknownFC bool

	// VerifyReportCandidates, when true, causes [Client.ListReports]
	// to read and decode each heuristic RCB candidate, excluding
	// items that fail to decode as valid RCB structures. When false
	// (the default), discovery uses the fast naming-heuristic only.
	VerifyReportCandidates bool
}

=== END ./options.go ===
=== START ./quality.go ===
package iec61850

import (
	"fmt"
	"strings"

	"github.com/otfabric/go-mms"
)

// Quality represents an IEC 61850 quality bit string (13 bits).
//
// Quality is stored as a uint16 where bit positions match the
// IEC 61850 standard and the C libiec61850 convention:
//
//   - bits 0–1: Validity
//   - bit 2: Overflow
//   - bit 3: OutOfRange
//   - bit 4: BadReference
//   - bit 5: Oscillatory
//   - bit 6: Failure
//   - bit 7: OldData
//   - bit 8: Inconsistent
//   - bit 9: Inaccurate
//   - bit 10: Source (substituted)
//   - bit 11: Test
//   - bit 12: OperatorBlocked
type Quality uint16

// qualityBitLength is the number of bits in an IEC 61850 quality.
const qualityBitLength = 13

// Validity represents the validity portion of an IEC 61850 quality.
type Validity int

const (
	// ValidityGood indicates the value is valid.
	ValidityGood Validity = 0
	// ValidityReserved is reserved for future use.
	ValidityReserved Validity = 1
	// ValidityInvalid indicates the value is not valid.
	ValidityInvalid Validity = 2
	// ValidityQuestionable indicates the value may not be valid.
	ValidityQuestionable Validity = 3
)

// Detail quality flags (bits 2–9).
const (
	QualityOverflow     Quality = 1 << 2
	QualityOutOfRange   Quality = 1 << 3
	QualityBadReference Quality = 1 << 4
	QualityOscillatory  Quality = 1 << 5
	QualityFailure      Quality = 1 << 6
	QualityOldData      Quality = 1 << 7
	QualityInconsistent Quality = 1 << 8
	QualityInaccurate   Quality = 1 << 9
)

// Source, test, and operator flags (bits 10–12).
const (
	QualitySourceSubstituted Quality = 1 << 10
	QualityTest              Quality = 1 << 11
	QualityOperatorBlocked   Quality = 1 << 12
)

// validityMask covers the two validity bits.
const validityMask Quality = 0x3

// Validity returns the validity component of the quality.
func (q Quality) Validity() Validity {
	return Validity(q & validityMask)
}

// IsGood returns true when validity is [ValidityGood] and no
// detail quality flags are set.
func (q Quality) IsGood() bool {
	return q.Validity() == ValidityGood && q&^validityMask == 0
}

// Has returns true if the specified quality flag is set.
func (q Quality) Has(flag Quality) bool {
	return q&flag != 0
}

// WithValidity returns a copy of the quality with the given validity.
func (q Quality) WithValidity(v Validity) Quality {
	return (q &^ validityMask) | Quality(v)
}

// String returns a human-readable representation of the quality.
func (q Quality) String() string {
	var parts []string

	switch q.Validity() {
	case ValidityGood:
		parts = append(parts, "good")
	case ValidityInvalid:
		parts = append(parts, "invalid")
	case ValidityReserved:
		parts = append(parts, "reserved-validity")
	case ValidityQuestionable:
		parts = append(parts, "questionable")
	default:
		parts = append(parts, fmt.Sprintf("validity(%d)", q.Validity()))
	}

	flags := []struct {
		flag Quality
		name string
	}{
		{QualityOverflow, "overflow"},
		{QualityOutOfRange, "out-of-range"},
		{QualityBadReference, "bad-reference"},
		{QualityOscillatory, "oscillatory"},
		{QualityFailure, "failure"},
		{QualityOldData, "old-data"},
		{QualityInconsistent, "inconsistent"},
		{QualityInaccurate, "inaccurate"},
		{QualitySourceSubstituted, "substituted"},
		{QualityTest, "test"},
		{QualityOperatorBlocked, "operator-blocked"},
	}
	for _, f := range flags {
		if q.Has(f.flag) {
			parts = append(parts, f.name)
		}
	}

	return strings.Join(parts, ",")
}

// DecodeQuality decodes an IEC 61850 quality from an MMS bit string
// value. Returns a [DecodeError] if the value is not a bit string
// or has fewer than 13 bits.
func DecodeQuality(v *mms.Value) (Quality, error) {
	if v == nil {
		return 0, &DecodeError{
			Type:    "Quality",
			Message: "nil value",
		}
	}
	data, ok := v.BitString()
	if !ok {
		return 0, &DecodeError{
			Type:    "Quality",
			Message: fmt.Sprintf("expected bit string, got %v", v.Type()),
		}
	}
	bitLen, _ := v.BitStringLength()
	if bitLen < qualityBitLength {
		return 0, &DecodeError{
			Type:    "Quality",
			Message: fmt.Sprintf("quality requires %d bits, got %d", qualityBitLength, bitLen),
		}
	}

	return decodeQualityBits(data), nil
}

// EncodeQuality encodes an IEC 61850 quality as an MMS bit string value.
func EncodeQuality(q Quality) *mms.Value {
	return mms.NewBitStringWithLength(encodeQualityBits(q), qualityBitLength)
}

// decodeQualityBits converts MMS bit string bytes (MSB-first) to a
// Quality value where bit 0 = first quality bit (matching IEC 61850).
func decodeQualityBits(data []byte) Quality {
	var q uint16
	for bit := 0; bit < qualityBitLength; bit++ {
		byteIdx := bit / 8
		if byteIdx >= len(data) {
			break
		}
		bitInByte := uint(7 - (bit % 8))
		if data[byteIdx]&(1<<bitInByte) != 0 {
			q |= 1 << uint(bit)
		}
	}
	return Quality(q)
}

// encodeQualityBits converts a Quality value to MMS bit string bytes
// (MSB-first).
func encodeQualityBits(q Quality) []byte {
	data := make([]byte, 2)
	for bit := 0; bit < qualityBitLength; bit++ {
		if q&Quality(1<<uint(bit)) != 0 {
			byteIdx := bit / 8
			bitInByte := uint(7 - (bit % 8))
			data[byteIdx] |= 1 << bitInByte
		}
	}
	return data
}

=== END ./quality.go ===
=== START ./read.go ===
package iec61850

import (
	"context"
	"fmt"

	"github.com/otfabric/go-mms"
)

// Read reads a single IEC 61850 data attribute and returns it as
// an IEC 61850 [Value].
//
// The ref must include LD, LN, and FC.
//
// LN-level reads are supported: when the ref has LD + LN + FC but no
// path, the server returns the full structured value for all data
// attributes under that LN and FC combination.
//
// For raw MMS values without the IEC 61850 wrapper, use [Client.ReadRaw].
func (c *Client) Read(ctx context.Context, ref Ref) (*Value, error) {
	raw, err := c.ReadRaw(ctx, ref)
	if err != nil {
		return nil, err
	}
	return NewValue(raw), nil
}

// ReadRaw reads a single IEC 61850 data attribute and returns the
// underlying [mms.Value] directly, without IEC 61850 wrapping.
//
// This is useful when callers need full control over MMS value
// interpretation or want to avoid the [Value] abstraction overhead.
//
// Both object-level (LD/LN.DO.DA[FC]) and LN-level (LD/LN[FC])
// reads are supported. LN-level reads return the full structured
// value for the LN + FC combination as a single MMS structure.
func (c *Client) ReadRaw(ctx context.Context, ref Ref) (*mms.Value, error) {
	if err := c.checkOpen(); err != nil {
		return nil, err
	}
	if err := ref.Validate(); err != nil {
		return nil, err
	}
	if ref.LN == "" {
		return nil, &ReferenceError{Input: ref.String(), Reason: "logical node required for read"}
	}
	if ref.FC == "" {
		return nil, &ReferenceError{Input: ref.String(), Reason: "functional constraint required for read"}
	}

	domainID, itemID, err := ref.ToMMS()
	if err != nil {
		return nil, err
	}

	result, err := c.mmsClient.Read(ctx, mms.ReadRequest{
		DomainID: domainID,
		ItemID:   itemID,
	})
	if err != nil {
		return nil, fmt.Errorf("iec61850: read %s: %w", ref.String(), err)
	}

	if result == nil || result.Value == nil {
		return nil, fmt.Errorf("iec61850: read %s: missing value in read response", ref.String())
	}

	c.logger.Debug("iec61850: read", "ref", ref.String(), "type", result.Value.Type())
	return result.Value, nil
}

// ReadComponent reads a named component (sub-attribute) of a data
// object or data attribute.
//
// This is a convenience API equivalent to reading with a ref that has
// the component appended to the path. For example, reading component
// "stVal" from ref "LD/LN.Mod[ST]" is equivalent to reading
// "LD/LN.Mod.stVal[ST]".
//
// The ref must include LD, LN, FC, and at least one path component
// (the parent structure). The component name must be non-empty and
// must not contain separator characters.
func (c *Client) ReadComponent(ctx context.Context, ref Ref, component string) (*Value, error) {
	if component == "" {
		return nil, fmt.Errorf("iec61850: read component: empty component name")
	}
	if !ref.IsObject() {
		return nil, &ReferenceError{Input: ref.String(), Reason: "object reference required for read component"}
	}

	childRef, err := ref.Child(component)
	if err != nil {
		return nil, fmt.Errorf("iec61850: read component %q of %s: %w", component, ref.String(), err)
	}

	return c.Read(ctx, childRef)
}

=== END ./read.go ===
=== START ./ref.go ===
package iec61850

import (
	"fmt"
	"strings"

	"github.com/otfabric/go-mms"
)

// Ref is a parsed IEC 61850 object reference.
//
// An IEC 61850 object reference identifies a node in the data model
// hierarchy: LogicalDevice / LogicalNode . DataObject . DataAttribute.
// An optional functional constraint can be appended in brackets.
//
// Format: LD/LN.DO.DA[FC]
//
// A Ref may represent different levels of the hierarchy:
//
//   - LD-only (LN empty, no path) — identifies a logical device for
//     browsing and GetNameList operations. Not all operations accept
//     LD-only refs; read/write require at least LN + FC.
//   - LN-level (LN set, no path) — identifies a logical node.
//   - Object-level (LN set, path present) — identifies a data object
//     or data attribute.
//
// Examples:
//
//	simpleIOGenericIO/GGIO1.Ind1.stVal[ST]
//	simpleIOGenericIO/GGIO1.Ind1.stVal
//	simpleIOGenericIO/LLN0
type Ref struct {
	// LD is the logical device name.
	LD string
	// LN is the logical node name (e.g., "LLN0", "GGIO1").
	LN string
	// Path contains the data object / data attribute path components.
	// Empty when the reference points to a logical node.
	Path []string
	// FC is the functional constraint. Empty when not specified.
	FC FunctionalConstraint
}

// ParseRef parses an IEC 61850 object reference string.
//
// Accepted formats:
//
//	LD/LN.DO.DA[FC]   — full reference with functional constraint
//	LD/LN.DO.DA        — reference without FC
//	LD/LN              — logical node reference
//	LD                 — logical device reference (LN will be empty)
//
// Returns a [*ReferenceError] wrapping [ErrInvalidReference] on
// malformed input.
//
// The parser accepts references of any reasonable length. Use
// [ParseRefStrict] to enforce the conservative 129-character limit
// inspired by IEC 61850-7-2 VisibleString129.
//
// Unknown FC values (not in the standard set) are accepted. Use
// [StrictnessOptions.RejectUnknownFC] at call sites or
// [FunctionalConstraint.IsValid] for semantic FC validation.
func ParseRef(s string) (Ref, error) {
	if s == "" {
		return Ref{}, &ReferenceError{Input: s, Reason: "empty reference"}
	}

	openCount := strings.Count(s, "[")
	closeCount := strings.Count(s, "]")
	if openCount != closeCount {
		return Ref{}, &ReferenceError{Input: s, Reason: "mismatched brackets"}
	}
	if openCount > 1 {
		return Ref{}, &ReferenceError{Input: s, Reason: "multiple bracket pairs"}
	}

	var fc FunctionalConstraint
	work := s

	if idx := strings.Index(work, "["); idx >= 0 {
		end := strings.Index(work, "]")
		if end < 0 || end != len(work)-1 {
			return Ref{}, &ReferenceError{Input: s, Reason: "malformed functional constraint brackets"}
		}
		fcStr := work[idx+1 : end]
		if len(fcStr) != 2 {
			return Ref{}, &ReferenceError{Input: s, Reason: fmt.Sprintf("functional constraint must be 2 characters, got %q", fcStr)}
		}
		fc = FunctionalConstraint(fcStr)
		work = work[:idx]
	}

	slashIdx := strings.Index(work, "/")

	if slashIdx < 0 {
		if strings.Contains(work, ".") {
			return Ref{}, &ReferenceError{Input: s, Reason: "missing logical device separator '/'"}
		}
		ref := Ref{LD: work, FC: fc}
		if err := ref.Validate(); err != nil {
			return Ref{}, err
		}
		return ref, nil
	}

	ld := work[:slashIdx]
	if ld == "" {
		return Ref{}, &ReferenceError{Input: s, Reason: "empty logical device name"}
	}
	if len(ld) > 64 {
		return Ref{}, &ReferenceError{Input: s, Reason: "logical device name exceeds 64 characters"}
	}

	rest := work[slashIdx+1:]
	if rest == "" {
		return Ref{}, &ReferenceError{Input: s, Reason: "empty content after '/'"}
	}

	dotIdx := strings.Index(rest, ".")
	if dotIdx < 0 {
		ref := Ref{LD: ld, LN: rest, FC: fc}
		if err := ref.Validate(); err != nil {
			return Ref{}, err
		}
		return ref, nil
	}

	ln := rest[:dotIdx]
	if ln == "" {
		return Ref{}, &ReferenceError{Input: s, Reason: "empty logical node name"}
	}

	pathStr := rest[dotIdx+1:]
	if pathStr == "" {
		return Ref{}, &ReferenceError{Input: s, Reason: "empty path after logical node"}
	}

	parts := strings.Split(pathStr, ".")

	ref := Ref{LD: ld, LN: ln, Path: parts, FC: fc}
	if err := ref.Validate(); err != nil {
		return Ref{}, err
	}
	return ref, nil
}

// ParseRefStrict is like [ParseRef] but enforces a maximum reference
// length of 129 characters, inspired by the IEC 61850-7-2 MMS
// VisibleString129 type for ObjectReference attributes.
func ParseRefStrict(s string) (Ref, error) {
	if len(s) > 129 {
		return Ref{}, &ReferenceError{Input: s, Reason: "exceeds maximum length (129)"}
	}
	return ParseRef(s)
}

// Validate checks the structural invariants of the Ref.
//
// Rules:
//   - LD must be non-empty
//   - if LN is empty, Path must also be empty
//   - if LN is empty, FC must also be empty (FC requires at least LN)
//   - no empty path components
//   - if FC is non-empty, it must be exactly 2 characters (length check
//     only — unknown FC values are accepted; use [FunctionalConstraint.IsValid]
//     for semantic validation)
//   - components must not contain separators (/, ., $, [, ])
func (r Ref) Validate() error {
	if r.LD == "" {
		return &ReferenceError{Input: r.String(), Reason: "empty logical device name"}
	}
	if err := validateComponent(r.LD, "logical device"); err != nil {
		return &ReferenceError{Input: r.String(), Reason: err.Error()}
	}
	if r.LN == "" && len(r.Path) > 0 {
		return &ReferenceError{Input: r.String(), Reason: "path present without logical node"}
	}
	if r.FC != "" && r.LN == "" {
		return &ReferenceError{Input: r.String(), Reason: "functional constraint requires logical node"}
	}
	if r.LN != "" {
		if err := validateComponent(r.LN, "logical node"); err != nil {
			return &ReferenceError{Input: r.String(), Reason: err.Error()}
		}
	}
	for i, p := range r.Path {
		if p == "" {
			return &ReferenceError{Input: r.String(), Reason: fmt.Sprintf("empty path component at position %d", i)}
		}
		if err := validateComponent(p, fmt.Sprintf("path component [%d]", i)); err != nil {
			return &ReferenceError{Input: r.String(), Reason: err.Error()}
		}
	}
	if r.FC != "" && len(r.FC) != 2 {
		return &ReferenceError{Input: r.String(), Reason: fmt.Sprintf("functional constraint must be 2 characters, got %q", r.FC)}
	}
	return nil
}

// validateComponent rejects names containing IEC 61850 / MMS separators.
func validateComponent(name, label string) error {
	if strings.ContainsAny(name, "/.$[]") {
		return fmt.Errorf("%s %q contains illegal separator character", label, name)
	}
	return nil
}

// String returns the canonical IEC 61850 object reference string.
func (r Ref) String() string {
	var b strings.Builder
	b.WriteString(r.LD)

	if r.LN != "" {
		b.WriteByte('/')
		b.WriteString(r.LN)
		if len(r.Path) > 0 {
			b.WriteByte('.')
			b.WriteString(strings.Join(r.Path, "."))
		}
	}

	if r.FC != "" {
		b.WriteByte('[')
		b.WriteString(string(r.FC))
		b.WriteByte(']')
	}

	return b.String()
}

// ObjectReference returns the reference formatted without the FC
// bracket suffix.
func (r Ref) ObjectReference() string {
	noFC := r
	noFC.FC = ""
	return noFC.String()
}

// WithFC returns a copy of r with the functional constraint set to fc.
func (r Ref) WithFC(fc FunctionalConstraint) Ref {
	r.FC = fc
	return r
}

// Parent returns the parent reference. For a DA reference, this returns
// the parent DO or LN. Returns false if r is already at the top level
// (LD-only).
//
// The functional constraint is preserved when the returned parent still
// refers to a logical node or object path. When the parent is LD-only,
// the FC is dropped because LD[FC] is not a meaningful IEC 61850
// reference shape.
func (r Ref) Parent() (Ref, bool) {
	if len(r.Path) > 0 {
		return Ref{
			LD:   r.LD,
			LN:   r.LN,
			Path: r.Path[:len(r.Path)-1],
			FC:   r.FC,
		}, true
	}
	if r.LN != "" {
		return Ref{LD: r.LD}, true
	}
	return Ref{}, false
}

// Child returns a new reference with name appended to the path.
// Returns an error if r has no logical node (LD-only), if name is
// empty, or if name contains separator characters (/, ., $, [, ]).
func (r Ref) Child(name string) (Ref, error) {
	if r.LN == "" {
		return Ref{}, &ReferenceError{Input: r.String(), Reason: "cannot add child path without logical node"}
	}
	if name == "" {
		return Ref{}, &ReferenceError{Input: r.String(), Reason: "empty child name"}
	}
	if strings.ContainsAny(name, "/.$[]") {
		return Ref{}, &ReferenceError{Input: r.String(), Reason: fmt.Sprintf("child name %q contains illegal separator character", name)}
	}
	path := make([]string, len(r.Path), len(r.Path)+1)
	copy(path, r.Path)
	path = append(path, name)
	return Ref{LD: r.LD, LN: r.LN, Path: path, FC: r.FC}, nil
}

// IsLD reports whether the reference points to a logical device only.
func (r Ref) IsLD() bool {
	return r.LD != "" && r.LN == "" && len(r.Path) == 0
}

// IsLN reports whether the reference points to a logical node (no path).
func (r Ref) IsLN() bool {
	return r.LN != "" && len(r.Path) == 0
}

// IsObject reports whether the reference points to a data object or
// data attribute (LN set with at least one path component).
func (r Ref) IsObject() bool {
	return r.LN != "" && len(r.Path) > 0
}

// HasPath reports whether the reference includes a data object or data
// attribute path.
func (r Ref) HasPath() bool {
	return len(r.Path) > 0
}

// Depth returns the depth of the reference in the hierarchy.
//
//   - 0: zero-value ref (empty LD)
//   - 1: LD only
//   - 2: LD/LN
//   - 3+: LD/LN + path components (depth = 2 + len(Path))
func (r Ref) Depth() int {
	if r.LD == "" {
		return 0
	}
	if r.LN == "" {
		return 1
	}
	return 2 + len(r.Path)
}

// MMS domain/item-ID translation.
//
// IEC 61850 maps to MMS as:
//   - MMS domain = logical device name
//   - MMS item ID = LN$FC$path (with $ separating components)
//
// Example: LD/LN.DO.DA[ST] → domain="LD", itemID="LN$ST$DO$DA"

// ToMMS converts the reference to MMS domain and item ID.
//
// Calls [Ref.Validate] before conversion. Requires a valid FC when
// the reference includes a path.
//
// LN-level refs without FC (e.g., Ref{LD:"LD1", LN:"LLN0"}) produce
// a bare item ID of "LLN0". This is used for GetNameList and other
// browse-oriented MMS operations. It is not the normal read/write
// mapping — MMS read/write at the LN level is a special IEC 61850
// convention that returns the complete named-variable subtree.
// Normal attribute access requires FC-qualified refs.
//
// Examples:
//
//	Ref{LD:"LD1", LN:"LLN0"}                                     → domain="LD1", itemID="LLN0"
//	Ref{LD:"LD1", LN:"LLN0", Path:[]string{"Mod","stVal"}, FC:FCST} → domain="LD1", itemID="LLN0$ST$Mod$stVal"
func (r Ref) ToMMS() (domain mms.DomainID, itemID mms.ItemID, err error) {
	if err := r.Validate(); err != nil {
		return "", "", err
	}

	domain = mms.DomainID(r.LD)

	if r.LN == "" {
		return domain, "", nil
	}

	if len(r.Path) == 0 && r.FC == "" {
		return domain, mms.ItemID(r.LN), nil
	}

	if r.FC == "" {
		return "", "", &ReferenceError{
			Input:  r.String(),
			Reason: "cannot convert to MMS item ID: functional constraint required when path is present",
		}
	}

	var b strings.Builder
	b.WriteString(r.LN)
	b.WriteByte('$')
	b.WriteString(string(r.FC))
	for _, p := range r.Path {
		b.WriteByte('$')
		b.WriteString(p)
	}

	return domain, mms.ItemID(b.String()), nil
}

// RefFromMMS constructs a Ref from an MMS domain ID and item ID.
//
// The item ID is expected to follow the IEC 61850 MMS mapping convention:
// LN$FC$path$components. The FC is extracted from the second $-delimited
// segment.
//
// Unknown FCs are accepted and stored as-is. This matches the library's
// "accept by default, reject via strictness" philosophy. Use
// [StrictnessOptions.RejectUnknownFC] at call sites to enforce stricter
// validation.
//
// Returns an error for empty domain or empty segments within the item ID.
func RefFromMMS(domain mms.DomainID, itemID mms.ItemID) (Ref, error) {
	ld := string(domain)
	if ld == "" {
		return Ref{}, &ReferenceError{Input: string(itemID), Reason: "empty MMS domain"}
	}

	item := string(itemID)
	if item == "" {
		return Ref{LD: ld}, nil
	}

	parts := strings.Split(item, "$")

	ln := parts[0]
	if ln == "" {
		return Ref{}, &ReferenceError{Input: item, Reason: "empty logical node in MMS item ID"}
	}

	if len(parts) == 1 {
		return Ref{LD: ld, LN: ln}, nil
	}

	fcStr := parts[1]
	if fcStr == "" {
		return Ref{}, &ReferenceError{Input: item, Reason: "empty functional constraint in MMS item ID"}
	}
	fc := FunctionalConstraint(fcStr)

	var path []string
	if len(parts) > 2 {
		path = parts[2:]
		for i, p := range path {
			if p == "" {
				return Ref{}, &ReferenceError{Input: item, Reason: fmt.Sprintf("empty path segment at position %d in MMS item ID", i)}
			}
		}
	}

	return Ref{LD: ld, LN: ln, Path: path, FC: fc}, nil
}

=== END ./ref.go ===
=== START ./report.go ===
package iec61850

import (
	"context"
	"fmt"
	"log/slog"
	"path"
	"sort"
	"strings"
	"sync"
	"time"

	"github.com/otfabric/go-mms"
)

// --- Report field masks and trigger options ---

// OptFlds represents the optional fields bit mask of a report control
// block. Each bit controls whether the corresponding field is included
// in generated reports.
type OptFlds uint16

// Optional field flags for [OptFlds].
const (
	OptFldSeqNum       OptFlds = 1 << 0 // Sequence number
	OptFldTimeStamp    OptFlds = 1 << 1 // Report timestamp
	OptFldReasonCode   OptFlds = 1 << 2 // Inclusion reason per member
	OptFldDataSet      OptFlds = 1 << 3 // Dataset reference
	OptFldDataRef      OptFlds = 1 << 4 // Data references
	OptFldBufOvfl      OptFlds = 1 << 5 // Buffer overflow flag
	OptFldEntryID      OptFlds = 1 << 6 // Entry ID (BRCB)
	OptFldConfRev      OptFlds = 1 << 7 // Configuration revision
	OptFldSegmentation OptFlds = 1 << 8 // Segmentation info
)

// Has reports whether the specified optional field flag is set.
func (o OptFlds) Has(flag OptFlds) bool { return o&flag != 0 }

// String returns a comma-separated list of set optional field names.
func (o OptFlds) String() string {
	var parts []string
	flags := []struct {
		f    OptFlds
		name string
	}{
		{OptFldSeqNum, "seq-num"},
		{OptFldTimeStamp, "timestamp"},
		{OptFldReasonCode, "reason-code"},
		{OptFldDataSet, "data-set"},
		{OptFldDataRef, "data-ref"},
		{OptFldBufOvfl, "buf-ovfl"},
		{OptFldEntryID, "entry-id"},
		{OptFldConfRev, "conf-rev"},
		{OptFldSegmentation, "segmentation"},
	}
	for _, fl := range flags {
		if o.Has(fl.f) {
			parts = append(parts, fl.name)
		}
	}
	if len(parts) == 0 {
		return "none"
	}
	return strings.Join(parts, ",")
}

// TrgOps represents the trigger options bit mask of a report control
// block.
type TrgOps uint8

// Trigger option flags for [TrgOps].
const (
	TrgOpDataChanged    TrgOps = 1 << 0 // Data change
	TrgOpQualityChanged TrgOps = 1 << 1 // Quality change
	TrgOpDataUpdate     TrgOps = 1 << 2 // Data update
	TrgOpIntegrity      TrgOps = 1 << 3 // Integrity period
	TrgOpGI             TrgOps = 1 << 4 // General interrogation
)

// Has reports whether the specified trigger option is set.
func (t TrgOps) Has(flag TrgOps) bool { return t&flag != 0 }

// String returns a comma-separated list of set trigger option names.
func (t TrgOps) String() string {
	var parts []string
	flags := []struct {
		f    TrgOps
		name string
	}{
		{TrgOpDataChanged, "data-changed"},
		{TrgOpQualityChanged, "quality-changed"},
		{TrgOpDataUpdate, "data-update"},
		{TrgOpIntegrity, "integrity"},
		{TrgOpGI, "GI"},
	}
	for _, fl := range flags {
		if t.Has(fl.f) {
			parts = append(parts, fl.name)
		}
	}
	if len(parts) == 0 {
		return "none"
	}
	return strings.Join(parts, ",")
}

// ReasonCode represents the reason for inclusion of a data set member
// in a report.
type ReasonCode uint8

// Reason code values for report member inclusion.
const (
	ReasonDataChanged    ReasonCode = 1 << 0 // Included due to data change
	ReasonQualityChanged ReasonCode = 1 << 1 // Included due to quality change
	ReasonDataUpdate     ReasonCode = 1 << 2 // Included due to data update
	ReasonIntegrity      ReasonCode = 1 << 3 // Included due to integrity scan
	ReasonGI             ReasonCode = 1 << 4 // Included due to GI
)

// String returns a comma-separated list of set reason flags, matching
// the multi-bit style used by [OptFlds.String] and [TrgOps.String].
func (r ReasonCode) String() string {
	if r == 0 {
		return "not-included"
	}
	var parts []string
	flags := []struct {
		f    ReasonCode
		name string
	}{
		{ReasonDataChanged, "data-change"},
		{ReasonQualityChanged, "quality-change"},
		{ReasonDataUpdate, "data-update"},
		{ReasonIntegrity, "integrity"},
		{ReasonGI, "GI"},
	}
	for _, fl := range flags {
		if r&fl.f != 0 {
			parts = append(parts, fl.name)
		}
	}
	if len(parts) == 0 {
		return fmt.Sprintf("reason(%d)", r)
	}
	return strings.Join(parts, ",")
}

// --- Report Control Block ---

// RCBType distinguishes buffered from unbuffered report control blocks.
type RCBType int

const (
	// RCBBuffered is a buffered report control block (BRCB, FC=BR).
	RCBBuffered RCBType = iota
	// RCBUnbuffered is an unbuffered report control block (URCB, FC=RP).
	RCBUnbuffered
)

// String returns "BRCB" or "URCB".
func (t RCBType) String() string {
	if t == RCBBuffered {
		return "BRCB"
	}
	return "URCB"
}

// FC returns the functional constraint for this RCB type.
func (t RCBType) FC() FunctionalConstraint {
	if t == RCBBuffered {
		return FCBR
	}
	return FCRP
}

// ReportControlBlock holds the decoded attributes of a report control
// block read from a server.
type ReportControlBlock struct {
	// Reference is a display-only pseudo-reference derived from the
	// MMS item ID by replacing '$' with '.' (e.g. "LD/LLN0.BR.brcb01").
	// This is not a proper IEC 61850 object reference because BR/RP
	// is a functional constraint, not a path component. Use the LD
	// and MMS item ID from the original [Client.GetReportControlBlock]
	// call for programmatic access.
	Reference string

	// Type is BRCB or URCB.
	Type RCBType

	// RptID is the report identifier.
	RptID string

	// RptEna indicates whether the report is enabled.
	RptEna bool

	// DatSet is the data set reference.
	DatSet string

	// ConfRev is the configuration revision number.
	ConfRev uint32

	// OptFlds is the optional fields bit mask.
	OptFlds OptFlds

	// BufTm is the buffer time in milliseconds.
	BufTm uint32

	// SqNum is the current sequence number.
	SqNum uint32

	// TrgOps is the trigger options bit mask.
	TrgOps TrgOps

	// IntgPd is the integrity period in milliseconds.
	IntgPd uint32

	// GI indicates a general interrogation request.
	GI bool

	// Resv is the reservation flag (URCB only).
	Resv bool

	// ResvTms is the reservation time in ms (BRCB only, optional).
	ResvTms int32

	// EntryID is the entry identifier (BRCB only).
	EntryID []byte

	// PurgeBuf indicates a purge buffer request (BRCB only).
	PurgeBuf bool

	// Owner is the client owner identifier (optional, edition 2+).
	Owner []byte
}

// RCB attribute names as they appear in MMS item IDs.
const (
	rcbAttrRptID    = "RptID"
	rcbAttrRptEna   = "RptEna"
	rcbAttrDatSet   = "DatSet"
	rcbAttrConfRev  = "ConfRev"
	rcbAttrOptFlds  = "OptFlds"
	rcbAttrBufTm    = "BufTm"
	rcbAttrSqNum    = "SqNum"
	rcbAttrTrgOps   = "TrgOps"
	rcbAttrIntgPd   = "IntgPd"
	rcbAttrGI       = "GI"
	rcbAttrResv     = "Resv"
	rcbAttrResvTms  = "ResvTms"
	rcbAttrEntryID  = "EntryID"
	rcbAttrPurgeBuf = "PurgeBuf"
	rcbAttrOwner    = "Owner"
)

// ListReports returns the names of all report control blocks in the
// specified logical device.
//
// Discovery is by MMS item-name pattern: an item ID with exactly three
// '$'-separated segments where the second segment is "BR" or "RP" is
// treated as a RCB. This is a heuristic — it does not perform semantic
// verification (e.g., reading RCB attributes) to confirm the variable
// is actually a report control block.
//
// When [StrictnessOptions.VerifyReportCandidates] is true, each
// candidate is read from the server and decoded; items that fail to
// decode as a valid RCB structure are excluded. This is equivalent to
// calling [Client.ListReportsVerified].
//
// The results include both buffered (BRCB, FC=BR) and unbuffered
// (URCB, FC=RP) report control blocks. Each returned name is an MMS
// item ID like "LLN0$BR$brcbName01" or "LLN0$RP$urcbName01".
//
// Results are sorted alphabetically by name for deterministic output.
func (c *Client) ListReports(ctx context.Context, ld string) ([]string, error) {
	rcbs, err := c.listReportCandidates(ctx, ld)
	if err != nil {
		return nil, err
	}

	if c.opts.Strictness.VerifyReportCandidates && len(rcbs) > 0 {
		rcbs = c.verifyReportCandidates(ctx, ld, rcbs)
	}

	sort.Strings(rcbs)
	c.logger.Debug("iec61850: list reports", "ld", ld, "count", len(rcbs))
	return rcbs, nil
}

// listReportCandidates returns heuristic RCB names without verification.
func (c *Client) listReportCandidates(ctx context.Context, ld string) ([]string, error) {
	if err := c.checkOpen(); err != nil {
		return nil, err
	}
	if ld == "" {
		return nil, fmt.Errorf("iec61850: list reports: %w: empty logical device name", ErrInvalidArgument)
	}

	allNames, err := c.mmsClient.GetNameListAll(ctx, mms.NameListRequest{
		ObjectClass: mms.ObjectClassNamedVariable,
		Scope:       mms.ObjectScopeDomain,
		DomainID:    mms.DomainID(ld),
	})
	if err != nil {
		return nil, fmt.Errorf("iec61850: list reports for %q: %w", ld, err)
	}

	var rcbs []string
	for _, name := range allNames {
		if isRCBItemID(name) {
			rcbs = append(rcbs, name)
		}
	}
	return rcbs, nil
}

// verifyReportCandidates reads each candidate from the server and
// returns only those that decode as valid RCB structures.
func (c *Client) verifyReportCandidates(ctx context.Context, ld string, candidates []string) []string {
	verified := make([]string, 0, len(candidates))
	for _, rcbItemID := range candidates {
		if _, readErr := c.GetReportControlBlock(ctx, ld, rcbItemID); readErr != nil {
			c.logger.Debug("iec61850: report candidate failed verification",
				"ld", ld, "rcb", rcbItemID, "error", readErr)
			continue
		}
		verified = append(verified, rcbItemID)
	}
	return verified
}

// isRCBItemID returns true if the MMS item ID matches the heuristic
// IEC 61850 RCB naming pattern (exactly LN$BR$name or LN$RP$name,
// 3 '$'-separated segments).
func isRCBItemID(itemID string) bool {
	parts := strings.Split(itemID, "$")
	if len(parts) != 3 {
		return false
	}
	return parts[1] == "BR" || parts[1] == "RP"
}

// ListReportsVerified returns verified report control block names by
// reading each heuristic candidate from the server and confirming it
// decodes as a valid RCB structure. This is slower than [ListReports]
// (one MMS read per candidate) but eliminates false positives from
// naming collisions.
//
// Candidates that fail to read or decode are silently excluded from
// the result and logged at Debug level.
func (c *Client) ListReportsVerified(ctx context.Context, ld string) ([]string, error) {
	candidates, err := c.listReportCandidates(ctx, ld)
	if err != nil {
		return nil, err
	}

	verified := c.verifyReportCandidates(ctx, ld, candidates)
	c.logger.Debug("iec61850: list reports verified", "ld", ld,
		"candidates", len(candidates), "verified", len(verified))
	return verified, nil
}

// rcbTypeFromItemID determines the RCB type from an MMS item ID.
func rcbTypeFromItemID(itemID string) RCBType {
	parts := strings.SplitN(itemID, "$", 3)
	if len(parts) >= 2 && parts[1] == "BR" {
		return RCBBuffered
	}
	return RCBUnbuffered
}

// GetReportControlBlock reads all attributes of a report control block
// from the server.
//
// The ld parameter is the logical device (MMS domain) and rcbItemID is
// the RCB's MMS item ID (e.g. "LLN0$BR$brcb01" or "LLN0$RP$urcb01").
func (c *Client) GetReportControlBlock(ctx context.Context, ld, rcbItemID string) (*ReportControlBlock, error) {
	if err := c.checkOpen(); err != nil {
		return nil, err
	}
	if ld == "" {
		return nil, fmt.Errorf("iec61850: get RCB: %w: empty logical device name", ErrInvalidArgument)
	}
	if rcbItemID == "" {
		return nil, fmt.Errorf("iec61850: get RCB: %w: empty RCB item ID", ErrInvalidArgument)
	}

	result, err := c.mmsClient.Read(ctx, mms.ReadRequest{
		DomainID: mms.DomainID(ld),
		ItemID:   mms.ItemID(rcbItemID),
	})
	if err != nil {
		return nil, fmt.Errorf("iec61850: get RCB %s/%s: %w", ld, rcbItemID, err)
	}

	if result == nil || result.Value == nil {
		return nil, fmt.Errorf("iec61850: get RCB %s/%s: missing value in response", ld, rcbItemID)
	}

	rcbType := rcbTypeFromItemID(rcbItemID)
	rcb, err := decodeRCB(ld, rcbItemID, rcbType, result.Value)
	if err != nil {
		return nil, fmt.Errorf("iec61850: get RCB %s/%s: %w", ld, rcbItemID, err)
	}

	c.logger.Debug("iec61850: get RCB", "ref", rcb.Reference, "type", rcb.Type)
	return rcb, nil
}

const (
	minBRCBElements = 13 // RptID..GI + PurgeBuf + EntryID + TimeOfEntry
	minURCBElements = 11 // RptID..GI + Resv
)

// decodeRCB decodes a ReportControlBlock from an MMS structure value.
// decodeRCB decodes an MMS structure into a [ReportControlBlock].
//
// The decoder assumes fixed positional field ordering as defined by
// IEC 61850-8-1 and the go-mms server implementation: RptID, RptEna,
// DatSet, ConfRev, OptFlds, BufTm, SqNum, TrgOps, IntgPd, GI, then
// Resv (URCB) or PurgeBuf/EntryID/TimeOfEntry (BRCB). If a vendor
// or server deviates from this order or omits optional trailing fields,
// decoding may silently produce incorrect results. A named-structure
// decode path would be more resilient but requires go-mms to expose
// field names in structure values.
func decodeRCB(ld, rcbItemID string, rcbType RCBType, v *mms.Value) (*ReportControlBlock, error) {
	elems, ok := v.Structure()
	if !ok {
		return nil, &ReportError{
			RCBRef:  ld + "/" + rcbItemID,
			Message: fmt.Sprintf("expected structure, got %v", v.Type()),
		}
	}

	minElems := minURCBElements
	if rcbType == RCBBuffered {
		minElems = minBRCBElements
	}
	if len(elems) < minElems {
		return nil, &ReportError{
			RCBRef:  ld + "/" + rcbItemID,
			Message: fmt.Sprintf("%s structure too short: got %d elements, need at least %d", rcbType, len(elems), minElems),
		}
	}

	rcbRef := ld + "/" + strings.ReplaceAll(rcbItemID, "$", ".")

	rcb := &ReportControlBlock{
		Reference: rcbRef,
		Type:      rcbType,
	}

	idx := 0
	get := func() *mms.Value {
		if idx < len(elems) {
			val := elems[idx]
			idx++
			return val
		}
		return nil
	}

	mustString := func(name string) (string, error) {
		val := get()
		if val == nil {
			return "", &ReportError{RCBRef: rcbRef, Message: fmt.Sprintf("missing required field %s", name)}
		}
		s, ok := val.VisibleString()
		if !ok {
			return "", &ReportError{RCBRef: rcbRef, Message: fmt.Sprintf("required field %s: expected VisibleString, got %v", name, val.Type())}
		}
		return s, nil
	}
	mustBool := func(name string) (bool, error) {
		val := get()
		if val == nil {
			return false, &ReportError{RCBRef: rcbRef, Message: fmt.Sprintf("missing required field %s", name)}
		}
		b, ok := val.Bool()
		if !ok {
			return false, &ReportError{RCBRef: rcbRef, Message: fmt.Sprintf("required field %s: expected Boolean, got %v", name, val.Type())}
		}
		return b, nil
	}
	mustUint32 := func(name string) (uint32, error) {
		val := get()
		if val == nil {
			return 0, &ReportError{RCBRef: rcbRef, Message: fmt.Sprintf("missing required field %s", name)}
		}
		u, ok := val.Uint32()
		if !ok {
			return 0, &ReportError{RCBRef: rcbRef, Message: fmt.Sprintf("required field %s: expected Unsigned, got %v", name, val.Type())}
		}
		return u, nil
	}

	var err error
	if rcb.RptID, err = mustString("RptID"); err != nil {
		return nil, err
	}
	if rcb.RptEna, err = mustBool("RptEna"); err != nil {
		return nil, err
	}
	if rcb.DatSet, err = mustString("DatSet"); err != nil {
		return nil, err
	}
	if rcb.ConfRev, err = mustUint32("ConfRev"); err != nil {
		return nil, err
	}
	{
		val := get()
		if val == nil {
			return nil, &ReportError{RCBRef: rcbRef, Message: "missing required field OptFlds"}
		}
		o, err := decodeOptFldsStrict(val)
		if err != nil {
			return nil, &ReportError{RCBRef: rcbRef, Message: fmt.Sprintf("required field OptFlds: %v", err)}
		}
		rcb.OptFlds = o
	}
	if val := get(); val != nil {
		if u, ok := val.Uint32(); ok {
			rcb.BufTm = u
		}
	}
	if val := get(); val != nil {
		if u, ok := val.Uint32(); ok {
			rcb.SqNum = u
		}
	}
	{
		val := get()
		if val == nil {
			return nil, &ReportError{RCBRef: rcbRef, Message: "missing required field TrgOps"}
		}
		t, err := decodeTrgOpsStrict(val)
		if err != nil {
			return nil, &ReportError{RCBRef: rcbRef, Message: fmt.Sprintf("required field TrgOps: %v", err)}
		}
		rcb.TrgOps = t
	}
	if val := get(); val != nil {
		if u, ok := val.Uint32(); ok {
			rcb.IntgPd = u
		}
	}
	if val := get(); val != nil {
		if b, ok := val.Bool(); ok {
			rcb.GI = b
		}
	}

	if rcbType == RCBUnbuffered {
		if val := get(); val != nil {
			if b, ok := val.Bool(); ok {
				rcb.Resv = b
			}
		}
	}

	if rcbType == RCBBuffered {
		if val := get(); val != nil {
			if b, ok := val.Bool(); ok {
				rcb.PurgeBuf = b
			}
		}
		if val := get(); val != nil {
			if bs, ok := val.OctetString(); ok {
				rcb.EntryID = append([]byte(nil), bs...)
			}
		}
		// TimeOfEntry skipped (binary time, not always present)
		_ = get()

		if idx < len(elems) {
			if val := get(); val != nil {
				if i, ok := val.Int32(); ok {
					rcb.ResvTms = i
				}
			}
		}
	}

	if idx < len(elems) {
		if val := get(); val != nil {
			if bs, ok := val.OctetString(); ok {
				rcb.Owner = append([]byte(nil), bs...)
			}
		}
	}

	return rcb, nil
}

// decodeOptFlds decodes OptFlds from an MMS bit string value.
func decodeOptFlds(v *mms.Value) OptFlds {
	o, _ := decodeOptFldsStrict(v)
	return o
}

func decodeOptFldsStrict(v *mms.Value) (OptFlds, error) {
	data, ok := v.BitString()
	if !ok {
		return 0, fmt.Errorf("expected BitString, got %v", v.Type())
	}
	if len(data) < 2 {
		return 0, fmt.Errorf("BitString too short (%d bytes, need 2)", len(data))
	}
	if bl, ok := v.BitStringLength(); ok && bl < 10 {
		return 0, fmt.Errorf("OptFlds BitString too short (%d bits, need 10)", bl)
	}
	var o uint16
	for bit := 0; bit < 10; bit++ {
		byteIdx := bit / 8
		bitInByte := uint(7 - (bit % 8))
		if data[byteIdx]&(1<<bitInByte) != 0 {
			o |= 1 << uint(bit)
		}
	}
	return OptFlds(o), nil
}

// decodeTrgOps decodes TrgOps from an MMS bit string value.
func decodeTrgOps(v *mms.Value) TrgOps {
	t, _ := decodeTrgOpsStrict(v)
	return t
}

func decodeTrgOpsStrict(v *mms.Value) (TrgOps, error) {
	data, ok := v.BitString()
	if !ok {
		return 0, fmt.Errorf("expected BitString, got %v", v.Type())
	}
	if len(data) == 0 {
		return 0, fmt.Errorf("BitString is empty")
	}
	if bl, ok := v.BitStringLength(); ok && bl < 6 {
		return 0, fmt.Errorf("TrgOps BitString too short (%d bits, need 6)", bl)
	}
	var t uint8
	for bit := 0; bit < 6; bit++ {
		byteIdx := bit / 8
		if byteIdx >= len(data) {
			break
		}
		bitInByte := uint(7 - (bit % 8))
		if data[byteIdx]&(1<<bitInByte) != 0 {
			t |= 1 << uint(bit)
		}
	}
	// IEC 61850 TrgOps bit 0 is reserved (always 0). The MMS encoding
	// starts at bit 0, so the logical trigger bits (dchg, qchg, dupd,
	// integrity, gi) occupy bit positions 1–5. The >> 1 shifts them
	// down so the Go TrgOps constants start at bit 0.
	return TrgOps(t >> 1), nil
}

// encodeOptFlds encodes OptFlds to an MMS bit string value.
func encodeOptFlds(o OptFlds) *mms.Value {
	data := make([]byte, 2)
	for bit := 0; bit < 10; bit++ {
		if o&OptFlds(1<<uint(bit)) != 0 {
			byteIdx := bit / 8
			bitInByte := uint(7 - (bit % 8))
			data[byteIdx] |= 1 << bitInByte
		}
	}
	return mms.NewBitStringWithLength(data, 10)
}

// encodeTrgOps encodes TrgOps to an MMS bit string value.
func encodeTrgOps(t TrgOps) *mms.Value {
	data := make([]byte, 1)
	shifted := uint8(t) << 1
	for bit := 0; bit < 6; bit++ {
		if shifted&(1<<uint(bit)) != 0 {
			bitInByte := uint(7 - (bit % 8))
			data[0] |= 1 << bitInByte
		}
	}
	return mms.NewBitStringWithLength(data, 6)
}

// --- RCB write operations ---

// RCBFieldMask specifies which RCB fields to write in a
// [Client.SetReportControlBlock] call. Only fields with the
// corresponding mask bit set are written to the server.
type RCBFieldMask uint32

// RCB field mask constants for [RCBUpdate].
const (
	RCBFieldRptID    RCBFieldMask = 1 << 0  // Write RptID
	RCBFieldRptEna   RCBFieldMask = 1 << 1  // Write RptEna
	RCBFieldDatSet   RCBFieldMask = 1 << 2  // Write DatSet
	RCBFieldOptFlds  RCBFieldMask = 1 << 3  // Write OptFlds
	RCBFieldBufTm    RCBFieldMask = 1 << 4  // Write BufTm
	RCBFieldTrgOps   RCBFieldMask = 1 << 5  // Write TrgOps
	RCBFieldIntgPd   RCBFieldMask = 1 << 6  // Write IntgPd
	RCBFieldGI       RCBFieldMask = 1 << 7  // Write GI
	RCBFieldResv     RCBFieldMask = 1 << 8  // Write Resv (URCB)
	RCBFieldPurgeBuf RCBFieldMask = 1 << 9  // Write PurgeBuf (BRCB)
	RCBFieldEntryID  RCBFieldMask = 1 << 10 // Write EntryID (BRCB)
	RCBFieldResvTms  RCBFieldMask = 1 << 11 // Write ResvTms (URCB)
)

// RCBUpdate specifies the RCB fields to write and their new values.
type RCBUpdate struct {
	// Fields selects which attributes to write.
	Fields RCBFieldMask

	RptID    string
	RptEna   bool
	DatSet   string
	OptFlds  OptFlds
	BufTm    uint32
	TrgOps   TrgOps
	IntgPd   uint32
	GI       bool
	Resv     bool
	PurgeBuf bool
	EntryID  []byte
	ResvTms  int32
}

// SetReportControlBlock writes selected attributes of a report control
// block. Only fields specified by [RCBUpdate.Fields] are sent to the
// server.
//
// This mask-based approach prevents accidental partial writes that could
// leave the RCB in an inconsistent state.
func (c *Client) SetReportControlBlock(ctx context.Context, ld, rcbItemID string, update RCBUpdate) error {
	if err := c.checkOpen(); err != nil {
		return err
	}
	if ld == "" {
		return fmt.Errorf("iec61850: set RCB: %w: empty logical device name", ErrInvalidArgument)
	}
	if rcbItemID == "" {
		return fmt.Errorf("iec61850: set RCB: %w: empty RCB item ID", ErrInvalidArgument)
	}
	if update.Fields == 0 {
		return nil
	}

	type fieldWrite struct {
		component string
		value     *mms.Value
	}

	// Configuration fields are written first. RptEna is always written
	// last (if requested) to ensure all other attributes are in place
	// before enabling the report — this ordering is an IEC 61850
	// invariant that must not be reordered.
	var writes []fieldWrite

	if update.Fields&RCBFieldRptID != 0 {
		writes = append(writes, fieldWrite{rcbAttrRptID, mms.NewVisibleString(update.RptID)})
	}
	if update.Fields&RCBFieldDatSet != 0 {
		writes = append(writes, fieldWrite{rcbAttrDatSet, mms.NewVisibleString(update.DatSet)})
	}
	if update.Fields&RCBFieldOptFlds != 0 {
		writes = append(writes, fieldWrite{rcbAttrOptFlds, encodeOptFlds(update.OptFlds)})
	}
	if update.Fields&RCBFieldBufTm != 0 {
		writes = append(writes, fieldWrite{rcbAttrBufTm, mms.NewUnsigned(uint64(update.BufTm))})
	}
	if update.Fields&RCBFieldTrgOps != 0 {
		writes = append(writes, fieldWrite{rcbAttrTrgOps, encodeTrgOps(update.TrgOps)})
	}
	if update.Fields&RCBFieldIntgPd != 0 {
		writes = append(writes, fieldWrite{rcbAttrIntgPd, mms.NewUnsigned(uint64(update.IntgPd))})
	}
	if update.Fields&RCBFieldGI != 0 {
		writes = append(writes, fieldWrite{rcbAttrGI, mms.NewBoolean(update.GI)})
	}
	if update.Fields&RCBFieldResv != 0 {
		writes = append(writes, fieldWrite{rcbAttrResv, mms.NewBoolean(update.Resv)})
	}
	if update.Fields&RCBFieldPurgeBuf != 0 {
		writes = append(writes, fieldWrite{rcbAttrPurgeBuf, mms.NewBoolean(update.PurgeBuf)})
	}
	if update.Fields&RCBFieldEntryID != 0 {
		writes = append(writes, fieldWrite{rcbAttrEntryID, mms.NewOctetString(update.EntryID)})
	}
	if update.Fields&RCBFieldResvTms != 0 {
		writes = append(writes, fieldWrite{rcbAttrResvTms, mms.NewInteger(int64(update.ResvTms))})
	}

	// RptEna MUST be last: enabling the report before configuration
	// fields are set can cause the server to send reports with stale
	// or incomplete parameters.
	if update.Fields&RCBFieldRptEna != 0 {
		writes = append(writes, fieldWrite{rcbAttrRptEna, mms.NewBoolean(update.RptEna)})
	}

	for _, w := range writes {
		attrItemID := rcbItemID + "$" + w.component
		if _, err := c.mmsClient.Write(ctx, mms.WriteRequest{
			DomainID: mms.DomainID(ld),
			ItemID:   mms.ItemID(attrItemID),
			Value:    w.value,
		}); err != nil {
			return fmt.Errorf("iec61850: set RCB %s/%s.%s: %w", ld, rcbItemID, w.component, err)
		}
	}

	c.logger.Debug("iec61850: set RCB", "ld", ld, "rcb", rcbItemID, "fields", len(writes))
	return nil
}

// --- Report indication (incoming report) ---

// ReportIndication represents a decoded IEC 61850 report received
// from the server via an InformationReport.
type ReportIndication struct {
	// RptID is the report identifier.
	RptID string

	// OptFlds is the optional fields mask from this report.
	OptFlds OptFlds

	// SeqNum is the sequence number (present when OptFldSeqNum is set).
	SeqNum uint32

	// SubSeqNum is the sub-sequence number for segmented reports.
	SubSeqNum uint32

	// MoreSegments indicates additional report segments follow.
	MoreSegments bool

	// DatSet is the data set reference (present when OptFldDataSet is set).
	DatSet string

	// BufOvfl indicates buffer overflow (present when OptFldBufOvfl is set).
	BufOvfl bool

	// EntryID is the entry identifier (present when OptFldEntryID is set).
	EntryID []byte

	// ConfRev is the configuration revision (present when OptFldConfRev is set).
	ConfRev uint32

	// Timestamp is the report timestamp (present when OptFldTimeStamp
	// is set). Decoded from UTCTime or BinaryTime depending on the
	// server's encoding.
	Timestamp time.Time

	// Inclusion is a bitmask indicating which data set members are
	// included in this report.
	Inclusion []bool

	// DataReferences contains data references for included members
	// (present when OptFldDataRef is set).
	DataReferences []string

	// Values contains the values for included members, in order of
	// inclusion. Only entries where Inclusion[i] is true have values.
	Values []*Value

	// ReasonCodes contains the reason for inclusion for each included
	// member (present when OptFldReasonCode is set).
	ReasonCodes []ReasonCode
}

// clone returns a shallow copy of the ReportIndication with independent
// slices for Values, DataReferences, ReasonCodes, Inclusion, and EntryID.
// The Value pointers themselves are shared; this is sufficient to allow
// safe append/delete on the slices without affecting other subscribers.
func (ri *ReportIndication) clone() *ReportIndication {
	c := *ri
	if ri.EntryID != nil {
		c.EntryID = append([]byte(nil), ri.EntryID...)
	}
	if ri.Inclusion != nil {
		c.Inclusion = append([]bool(nil), ri.Inclusion...)
	}
	if ri.DataReferences != nil {
		c.DataReferences = append([]string(nil), ri.DataReferences...)
	}
	if ri.Values != nil {
		c.Values = append([]*Value(nil), ri.Values...)
	}
	if ri.ReasonCodes != nil {
		c.ReasonCodes = append([]ReasonCode(nil), ri.ReasonCodes...)
	}
	return &c
}

// decodeReportIndication decodes an IEC 61850 report from an MMS
// InformationReport's values. The values follow the standard report
// field order defined in IEC 61850-7-2. Optional fields that are
// present but fail type extraction are logged at debug level and
// treated as zero-valued rather than failing the entire decode.
func decodeReportIndication(values []*mms.Value, logger *slog.Logger) (*ReportIndication, error) {
	if len(values) == 0 {
		return nil, &ReportError{Message: "empty report values"}
	}

	ri := &ReportIndication{}
	idx := 0

	next := func() *mms.Value {
		if idx < len(values) {
			v := values[idx]
			idx++
			return v
		}
		return nil
	}

	// RptID (element 0)
	if v := next(); v != nil {
		if s, ok := v.VisibleString(); ok {
			ri.RptID = s
		}
	} else {
		return nil, &ReportError{Message: "missing RptID"}
	}

	// OptFlds (element 1)
	if v := next(); v != nil {
		ri.OptFlds = decodeOptFlds(v)
	} else {
		return nil, &ReportError{Message: "missing OptFlds"}
	}

	logFieldFail := func(field string, v *mms.Value) {
		if logger != nil {
			logger.Debug("iec61850: report field decode failed",
				"rptID", ri.RptID, "field", field, "type", v.Type())
		}
	}

	// Optional fields based on OptFlds, in standard order
	if ri.OptFlds.Has(OptFldSeqNum) {
		if v := next(); v != nil {
			if u, ok := v.Uint32(); ok {
				ri.SeqNum = u
			} else {
				logFieldFail("SeqNum", v)
			}
		}
	}

	if ri.OptFlds.Has(OptFldTimeStamp) {
		if v := next(); v != nil {
			if t, ok := v.UTCTime(); ok {
				ri.Timestamp = t
			} else if ms, ok := v.BinaryTime(); ok {
				ri.Timestamp = time.UnixMilli(ms)
			} else {
				logFieldFail("TimeStamp", v)
			}
		}
	}

	if ri.OptFlds.Has(OptFldDataSet) {
		if v := next(); v != nil {
			if s, ok := v.VisibleString(); ok {
				ri.DatSet = s
			} else {
				logFieldFail("DatSet", v)
			}
		}
	}

	if ri.OptFlds.Has(OptFldBufOvfl) {
		if v := next(); v != nil {
			if b, ok := v.Bool(); ok {
				ri.BufOvfl = b
			} else {
				logFieldFail("BufOvfl", v)
			}
		}
	}

	if ri.OptFlds.Has(OptFldEntryID) {
		if v := next(); v != nil {
			if bs, ok := v.OctetString(); ok {
				ri.EntryID = append([]byte(nil), bs...)
			} else {
				logFieldFail("EntryID", v)
			}
		}
	}

	if ri.OptFlds.Has(OptFldConfRev) {
		if v := next(); v != nil {
			if u, ok := v.Uint32(); ok {
				ri.ConfRev = u
			} else {
				logFieldFail("ConfRev", v)
			}
		}
	}

	if ri.OptFlds.Has(OptFldSegmentation) {
		if v := next(); v != nil {
			if u, ok := v.Uint32(); ok {
				ri.SubSeqNum = u
			}
		}
		if v := next(); v != nil {
			if b, ok := v.Bool(); ok {
				ri.MoreSegments = b
			}
		}
	}

	// Inclusion bitstring
	var inclusionCount int
	if v := next(); v != nil {
		data, ok := v.BitString()
		if ok {
			bitLen, _ := v.BitStringLength()
			ri.Inclusion = make([]bool, bitLen)
			for i := 0; i < bitLen; i++ {
				byteIdx := i / 8
				if byteIdx < len(data) {
					bitInByte := uint(7 - (i % 8))
					ri.Inclusion[i] = data[byteIdx]&(1<<bitInByte) != 0
				}
			}
			for _, inc := range ri.Inclusion {
				if inc {
					inclusionCount++
				}
			}
		}
	}

	// Data references (if OptFldDataRef)
	if ri.OptFlds.Has(OptFldDataRef) {
		ri.DataReferences = make([]string, 0, inclusionCount)
		for i := 0; i < inclusionCount; i++ {
			if v := next(); v != nil {
				if s, ok := v.VisibleString(); ok {
					ri.DataReferences = append(ri.DataReferences, s)
				}
			}
		}
	}

	// Data values (one per included member)
	ri.Values = make([]*Value, 0, inclusionCount)
	for i := 0; i < inclusionCount; i++ {
		if v := next(); v != nil {
			ri.Values = append(ri.Values, NewValue(v))
		}
	}

	// Reason codes (if OptFldReasonCode)
	if ri.OptFlds.Has(OptFldReasonCode) {
		ri.ReasonCodes = make([]ReasonCode, 0, inclusionCount)
		for i := 0; i < inclusionCount; i++ {
			if v := next(); v != nil {
				ri.ReasonCodes = append(ri.ReasonCodes, decodeReasonCode(v))
			}
		}
	}

	if len(ri.Values) != inclusionCount {
		return nil, &ReportError{
			Message: fmt.Sprintf("inclusion bitmap has %d members but decoded %d values",
				inclusionCount, len(ri.Values)),
		}
	}
	if ri.OptFlds.Has(OptFldDataRef) && len(ri.DataReferences) != inclusionCount {
		return nil, &ReportError{
			Message: fmt.Sprintf("inclusion bitmap has %d members but decoded %d data references",
				inclusionCount, len(ri.DataReferences)),
		}
	}
	if ri.OptFlds.Has(OptFldReasonCode) && len(ri.ReasonCodes) != inclusionCount {
		return nil, &ReportError{
			Message: fmt.Sprintf("inclusion bitmap has %d members but decoded %d reason codes",
				inclusionCount, len(ri.ReasonCodes)),
		}
	}

	return ri, nil
}

// decodeReasonCode decodes a reason-for-inclusion bit string.
func decodeReasonCode(v *mms.Value) ReasonCode {
	data, ok := v.BitString()
	if !ok || len(data) == 0 {
		return 0
	}
	var r uint8
	for bit := 0; bit < 7; bit++ {
		byteIdx := bit / 8
		if byteIdx >= len(data) {
			break
		}
		bitInByte := uint(7 - (bit % 8))
		if data[byteIdx]&(1<<bitInByte) != 0 {
			r |= 1 << uint(bit)
		}
	}
	// IEC 61850 ReasonCode bit 0 is reserved. The MMS bit string
	// encodes the logical reason bits (dchg, qchg, dupd, integrity,
	// gi, apptrigger) starting at position 1. The >> 1 normalises
	// them so the Go ReasonCode constants start at bit 0.
	return ReasonCode(r >> 1)
}

// --- GI and URCB operations ---

// TriggerGI triggers a General Interrogation on a report control block.
//
// For BRCBs, this writes GI=true to the RCB. The server responds by
// sending a report containing all data set members with reason=GI.
//
// For URCBs, the same mechanism applies but the RCB must be enabled
// and reserved (if applicable) first.
func (c *Client) TriggerGI(ctx context.Context, ld, rcbItemID string) error {
	return c.SetReportControlBlock(ctx, ld, rcbItemID, RCBUpdate{
		Fields: RCBFieldGI,
		GI:     true,
	})
}

// ReserveURCB reserves an unbuffered report control block for
// exclusive use by this client.
//
// Reservation is required before configuring or enabling a URCB.
// The reservation remains until explicitly released via
// [Client.ReleaseURCB] or the connection is closed.
func (c *Client) ReserveURCB(ctx context.Context, ld, rcbItemID string) error {
	return c.SetReportControlBlock(ctx, ld, rcbItemID, RCBUpdate{
		Fields: RCBFieldResv,
		Resv:   true,
	})
}

// ReleaseURCB releases a previously reserved unbuffered report
// control block.
//
// The caller should disable the report (RptEna=false) before
// releasing to avoid undefined behavior.
func (c *Client) ReleaseURCB(ctx context.Context, ld, rcbItemID string) error {
	return c.SetReportControlBlock(ctx, ld, rcbItemID, RCBUpdate{
		Fields: RCBFieldResv,
		Resv:   false,
	})
}

// --- Subscription engine ---

// OverflowPolicy controls what happens when a subscription's report
// channel is full.
type OverflowPolicy int

const (
	// OverflowDropNewest drops the incoming report when the channel
	// is full (default). A warning is logged.
	OverflowDropNewest OverflowPolicy = iota

	// OverflowDropOldest discards the oldest buffered report to
	// make room for the new one.
	OverflowDropOldest

	// OverflowBlock blocks the dispatcher until space is available.
	// Use with caution: this can block all report delivery.
	OverflowBlock

	// OverflowCallback invokes the OnOverflow callback (if set)
	// and drops the report. If no callback is set, behaves like
	// [OverflowDropNewest].
	OverflowCallback
)

// ReportSubscription represents an active subscription to IEC 61850
// reports. Reports are delivered to the channel returned by [Reports].
//
// Call [ReportSubscription.Close] to unsubscribe and release resources.
// Close is idempotent and safe to call from any goroutine.
type ReportSubscription struct {
	mu           sync.Mutex
	closed       bool
	ch           chan *ReportIndication
	done         chan struct{}  // closed on Close; guards OverflowBlock send
	delivering   sync.WaitGroup // tracks in-flight OverflowBlock delivers
	cancelFn     func()
	client       *Client
	rptID        string
	matcher      *reportMatcher
	overflow     OverflowPolicy
	onOverflow   func(*ReportIndication)
	cloneReports bool

	// Lifecycle state for Close() cleanup. Set during SubscribeReport.
	didReserve  bool
	didEnable   bool
	lifecycleLD string
	lifecycleID string // RCB MMS item ID

	// Segmented report reassembly state. Protected by mu.
	// Keyed by (RptID, SeqNum) to avoid collisions when a
	// subscription pattern matches multiple report sources
	// sharing the same sequence space.
	segBuf    []*ReportIndication
	segRptID  string
	segSeqNum uint32
	segActive bool
}

// Reports returns a read-only channel that delivers decoded report
// indications. The channel is closed when the subscription is closed
// or the client connection is terminated.
func (s *ReportSubscription) Reports() <-chan *ReportIndication {
	return s.ch
}

// Close terminates the report subscription. It is idempotent and safe
// to call from any goroutine.
//
// If the subscription was created with lifecycle options (AutoEnable,
// ReserveURCB), Close performs best-effort remote cleanup: disable the
// RCB (RptEna=false), then release the URCB reservation. Remote
// cleanup errors are logged but never prevent local shutdown.
//
// After Close, the [Reports] channel is closed and no further reports
// are delivered.
func (s *ReportSubscription) Close() error {
	s.mu.Lock()
	if s.closed {
		s.mu.Unlock()
		return nil
	}
	s.closed = true
	close(s.done)
	s.mu.Unlock()

	// Unregister from the client dispatch table first (under client
	// lock) so no dispatcher goroutine can obtain this subscription
	// after this point.
	s.client.unregisterSubscription(s)

	// Best-effort remote cleanup: disable, then release reservation.
	s.remoteCleanup()

	// Wait for any in-flight OverflowBlock sends to exit the select
	// before closing the channel.
	s.delivering.Wait()
	close(s.ch)

	if s.cancelFn != nil {
		s.cancelFn()
	}

	return nil
}

// remoteCleanup performs best-effort remote RCB cleanup. Errors are
// logged and never propagated.
//
// When the parent client is already closed/aborted, cleanup errors
// are expected (the connection may be gone) and are logged at Debug
// level rather than Warn to avoid noisy failure logs during normal
// shutdown.
func (s *ReportSubscription) remoteCleanup() {
	if s.lifecycleLD == "" || s.lifecycleID == "" {
		return
	}

	ctx := context.Background()
	logLevel := slog.LevelWarn
	s.client.mu.RLock()
	clientClosed := s.client.closed
	s.client.mu.RUnlock()
	if clientClosed {
		logLevel = slog.LevelDebug
	}

	if s.didEnable {
		if err := s.client.SetReportControlBlock(ctx, s.lifecycleLD, s.lifecycleID, RCBUpdate{
			Fields: RCBFieldRptEna,
			RptEna: false,
		}); err != nil {
			s.client.logger.Log(ctx, logLevel, "iec61850: subscription close: failed to disable RCB",
				"ld", s.lifecycleLD, "rcb", s.lifecycleID, "error", err)
		}
	}

	if s.didReserve {
		if err := s.client.ReleaseURCB(ctx, s.lifecycleLD, s.lifecycleID); err != nil {
			s.client.logger.Log(ctx, logLevel, "iec61850: subscription close: failed to release URCB",
				"ld", s.lifecycleLD, "rcb", s.lifecycleID, "error", err)
		}
	}
}

// RptMatchMode selects how incoming report IDs are matched against
// the subscription's RptID pattern.
type RptMatchMode int

const (
	// RptMatchExact matches the RptID exactly (default).
	RptMatchExact RptMatchMode = iota

	// RptMatchGlob uses [path.Match] glob semantics. '*' matches
	// any characters within a segment, '?' matches one character.
	RptMatchGlob
)

// SubscribeReportOptions configures a report subscription.
type SubscribeReportOptions struct {
	// QueueSize is the buffer size for the report channel. Defaults
	// to 64 if zero.
	QueueSize int

	// OverflowPolicy controls behavior when the channel is full.
	// Default is [OverflowDropNewest].
	OverflowPolicy OverflowPolicy

	// OnOverflow is called when a report is dropped due to overflow
	// (only used with [OverflowCallback]). Called from the dispatch
	// goroutine — must not block.
	OnOverflow func(*ReportIndication)

	// MatchMode selects how the RptID is matched. Default is exact.
	MatchMode RptMatchMode

	// CloneReports, when true, delivers a shallow copy of each
	// [ReportIndication] to this subscription instead of sharing
	// a pointer with other subscriptions. This allows safe mutation
	// of Values, DataReferences, and ReasonCodes slices without
	// affecting other subscribers.
	CloneReports bool

	// AutoEnable, when true, enables the RCB (RptEna=true) as part
	// of subscribing. Requires LD and RCBItemID to be set.
	AutoEnable bool

	// GIOnSubscribe, when true, triggers a General Interrogation
	// after enabling. Requires AutoEnable or that the RCB is
	// already enabled.
	GIOnSubscribe bool

	// ReserveURCB, when true, reserves the URCB before enabling.
	// Only meaningful for unbuffered RCBs.
	ReserveURCB bool

	// LD is the logical device for lifecycle operations
	// (AutoEnable, GIOnSubscribe, ReserveURCB). Required when
	// any lifecycle option is set.
	LD string

	// RCBItemID is the RCB MMS item ID for lifecycle operations.
	// Required when any lifecycle option is set.
	RCBItemID string
}

// SubscribeReport creates a subscription that delivers decoded IEC 61850
// reports matching the specified RptID pattern.
//
// The caller must read from the [ReportSubscription.Reports] channel to
// avoid backpressure. Overflow behavior is controlled by
// [SubscribeReportOptions.OverflowPolicy].
//
// Lifecycle options (AutoEnable, GIOnSubscribe, ReserveURCB) allow
// the subscription to configure and enable the RCB automatically.
// These require LD and RCBItemID to be set in options. The caller can
// still configure RCBs manually via [Client.SetReportControlBlock] and
// subscribe passively by not setting any lifecycle options.
//
// Call [ReportSubscription.Close] when done. The subscription is also
// closed when the client is closed.
//
// Lifecycle operations are not atomic. If subscription setup fails
// partway through, some RCB state (e.g., Resv, DatSet) may already
// have been changed on the server. Rollback is best-effort: the
// library attempts to undo prior writes, but network or server
// errors during cleanup are logged and otherwise ignored.
//
// SetReportControlBlock write ordering: configuration fields are
// written first, RptEna is always written last. This is an IEC 61850
// invariant — the library does not promise atomic RCB updates. See
// [Client.SetReportControlBlock] for details.
func (c *Client) SubscribeReport(ctx context.Context, rptID string, opts SubscribeReportOptions) (*ReportSubscription, error) {
	if err := c.checkOpen(); err != nil {
		return nil, err
	}
	if rptID == "" {
		return nil, fmt.Errorf("iec61850: subscribe report: %w: empty RptID", ErrInvalidArgument)
	}

	queueSize := opts.QueueSize
	if queueSize <= 0 {
		queueSize = 64
	}

	m, err := newReportMatcher(opts.MatchMode, rptID)
	if err != nil {
		return nil, fmt.Errorf("iec61850: subscribe report: %w", err)
	}

	var reserved, enabled bool

	// Lifecycle: reserve URCB if requested
	if opts.ReserveURCB {
		if opts.LD == "" || opts.RCBItemID == "" {
			return nil, fmt.Errorf("iec61850: subscribe report: ReserveURCB requires LD and RCBItemID")
		}
		if err := c.ReserveURCB(ctx, opts.LD, opts.RCBItemID); err != nil {
			return nil, fmt.Errorf("iec61850: subscribe report: reserve URCB: %w", err)
		}
		reserved = true
	}

	rollback := func() {
		if enabled {
			_ = c.SetReportControlBlock(ctx, opts.LD, opts.RCBItemID, RCBUpdate{
				Fields: RCBFieldRptEna,
				RptEna: false,
			})
		}
		if reserved {
			_ = c.ReleaseURCB(ctx, opts.LD, opts.RCBItemID)
		}
	}

	// Lifecycle: enable RCB if requested
	if opts.AutoEnable {
		if opts.LD == "" || opts.RCBItemID == "" {
			rollback()
			return nil, fmt.Errorf("iec61850: subscribe report: AutoEnable requires LD and RCBItemID")
		}
		if err := c.SetReportControlBlock(ctx, opts.LD, opts.RCBItemID, RCBUpdate{
			Fields: RCBFieldRptEna,
			RptEna: true,
		}); err != nil {
			rollback()
			return nil, fmt.Errorf("iec61850: subscribe report: auto-enable: %w", err)
		}
		enabled = true
	}

	ctx, cancel := context.WithCancel(ctx)

	sub := &ReportSubscription{
		ch:           make(chan *ReportIndication, queueSize),
		done:         make(chan struct{}),
		cancelFn:     cancel,
		client:       c,
		rptID:        rptID,
		matcher:      m,
		overflow:     opts.OverflowPolicy,
		onOverflow:   opts.OnOverflow,
		cloneReports: opts.CloneReports,
		didReserve:   reserved,
		didEnable:    enabled,
		lifecycleLD:  opts.LD,
		lifecycleID:  opts.RCBItemID,
	}

	if !c.registerSubscription(rptID, sub) {
		cancel()
		close(sub.done)
		close(sub.ch)
		rollback()
		return nil, ErrClosed
	}

	// Lifecycle: trigger GI if requested.
	// After registration, sub.Close() handles all cleanup (remote
	// disable + release), so rollback() is not called here.
	if opts.GIOnSubscribe {
		if opts.LD == "" || opts.RCBItemID == "" {
			_ = sub.Close()
			return nil, fmt.Errorf("iec61850: subscribe report: GIOnSubscribe requires LD and RCBItemID")
		}
		if err := c.TriggerGI(ctx, opts.LD, opts.RCBItemID); err != nil {
			_ = sub.Close()
			return nil, fmt.Errorf("iec61850: subscribe report: GI: %w", err)
		}
	}

	go func() {
		<-ctx.Done()
		_ = sub.Close()
	}()

	c.logger.Debug("iec61850: subscribe report", "rptID", rptID, "queueSize", queueSize,
		"matchMode", opts.MatchMode, "overflow", opts.OverflowPolicy)
	return sub, nil
}

// --- subscription dispatch on Client ---

// initReportDispatch ensures the report handler is installed on the
// underlying MMS client. Called lazily on first subscription.
func (c *Client) initReportDispatch() {
	c.reportOnce.Do(func() {
		c.reportSubs = make(map[string][]*ReportSubscription)
		c.mmsClient.OnInformationReport(c.handleInformationReport)
	})
}

// registerSubscription adds a subscription to the dispatch table.
// Returns false if the client has been closed (reportSubs is nil).
func (c *Client) registerSubscription(rptID string, sub *ReportSubscription) bool {
	c.initReportDispatch()
	c.reportMu.Lock()
	defer c.reportMu.Unlock()
	if c.reportSubs == nil {
		return false
	}
	c.reportSubs[rptID] = append(c.reportSubs[rptID], sub)
	return true
}

// unregisterSubscription removes a specific subscription from the
// dispatch table. If multiple subscriptions share the same key, only
// the matching pointer is removed.
func (c *Client) unregisterSubscription(sub *ReportSubscription) {
	c.reportMu.Lock()
	defer c.reportMu.Unlock()
	if c.reportSubs == nil {
		return
	}
	key := sub.rptID
	subs := c.reportSubs[key]
	for i, s := range subs {
		if s == sub {
			c.reportSubs[key] = append(subs[:i], subs[i+1:]...)
			break
		}
	}
	if len(c.reportSubs[key]) == 0 {
		delete(c.reportSubs, key)
	}
}

// handleInformationReport is the MMS-level callback installed on the
// MMS client. It decodes incoming reports and dispatches them to all
// matching subscriptions.
// handleInformationReport decodes incoming report indications and
// dispatches them to matching subscriptions.
//
// IMPORTANT: for non-segmented reports, the same *ReportIndication
// pointer is delivered to every matching subscription. Subscribers
// must treat received reports as immutable. Mutating a delivered
// report (e.g., modifying Values or Inclusion slices) will corrupt
// data for other subscribers. If mutation is needed, copy the report
// first.
func (c *Client) handleInformationReport(report *mms.InformationReportIndication) {
	if report == nil || len(report.Values) == 0 {
		c.logger.Debug("iec61850: received empty information report")
		return
	}

	ri, err := decodeReportIndication(report.Values, c.logger)
	if err != nil {
		c.logger.Warn("iec61850: failed to decode report", "error", err)
		return
	}

	c.reportMu.RLock()
	matches := c.findSubscriptions(ri.RptID)
	c.reportMu.RUnlock()

	if len(matches) == 0 {
		c.logger.Debug("iec61850: no subscription for report", "rptID", ri.RptID)
		return
	}

	for _, sub := range matches {
		delivered := ri
		if delivered.OptFlds.Has(OptFldSegmentation) {
			assembled := sub.handleSegment(delivered)
			if assembled == nil {
				continue
			}
			delivered = assembled
		}
		if sub.cloneReports {
			delivered = delivered.clone()
		}
		sub.deliver(delivered, c.logger)
	}
}

// findSubscriptions returns all subscriptions matching the given rptID.
// Checks exact-key matches first, then glob matches across all keys.
func (c *Client) findSubscriptions(rptID string) []*ReportSubscription {
	var result []*ReportSubscription

	// Exact-key match
	if subs, ok := c.reportSubs[rptID]; ok {
		result = append(result, subs...)
	}

	// Glob matches (skip exact-key entries already collected)
	for key, subs := range c.reportSubs {
		if key == rptID {
			continue
		}
		for _, sub := range subs {
			if sub.matcher != nil && sub.matcher.matches(rptID) {
				result = append(result, sub)
			}
		}
	}

	return result
}

// deliver sends a report to the subscription channel, applying the
// configured overflow policy.
//
// For [OverflowBlock], the lock is released before the blocking send
// to avoid stalling Close/shutdown while the channel is full.
func (s *ReportSubscription) deliver(ri *ReportIndication, logger interface{ Warn(string, ...any) }) {
	s.mu.Lock()
	if s.closed {
		s.mu.Unlock()
		return
	}

	switch s.overflow {
	case OverflowDropNewest:
		select {
		case s.ch <- ri:
		default:
			logger.Warn("iec61850: report dropped (queue full)", "rptID", ri.RptID)
		}
		s.mu.Unlock()

	case OverflowDropOldest:
		for {
			select {
			case s.ch <- ri:
				s.mu.Unlock()
				return
			default:
			}
			select {
			case <-s.ch:
				logger.Warn("iec61850: report dropped (oldest evicted)", "rptID", ri.RptID)
			default:
			}
		}

	case OverflowBlock:
		ch := s.ch
		done := s.done
		s.delivering.Add(1)
		s.mu.Unlock()
		select {
		case ch <- ri:
		case <-done:
		}
		s.delivering.Done()
		return

	case OverflowCallback:
		select {
		case s.ch <- ri:
		default:
			if s.onOverflow != nil {
				s.onOverflow(ri)
			} else {
				logger.Warn("iec61850: report dropped (queue full, no callback)", "rptID", ri.RptID)
			}
		}
		s.mu.Unlock()
	}
}

// --- Segmented report reassembly ---

// handleSegment buffers segmented report parts and returns the
// assembled report when all segments have arrived. Returns nil
// while segments are still pending.
//
// Sequence mismatches and buffer resets are logged as warnings.
func (s *ReportSubscription) handleSegment(ri *ReportIndication) *ReportIndication {
	s.mu.Lock()
	defer s.mu.Unlock()

	if ri.SubSeqNum == 0 {
		if s.segActive {
			s.client.logger.Warn("iec61850: segment buffer reset (new sequence started)",
				"rptID", ri.RptID, "prevSeq", s.segSeqNum, "newSeq", ri.SeqNum,
				"buffered", len(s.segBuf))
		}
		s.segBuf = []*ReportIndication{ri}
		s.segRptID = ri.RptID
		s.segSeqNum = ri.SeqNum
		s.segActive = true
		if !ri.MoreSegments {
			s.segActive = false
			return ri
		}
		return nil
	}

	if !s.segActive || ri.SeqNum != s.segSeqNum || ri.RptID != s.segRptID {
		s.client.logger.Warn("iec61850: segment sequence mismatch (resetting buffer)",
			"rptID", ri.RptID, "expected", s.segSeqNum, "got", ri.SeqNum,
			"active", s.segActive, "buffered", len(s.segBuf))
		s.segBuf = []*ReportIndication{ri}
		s.segRptID = ri.RptID
		s.segSeqNum = ri.SeqNum
		s.segActive = true
		if !ri.MoreSegments {
			s.segActive = false
			return ri
		}
		return nil
	}

	expectedSubSeq := uint32(len(s.segBuf))
	if ri.SubSeqNum != expectedSubSeq {
		s.client.logger.Warn("iec61850: non-contiguous SubSeqNum",
			"rptID", ri.RptID, "expected", expectedSubSeq, "got", ri.SubSeqNum)
	}

	s.segBuf = append(s.segBuf, ri)

	if ri.MoreSegments {
		return nil
	}

	assembled := s.assembleSegments()
	s.segBuf = nil
	s.segActive = false
	return assembled
}

// assembleSegments combines buffered segment reports into a single
// logical report. Validates that metadata (RptID, DatSet, ConfRev,
// OptFlds) is consistent across all segments; inconsistent segments
// are dropped with a warning and reassembly falls back to the first
// segment only.
func (s *ReportSubscription) assembleSegments() *ReportIndication {
	if len(s.segBuf) == 0 {
		return nil
	}

	first := s.segBuf[0]

	for i := 1; i < len(s.segBuf); i++ {
		seg := s.segBuf[i]
		if seg.RptID != first.RptID ||
			seg.DatSet != first.DatSet ||
			seg.ConfRev != first.ConfRev ||
			seg.OptFlds != first.OptFlds {
			s.client.logger.Warn("iec61850: segment metadata mismatch, dropping buffer",
				"rptID", first.RptID,
				"segment", i,
				"mismatchRptID", seg.RptID != first.RptID,
				"mismatchDatSet", seg.DatSet != first.DatSet,
				"mismatchConfRev", seg.ConfRev != first.ConfRev,
				"mismatchOptFlds", seg.OptFlds != first.OptFlds)
			return first
		}
	}

	result := &ReportIndication{
		RptID:     first.RptID,
		OptFlds:   first.OptFlds,
		SeqNum:    first.SeqNum,
		DatSet:    first.DatSet,
		BufOvfl:   first.BufOvfl,
		EntryID:   append([]byte(nil), first.EntryID...),
		ConfRev:   first.ConfRev,
		Timestamp: first.Timestamp,
	}

	hasDataRefs := first.OptFlds.Has(OptFldDataRef)
	hasReasonCodes := first.OptFlds.Has(OptFldReasonCode)

	for _, seg := range s.segBuf {
		segIncCount := 0
		for _, inc := range seg.Inclusion {
			if inc {
				segIncCount++
			}
		}

		if len(seg.Values) != segIncCount {
			s.client.logger.Warn("iec61850: segment cardinality mismatch (values vs inclusion), dropping buffer",
				"rptID", first.RptID, "expected", segIncCount, "gotValues", len(seg.Values))
			return first
		}
		if hasDataRefs && len(seg.DataReferences) != segIncCount {
			s.client.logger.Warn("iec61850: segment cardinality mismatch (data refs vs inclusion), dropping buffer",
				"rptID", first.RptID, "expected", segIncCount, "gotRefs", len(seg.DataReferences))
			return first
		}
		if hasReasonCodes && len(seg.ReasonCodes) != segIncCount {
			s.client.logger.Warn("iec61850: segment cardinality mismatch (reason codes vs inclusion), dropping buffer",
				"rptID", first.RptID, "expected", segIncCount, "gotReasons", len(seg.ReasonCodes))
			return first
		}

		result.Inclusion = append(result.Inclusion, seg.Inclusion...)
		result.Values = append(result.Values, seg.Values...)
		result.ReasonCodes = append(result.ReasonCodes, seg.ReasonCodes...)
		result.DataReferences = append(result.DataReferences, seg.DataReferences...)
	}

	return result
}

// --- Report matching ---

type reportMatcher struct {
	mode    RptMatchMode
	pattern string
}

func newReportMatcher(mode RptMatchMode, pattern string) (*reportMatcher, error) {
	switch mode {
	case RptMatchExact:
		return &reportMatcher{mode: RptMatchExact, pattern: pattern}, nil
	case RptMatchGlob:
		if _, err := path.Match(pattern, ""); err != nil {
			return nil, fmt.Errorf("invalid glob pattern %q: %w", pattern, err)
		}
		return &reportMatcher{mode: RptMatchGlob, pattern: pattern}, nil
	default:
		return nil, fmt.Errorf("unknown report match mode %d", mode)
	}
}

func (m *reportMatcher) matches(rptID string) bool {
	switch m.mode {
	case RptMatchExact:
		return rptID == m.pattern
	case RptMatchGlob:
		ok, _ := path.Match(m.pattern, rptID)
		return ok
	default:
		return false
	}
}

=== END ./report.go ===
=== START ./report_engine.go ===
package iec61850

import (
	"context"
	"encoding/binary"
	"fmt"
	"log/slog"
	"strings"
	"sync"
	"time"

	"github.com/otfabric/go-mms"

	"github.com/otfabric/go-iec61850/internal/servermodel"
)

// ReportEngine is the server-side runtime report engine. It monitors
// value changes in the [servermodel.ValueStore] and generates
// IEC 61850 InformationReports to connected clients based on RCB
// configuration (trigger options, optional fields, dataset bindings).
//
// The engine is created by [Server.EnableReports] and runs until the
// server is shut down or [ReportEngine.Stop] is called.
//
// # Interoperability note
//
// The report encoding follows IEC 61850-8-1 field ordering (RptID,
// OptFlds, optional fields by flag order, SubSeqNum, MoreSegments,
// inclusion bitmap, values, reason codes). However, IEC 61850 report
// encoding is unforgiving — small ordering or type mismatches can
// cause decode failures on the receiving side. The encoding has been
// validated in loopback tests with the go-iec61850 client decoder
// but should be verified against real devices or libiec61850 before
// being considered production-ready.
type ReportEngine struct {
	logger *slog.Logger
	store  *servermodel.ValueStore
	mmsSrv *mms.Server
	model  *servermodel.Model

	mu   sync.RWMutex
	rcbs map[string]*rcbRuntime // keyed by "ldName/rcbItemID"

	stopOnce sync.Once
	stopCh   chan struct{}
	wg       sync.WaitGroup
}

// rcbRuntime holds the live state for a single report control block.
type rcbRuntime struct {
	mu sync.Mutex

	ldName    string
	lnName    string
	rcbItemID string
	buffered  bool

	// Configuration (read from store on enable).
	rptID   string
	datSet  string
	confRev uint32
	optFlds OptFlds
	trgOps  TrgOps
	bufTm   uint32
	intgPd  uint32

	// Runtime state.
	enabled     bool
	reserved    bool // URCB only
	reserveConn *mms.ServerConn
	enableConn  *mms.ServerConn // connection that enabled this RCB (URCB delivery target)
	seqNum      uint32
	bufOvfl     bool   // set when a buffered entry was dropped due to overflow
	entryID     uint64 // BRCB: auto-incrementing entry ID

	// Dataset member resolution cache.
	memberKeys []string         // store keys for dataset members
	memberVars []mms.ObjectName // MMS variable names for report encoding

	// Previous values for change detection.
	prevValues []*mms.Value

	// Integrity timer.
	intgTicker *time.Ticker
	intgStop   chan struct{}

	// Buffered report queue (BRCB only).
	bufQueue []*bufferedEntry
	bufMax   int
}

// bufferedEntry holds a single buffered report waiting for delivery.
type bufferedEntry struct {
	entryID     []byte
	timeOfEntry time.Time
	values      []*mms.Value
	reasons     []ReasonCode
	inclusion   []bool
}

// EnableReports creates and starts the [ReportEngine] for this server.
// It scans all RCBs in the model, creates runtime state for each, and
// begins monitoring for GI/integrity triggers.
//
// Call this after [NewServer] and before [Server.Serve] or
// [Server.ListenAndServe].
func (s *Server) EnableReports() *ReportEngine {
	engine := &ReportEngine{
		logger: s.logger,
		store:  s.store,
		mmsSrv: s.mms,
		model:  s.model,
		rcbs:   make(map[string]*rcbRuntime),
		stopCh: make(chan struct{}),
	}

	for i := range s.model.LogicalDevices {
		ld := &s.model.LogicalDevices[i]
		for j := range ld.LogicalNodes {
			ln := &ld.LogicalNodes[j]
			for k := range ln.Reports {
				rpt := &ln.Reports[k]
				engine.registerRCBRuntime(ld.Name, ln.Name, rpt)
			}
		}
	}

	s.reportEngine = engine
	s.installWriteInterceptor()
	s.logger.Info("iec61850: report engine enabled", "rcbs", len(engine.rcbs))
	return engine
}

// Stop shuts down the report engine, stopping all integrity timers
// and disabling all RCBs.
func (re *ReportEngine) Stop() {
	re.stopOnce.Do(func() {
		close(re.stopCh)
		re.mu.RLock()
		for _, rt := range re.rcbs {
			rt.disable()
		}
		re.mu.RUnlock()
		re.wg.Wait()
	})
}

func (re *ReportEngine) registerRCBRuntime(ldName, lnName string, rpt *servermodel.ReportDef) {
	prefix := "RP"
	if rpt.Buffered {
		prefix = "BR"
	}
	rcbItemID := lnName + "$" + prefix + "$" + rpt.Name
	key := ldName + "/" + rcbItemID

	rt := &rcbRuntime{
		ldName:    ldName,
		lnName:    lnName,
		rcbItemID: rcbItemID,
		buffered:  rpt.Buffered,
		bufMax:    1000, // default buffer size for BRCB
	}

	re.rcbs[key] = rt
}

// HandleRCBWrite is called when a client writes to an RCB subfield.
// It intercepts RptEna, GI, Resv, and PurgeBuf writes to trigger
// the appropriate runtime behavior. The optional conn parameter
// identifies the MMS connection that issued the write, used for
// URCB connection-scoped delivery.
func (re *ReportEngine) HandleRCBWrite(ctx context.Context, ldName, rcbItemID, subfield string, val *mms.Value, conn ...*mms.ServerConn) error {
	key := ldName + "/" + rcbItemID

	re.mu.RLock()
	rt, ok := re.rcbs[key]
	re.mu.RUnlock()
	if !ok {
		return nil
	}

	var sc *mms.ServerConn
	if len(conn) > 0 {
		sc = conn[0]
	}

	switch subfield {
	case "RptEna":
		b, ok := val.Bool()
		if !ok {
			return fmt.Errorf("iec61850: RptEna: expected boolean")
		}
		if b {
			return re.enableRCB(ctx, rt, sc)
		}
		rt.disable()
		return nil

	case "GI":
		b, ok := val.Bool()
		if !ok {
			return fmt.Errorf("iec61850: GI: expected boolean")
		}
		if b {
			re.triggerGI(ctx, rt)
		}
		return nil

	case "Resv":
		if rt.buffered {
			return fmt.Errorf("iec61850: Resv not applicable to BRCB")
		}
		b, ok := val.Bool()
		if !ok {
			return fmt.Errorf("iec61850: Resv: expected boolean")
		}
		rt.mu.Lock()
		rt.reserved = b
		if !b {
			rt.reserveConn = nil
		}
		rt.mu.Unlock()
		return nil

	case "PurgeBuf":
		if !rt.buffered {
			return nil
		}
		b, ok := val.Bool()
		if !ok {
			return nil
		}
		if b {
			rt.mu.Lock()
			rt.bufQueue = nil
			rt.mu.Unlock()
		}
		return nil

	default:
		re.logger.Debug("iec61850: RCB write to unhandled subfield",
			"rcb", key, "subfield", subfield)
		return nil
	}
}

// enableRCB reads current RCB configuration from the store, resolves
// the dataset, and starts integrity/change monitoring. The optional
// conn is stored as the delivery target for URCBs.
func (re *ReportEngine) enableRCB(_ context.Context, rt *rcbRuntime, conn *mms.ServerConn) error {
	rt.mu.Lock()
	defer rt.mu.Unlock()

	if rt.enabled {
		return nil
	}

	sk := func(suffix string) string {
		return servermodel.StoreKey(rt.ldName, rt.rcbItemID+"$"+suffix)
	}

	if v := re.store.Get(sk("RptID")); v != nil {
		if s, ok := v.VisibleString(); ok {
			rt.rptID = s
		}
	}
	if rt.rptID == "" {
		rt.rptID = rt.ldName + "/" + rt.rcbItemID
	}

	if v := re.store.Get(sk("DatSet")); v != nil {
		if s, ok := v.VisibleString(); ok {
			rt.datSet = s
		}
	}

	if v := re.store.Get(sk("ConfRev")); v != nil {
		if u, ok := v.Uint32(); ok {
			rt.confRev = u
		}
	}

	if v := re.store.Get(sk("OptFlds")); v != nil {
		rt.optFlds = decodeOptFlds(v)
	}

	if v := re.store.Get(sk("TrgOps")); v != nil {
		rt.trgOps = decodeTrgOps(v)
	}

	if v := re.store.Get(sk("BufTm")); v != nil {
		if u, ok := v.Uint32(); ok {
			rt.bufTm = u
		}
	}

	if v := re.store.Get(sk("IntgPd")); v != nil {
		if u, ok := v.Uint32(); ok {
			rt.intgPd = u
		}
	}

	if err := re.resolveDataset(rt); err != nil {
		return fmt.Errorf("iec61850: enable RCB %s: %w", rt.rcbItemID, err)
	}

	rt.prevValues = re.readMemberValues(rt)
	rt.enabled = true
	rt.enableConn = conn
	rt.bufOvfl = false

	re.store.Set(sk("RptEna"), mms.NewBoolean(true))

	// Start integrity timer if configured.
	if rt.intgPd > 0 && rt.trgOps.Has(TrgOpIntegrity) {
		rt.intgStop = make(chan struct{})
		rt.intgTicker = time.NewTicker(time.Duration(rt.intgPd) * time.Millisecond)
		tickC := rt.intgTicker.C
		stopC := rt.intgStop
		re.wg.Add(1)
		go re.integrityLoop(rt, tickC, stopC)
	}

	re.logger.Info("iec61850: RCB enabled",
		"rcb", rt.rcbItemID, "rptID", rt.rptID, "datSet", rt.datSet)

	return nil
}

// disable stops the RCB and clears runtime state.
func (rt *rcbRuntime) disable() {
	rt.mu.Lock()
	defer rt.mu.Unlock()

	if !rt.enabled {
		return
	}
	rt.enabled = false

	if rt.intgTicker != nil {
		rt.intgTicker.Stop()
		close(rt.intgStop)
		rt.intgTicker = nil
	}
}

// resolveDataset maps the DatSet string to ValueStore keys and MMS
// ObjectNames for each member.
func (re *ReportEngine) resolveDataset(rt *rcbRuntime) error {
	if rt.datSet == "" {
		return fmt.Errorf("empty DatSet")
	}

	var ds *servermodel.DataSetDef
	for i := range re.model.LogicalDevices {
		ld := &re.model.LogicalDevices[i]
		if ld.Name != rt.ldName {
			continue
		}
		for j := range ld.LogicalNodes {
			ln := &ld.LogicalNodes[j]
			for k := range ln.DataSets {
				dsRef := rt.ldName + "/" + ln.Name + "$" + ln.DataSets[k].Name
				if dsRef == rt.datSet || ln.DataSets[k].Name == rt.datSet {
					ds = &ln.DataSets[k]
					break
				}
			}
			if ds != nil {
				break
			}
		}
		break
	}

	if ds == nil {
		return fmt.Errorf("dataset %q not found", rt.datSet)
	}

	rt.memberKeys = make([]string, len(ds.Members))
	rt.memberVars = make([]mms.ObjectName, len(ds.Members))

	for i, m := range ds.Members {
		ldInst := m.LDInst
		if ldInst == "" {
			ldInst = rt.ldName
		}
		doPath := strings.ReplaceAll(m.DOPath, ".", "$")
		itemID := m.LNName + "$" + m.FC + "$" + doPath
		rt.memberKeys[i] = servermodel.StoreKey(ldInst, itemID)
		rt.memberVars[i] = mms.ObjectName{
			Scope:  mms.ObjectScopeDomain,
			Domain: mms.DomainID(ldInst),
			ItemID: mms.ItemID(itemID),
		}
	}

	return nil
}

// readMemberValues reads current values for all dataset members.
func (re *ReportEngine) readMemberValues(rt *rcbRuntime) []*mms.Value {
	values := make([]*mms.Value, len(rt.memberKeys))
	for i, key := range rt.memberKeys {
		values[i] = re.store.Get(key)
	}
	return values
}

// NotifyValueChanged is called when a data attribute value is changed
// in the ValueStore. It checks all enabled RCBs for relevant triggers
// and generates reports as needed.
func (re *ReportEngine) NotifyValueChanged(ctx context.Context, storeKey string) {
	select {
	case <-re.stopCh:
		return
	default:
	}

	re.mu.RLock()
	defer re.mu.RUnlock()

	for _, rt := range re.rcbs {
		rt.mu.Lock()
		if !rt.enabled {
			rt.mu.Unlock()
			continue
		}

		memberIdx := -1
		for i, k := range rt.memberKeys {
			if k == storeKey {
				memberIdx = i
				break
			}
		}
		if memberIdx < 0 {
			rt.mu.Unlock()
			continue
		}

		newVal := re.store.Get(storeKey)
		prevVal := rt.prevValues[memberIdx]

		var reason ReasonCode
		if rt.trgOps.Has(TrgOpDataChanged) && !valuesEqual(prevVal, newVal) {
			reason |= ReasonDataChanged
		}
		if rt.trgOps.Has(TrgOpQualityChanged) && qualityChanged(prevVal, newVal) {
			reason |= ReasonQualityChanged
		}
		if rt.trgOps.Has(TrgOpDataUpdate) {
			reason |= ReasonDataUpdate
		}

		if reason == 0 {
			rt.mu.Unlock()
			continue
		}

		rt.prevValues[memberIdx] = newVal

		inclusion := make([]bool, len(rt.memberKeys))
		reasons := make([]ReasonCode, len(rt.memberKeys))
		inclusion[memberIdx] = true
		reasons[memberIdx] = reason

		currentValues := re.readMemberValues(rt)
		rt.seqNum++
		seqNum := rt.seqNum

		rt.mu.Unlock()

		re.sendReport(ctx, rt, seqNum, inclusion, reasons, currentValues)
	}
}

// triggerGI generates a General Interrogation report for the given RCB.
func (re *ReportEngine) triggerGI(ctx context.Context, rt *rcbRuntime) {
	rt.mu.Lock()
	if !rt.enabled || !rt.trgOps.Has(TrgOpGI) {
		rt.mu.Unlock()
		return
	}

	inclusion := make([]bool, len(rt.memberKeys))
	reasons := make([]ReasonCode, len(rt.memberKeys))
	for i := range inclusion {
		inclusion[i] = true
		reasons[i] = ReasonGI
	}

	currentValues := re.readMemberValues(rt)
	rt.seqNum++
	seqNum := rt.seqNum

	rt.mu.Unlock()

	re.sendReport(ctx, rt, seqNum, inclusion, reasons, currentValues)

	// Reset GI flag.
	sk := servermodel.StoreKey(rt.ldName, rt.rcbItemID+"$GI")
	re.store.Set(sk, mms.NewBoolean(false))
}

// integrityLoop runs the periodic integrity report timer.
// tickC and stopC are captured from the rcbRuntime at goroutine start
// to avoid data races with disable().
func (re *ReportEngine) integrityLoop(rt *rcbRuntime, tickC <-chan time.Time, stopC <-chan struct{}) {
	defer re.wg.Done()

	for {
		select {
		case <-tickC:
			rt.mu.Lock()
			if !rt.enabled {
				rt.mu.Unlock()
				return
			}

			inclusion := make([]bool, len(rt.memberKeys))
			reasons := make([]ReasonCode, len(rt.memberKeys))
			for i := range inclusion {
				inclusion[i] = true
				reasons[i] = ReasonIntegrity
			}

			currentValues := re.readMemberValues(rt)
			rt.seqNum++
			seqNum := rt.seqNum
			rt.mu.Unlock()

			re.sendReport(context.Background(), rt, seqNum, inclusion, reasons, currentValues)

		case <-stopC:
			return
		case <-re.stopCh:
			return
		}
	}
}

// sendReport builds and delivers an IEC 61850 InformationReport.
// For URCBs, the report is sent only to the connection that enabled
// the RCB. For BRCBs, the report is broadcast to all connections.
func (re *ReportEngine) sendReport(ctx context.Context, rt *rcbRuntime, seqNum uint32, inclusion []bool, reasons []ReasonCode, values []*mms.Value) {
	rt.mu.Lock()
	rptID := rt.rptID
	optFlds := rt.optFlds
	confRev := rt.confRev
	datSet := rt.datSet
	buffered := rt.buffered
	enableConn := rt.enableConn
	bufOvfl := rt.bufOvfl
	rt.mu.Unlock()

	var entryIDBytes []byte

	if buffered {
		rt.mu.Lock()
		rt.entryID++
		entryIDBytes = encodeEntryID(rt.entryID)
		entry := &bufferedEntry{
			entryID:     entryIDBytes,
			timeOfEntry: time.Now(),
			values:      values,
			reasons:     reasons,
			inclusion:   inclusion,
		}
		if len(rt.bufQueue) >= rt.bufMax {
			rt.bufQueue = rt.bufQueue[1:]
			rt.bufOvfl = true
			bufOvfl = true
			re.logger.Debug("iec61850: BRCB buffer overflow, oldest entry dropped",
				"rcb", rt.rcbItemID)
		}
		rt.bufQueue = append(rt.bufQueue, entry)

		sk := func(suffix string) string {
			return servermodel.StoreKey(rt.ldName, rt.rcbItemID+"$"+suffix)
		}
		re.store.Set(sk("EntryID"), mms.NewOctetString(entryIDBytes))
		re.store.Set(sk("TimeOfEntry"), mms.NewBinaryTime(entry.timeOfEntry.UnixMilli()))
		re.store.Set(sk("SqNum"), mms.NewUnsigned(uint64(seqNum)))
		rt.mu.Unlock()
	} else {
		sk := servermodel.StoreKey(rt.ldName, rt.rcbItemID+"$SqNum")
		re.store.Set(sk, mms.NewUnsigned(uint64(seqNum)))
	}

	reportValues := encodeReportValuesEx(reportParams{
		rptID:     rptID,
		optFlds:   optFlds,
		seqNum:    seqNum,
		confRev:   confRev,
		datSet:    datSet,
		bufOvfl:   bufOvfl,
		entryID:   entryIDBytes,
		inclusion: inclusion,
		reasons:   reasons,
		values:    values,
	})

	req := &mms.InformationReportRequest{
		Variables: []mms.ObjectName{{
			Scope:  mms.ObjectScopeDomain,
			Domain: mms.DomainID(rt.ldName),
			ItemID: mms.ItemID(rt.rcbItemID),
		}},
		Values: reportValues,
	}

	// Connection-aware delivery: URCBs send only to the enabling
	// connection; BRCBs broadcast to all.
	if !buffered && enableConn != nil {
		if err := enableConn.SendInformationReport(ctx, req); err != nil {
			re.logger.Debug("iec61850: report send failed",
				"rcb", rt.rcbItemID, "error", err)
		}
		return
	}

	conns := re.mmsSrv.Connections()
	for _, conn := range conns {
		if err := conn.SendInformationReport(ctx, req); err != nil {
			re.logger.Debug("iec61850: report send failed",
				"rcb", rt.rcbItemID, "error", err)
		}
	}
}

// reportParams holds all parameters needed to encode a report.
type reportParams struct {
	rptID     string
	optFlds   OptFlds
	seqNum    uint32
	confRev   uint32
	datSet    string
	bufOvfl   bool
	entryID   []byte // nil for URCB
	inclusion []bool
	reasons   []ReasonCode
	values    []*mms.Value
}

// encodeReportValues builds the flat MMS value list for an IEC 61850
// InformationReport following the standard field order:
//
//	RptID, OptFlds, [SeqNum], [TimeStamp], [DatSet], [BufOvfl],
//	[EntryID], [ConfRev], SubSeqNum, MoreSegments, Inclusion,
//	[DataRef...], Values..., [ReasonCode...]
func encodeReportValues(
	rptID string,
	optFlds OptFlds,
	seqNum, confRev uint32,
	datSet string,
	inclusion []bool,
	reasons []ReasonCode,
	values []*mms.Value,
) []*mms.Value {
	return encodeReportValuesEx(reportParams{
		rptID:     rptID,
		optFlds:   optFlds,
		seqNum:    seqNum,
		confRev:   confRev,
		datSet:    datSet,
		inclusion: inclusion,
		reasons:   reasons,
		values:    values,
	})
}

func encodeReportValuesEx(p reportParams) []*mms.Value {
	var result []*mms.Value

	result = append(result, mms.NewVisibleString(p.rptID))
	result = append(result, encodeOptFlds(p.optFlds))

	if p.optFlds.Has(OptFldSeqNum) {
		result = append(result, mms.NewUnsigned(uint64(p.seqNum)))
	}

	if p.optFlds.Has(OptFldTimeStamp) {
		result = append(result, mms.NewUTCTime(time.Now().UTC()))
	}

	if p.optFlds.Has(OptFldDataSet) {
		result = append(result, mms.NewVisibleString(p.datSet))
	}

	if p.optFlds.Has(OptFldBufOvfl) {
		result = append(result, mms.NewBoolean(p.bufOvfl))
	}

	if p.optFlds.Has(OptFldEntryID) {
		eid := p.entryID
		if eid == nil {
			eid = make([]byte, 8)
		}
		result = append(result, mms.NewOctetString(eid))
	}

	if p.optFlds.Has(OptFldConfRev) {
		result = append(result, mms.NewUnsigned(uint64(p.confRev)))
	}

	// SubSeqNum + MoreSegments (always present, non-segmented)
	result = append(result, mms.NewUnsigned(0))
	result = append(result, mms.NewBoolean(false))

	inclusionBits := encodeInclusion(p.inclusion)
	result = append(result, inclusionBits)

	for i, incl := range p.inclusion {
		if incl && i < len(p.values) {
			v := p.values[i]
			if v == nil {
				v = mms.NewBoolean(false)
			}
			result = append(result, v)
		}
	}

	if p.optFlds.Has(OptFldReasonCode) {
		for i, incl := range p.inclusion {
			if incl && i < len(p.reasons) {
				result = append(result, encodeReasonCode(p.reasons[i]))
			}
		}
	}

	return result
}

// encodeInclusion encodes the inclusion bitmap as an MMS bitstring.
func encodeInclusion(inclusion []bool) *mms.Value {
	bitLen := len(inclusion)
	byteLen := (bitLen + 7) / 8
	bits := make([]byte, byteLen)
	for i, incl := range inclusion {
		if incl {
			bits[i/8] |= 0x80 >> (uint(i) % 8)
		}
	}
	return mms.NewBitStringWithLength(bits, bitLen)
}

// encodeReasonCode encodes a ReasonCode as a 7-bit bitstring.
func encodeReasonCode(r ReasonCode) *mms.Value {
	b := byte(0)
	if r&ReasonDataChanged != 0 {
		b |= 0x40
	}
	if r&ReasonQualityChanged != 0 {
		b |= 0x20
	}
	if r&ReasonDataUpdate != 0 {
		b |= 0x10
	}
	if r&ReasonIntegrity != 0 {
		b |= 0x08
	}
	if r&ReasonGI != 0 {
		b |= 0x04
	}
	return mms.NewBitStringWithLength([]byte{b}, 7)
}

// encodeEntryID encodes a uint64 as an 8-byte big-endian entry ID.
func encodeEntryID(id uint64) []byte {
	b := make([]byte, 8)
	binary.BigEndian.PutUint64(b, id)
	return b
}

// valuesEqual performs a recursive equality check between two MMS
// values. Returns true if both are nil, or if they have the same
// type and identical content. Supports all MMS value types including
// structures, arrays, UTC time, and binary time.
func valuesEqual(a, b *mms.Value) bool {
	if a == nil && b == nil {
		return true
	}
	if a == nil || b == nil {
		return false
	}
	if a.Type() != b.Type() {
		return false
	}

	switch a.Type() {
	case mms.ValueTypeBoolean:
		ab, _ := a.Bool()
		bb, _ := b.Bool()
		return ab == bb
	case mms.ValueTypeInteger:
		ai, _ := a.Int64()
		bi, _ := b.Int64()
		return ai == bi
	case mms.ValueTypeUnsigned:
		au, _ := a.Uint64()
		bu, _ := b.Uint64()
		return au == bu
	case mms.ValueTypeFloat:
		af, _ := a.Float64()
		bf, _ := b.Float64()
		return af == bf
	case mms.ValueTypeVisibleString:
		as, _ := a.VisibleString()
		bs, _ := b.VisibleString()
		return as == bs
	case mms.ValueTypeMmsString:
		as, _ := a.MmsString()
		bs, _ := b.MmsString()
		return as == bs
	case mms.ValueTypeBitString:
		ab, _ := a.BitString()
		bb, _ := b.BitString()
		return bytesEqual(ab, bb)
	case mms.ValueTypeOctetString:
		ao, _ := a.OctetString()
		bo, _ := b.OctetString()
		return bytesEqual(ao, bo)
	case mms.ValueTypeUTCTime:
		at, _ := a.UTCTime()
		bt, _ := b.UTCTime()
		return at.Equal(bt)
	case mms.ValueTypeBinaryTime:
		am, _ := a.BinaryTime()
		bm, _ := b.BinaryTime()
		return am == bm
	case mms.ValueTypeStructure:
		am, aok := a.Structure()
		bm, bok := b.Structure()
		if !aok || !bok || len(am) != len(bm) {
			return false
		}
		for i := range am {
			if !valuesEqual(am[i], bm[i]) {
				return false
			}
		}
		return true
	case mms.ValueTypeArray:
		am, aok := a.Structure() // arrays use Structure() accessor
		bm, bok := b.Structure()
		if !aok || !bok || len(am) != len(bm) {
			return false
		}
		for i := range am {
			if !valuesEqual(am[i], bm[i]) {
				return false
			}
		}
		return true
	default:
		return false
	}
}

func bytesEqual(a, b []byte) bool {
	if len(a) != len(b) {
		return false
	}
	for i := range a {
		if a[i] != b[i] {
			return false
		}
	}
	return true
}

// qualityChanged checks if quality bits changed between two MMS
// values. It handles three cases:
//   - Direct bitstring (the value is a Quality bitstring).
//   - Structure containing a "q" member at a well-known position.
//     IEC 61850 data attributes typically have stVal at [0] and q
//     at [1] within a structure.
//   - Falls back to full value comparison if the type is bitstring.
//
// qualityChanged is a heuristic quality-change detector. It checks
// for bit-string changes in the quality attribute of common IEC 61850
// CDC structures. For structures, it looks at position 1 which
// matches the standard {stVal, q, t} layout used by most CDCs (SPS,
// DPS, INS, MV, etc.). This is a pragmatic approximation, not a
// semantically complete quality comparison for all possible CDC
// structures.
func qualityChanged(prev, curr *mms.Value) bool {
	if prev == nil || curr == nil {
		return prev != curr
	}

	if prev.Type() == mms.ValueTypeBitString && curr.Type() == mms.ValueTypeBitString {
		return !valuesEqual(prev, curr)
	}

	if prev.Type() == mms.ValueTypeStructure && curr.Type() == mms.ValueTypeStructure {
		pm, pok := prev.Structure()
		cm, cok := curr.Structure()
		if pok && cok && len(pm) >= 2 && len(cm) >= 2 {
			if pm[1] != nil && cm[1] != nil &&
				pm[1].Type() == mms.ValueTypeBitString &&
				cm[1].Type() == mms.ValueTypeBitString {
				return !valuesEqual(pm[1], cm[1])
			}
		}
	}

	return false
}

// decodeTrgOps and decodeOptFlds are defined in report.go.

=== END ./report_engine.go ===
=== START ./scl/flatten.go ===
package scl

import (
	"encoding/csv"
	"fmt"
	"io"
)

// FlatRow represents a single flattened row in an SCL model,
// suitable for CSV export or tabular display.
type FlatRow struct {
	// IED is the IED name.
	IED string

	// AccessPoint is the access point name.
	AccessPoint string

	// LD is the logical device instance name.
	LD string

	// LN is the logical node name (prefix + lnClass + inst).
	LN string

	// Path is the dot-separated data path (DO.DA or DO.SDO.DA).
	Path string

	// FC is the functional constraint, if available.
	FC string

	// BType is the basic type of the data attribute.
	BType string

	// CDC is the Common Data Class of the containing DO type.
	CDC string

	// Desc is the description, if available.
	Desc string

	// Status indicates the resolution status of this row.
	// Empty means fully resolved. Non-empty values indicate
	// incomplete flattening (e.g., "unresolved-lntype",
	// "unresolved-dotype").
	Status string
}

// Flatten expands an SCL model into a flat list of rows, one per data
// attribute. Each row represents a leaf data attribute with its full
// path through the IEC 61850 hierarchy.
//
// Type resolution uses the DataTypeTemplates to expand LNodeType →
// DOType → DA/SDO chains. Attributes whose types cannot be resolved
// are still emitted with available metadata.
func Flatten(s *SCL) []FlatRow {
	lntIndex := make(map[string]*LNodeType, len(s.DataTypeTemplates.LNodeTypes))
	for i := range s.DataTypeTemplates.LNodeTypes {
		lnt := &s.DataTypeTemplates.LNodeTypes[i]
		lntIndex[lnt.ID] = lnt
	}

	dotIndex := make(map[string]*DOType, len(s.DataTypeTemplates.DOTypes))
	for i := range s.DataTypeTemplates.DOTypes {
		dot := &s.DataTypeTemplates.DOTypes[i]
		dotIndex[dot.ID] = dot
	}

	datIndex := make(map[string]*DAType, len(s.DataTypeTemplates.DATypes))
	for i := range s.DataTypeTemplates.DATypes {
		dat := &s.DataTypeTemplates.DATypes[i]
		datIndex[dat.ID] = dat
	}

	var rows []FlatRow

	for _, ied := range s.IEDs {
		for _, ap := range ied.AccessPoints {
			if ap.Server == nil {
				continue
			}
			for _, ld := range ap.Server.LDevices {
				flattenLD(&rows, ied.Name, ap.Name, ld, lntIndex, dotIndex, datIndex)
			}
		}
	}

	return rows
}

func flattenLD(rows *[]FlatRow, iedName, apName string, ld LDevice,
	lntIndex map[string]*LNodeType, dotIndex map[string]*DOType, datIndex map[string]*DAType) {

	if ld.LN0 != nil {
		flattenLN(rows, iedName, apName, ld.Inst, *ld.LN0, lntIndex, dotIndex, datIndex)
	}
	for _, ln := range ld.LNs {
		flattenLN(rows, iedName, apName, ld.Inst, ln, lntIndex, dotIndex, datIndex)
	}
}

func flattenLN(rows *[]FlatRow, iedName, apName, ldInst string, ln LN,
	lntIndex map[string]*LNodeType, dotIndex map[string]*DOType, datIndex map[string]*DAType) {

	lnName := ln.Prefix + ln.LNClass + ln.Inst

	lnt, ok := lntIndex[ln.LNType]
	if !ok {
		*rows = append(*rows, FlatRow{
			IED: iedName, AccessPoint: apName,
			LD: ldInst, LN: lnName,
			Status: "unresolved-lntype",
		})
		return
	}

	for _, do := range lnt.DOs {
		dot, ok := dotIndex[do.Type]
		if !ok {
			*rows = append(*rows, FlatRow{
				IED: iedName, AccessPoint: apName,
				LD: ldInst, LN: lnName,
				Path: do.Name, Desc: do.Desc,
				Status: "unresolved-dotype",
			})
			continue
		}

		flattenDOType(rows, iedName, apName, ldInst, lnName, do.Name, dot, dotIndex, datIndex)
	}
}

func flattenDOType(rows *[]FlatRow, iedName, apName, ldInst, lnName, prefix string,
	dot *DOType, dotIndex map[string]*DOType, datIndex map[string]*DAType) {

	visited := make(map[string]bool)
	flattenDOTypeRec(rows, iedName, apName, ldInst, lnName, prefix, dot, dotIndex, datIndex, visited)
}

func flattenDOTypeRec(rows *[]FlatRow, iedName, apName, ldInst, lnName, prefix string,
	dot *DOType, dotIndex map[string]*DOType, datIndex map[string]*DAType, visitedDO map[string]bool) {

	for _, da := range dot.DAs {
		flattenDA(rows, iedName, apName, ldInst, lnName, prefix, da, dot.CDC, datIndex)
	}

	for _, sdo := range dot.SDOs {
		if visitedDO[sdo.Type] {
			continue
		}
		subDOT, ok := dotIndex[sdo.Type]
		if !ok {
			continue
		}
		visitedDO[sdo.Type] = true
		flattenDOTypeRec(rows, iedName, apName, ldInst, lnName, prefix+"."+sdo.Name, subDOT, dotIndex, datIndex, visitedDO)
		delete(visitedDO, sdo.Type)
	}
}

func flattenDA(rows *[]FlatRow, iedName, apName, ldInst, lnName, prefix string,
	da DA, cdc string, datIndex map[string]*DAType) {

	path := prefix + "." + da.Name

	if da.BType == "Struct" && da.Type != "" {
		dat, ok := datIndex[da.Type]
		if ok {
			visited := make(map[string]bool)
			visited[da.Type] = true
			flattenDATypeRec(rows, iedName, apName, ldInst, lnName, path, da.FC, cdc, dat, datIndex, visited)
			return
		}
	}

	*rows = append(*rows, FlatRow{
		IED: iedName, AccessPoint: apName,
		LD: ldInst, LN: lnName,
		Path: path, FC: da.FC,
		BType: da.BType, CDC: cdc,
		Desc: da.Desc,
	})
}

func flattenDATypeRec(rows *[]FlatRow, iedName, apName, ldInst, lnName, prefix, fc, cdc string,
	dat *DAType, datIndex map[string]*DAType, visitedDA map[string]bool) {

	for _, bda := range dat.BDAs {
		path := prefix + "." + bda.Name

		if bda.BType == "Struct" && bda.Type != "" {
			if visitedDA[bda.Type] {
				continue
			}
			subDAT, ok := datIndex[bda.Type]
			if ok {
				visitedDA[bda.Type] = true
				flattenDATypeRec(rows, iedName, apName, ldInst, lnName, path, fc, cdc, subDAT, datIndex, visitedDA)
				delete(visitedDA, bda.Type)
				continue
			}
		}

		*rows = append(*rows, FlatRow{
			IED: iedName, AccessPoint: apName,
			LD: ldInst, LN: lnName,
			Path: path, FC: fc,
			BType: bda.BType, CDC: cdc,
			Desc: bda.Desc,
		})
	}
}

// WriteCSV writes flattened rows as CSV to the given writer using
// [encoding/csv]. The first line is the header row.
func WriteCSV(w io.Writer, rows []FlatRow) error {
	cw := csv.NewWriter(w)

	if err := cw.Write([]string{"IED", "AccessPoint", "LD", "LN", "Path", "FC", "BType", "CDC", "Desc", "Status"}); err != nil {
		return fmt.Errorf("scl: write CSV header: %w", err)
	}

	for _, r := range rows {
		if err := cw.Write([]string{r.IED, r.AccessPoint, r.LD, r.LN, r.Path, r.FC, r.BType, r.CDC, r.Desc, r.Status}); err != nil {
			return fmt.Errorf("scl: write CSV row: %w", err)
		}
	}

	cw.Flush()
	if err := cw.Error(); err != nil {
		return fmt.Errorf("scl: flush CSV: %w", err)
	}
	return nil
}

// PrintTree writes a hierarchical text representation of the SCL model
// to the given writer.
func PrintTree(w io.Writer, s *SCL) error {
	for _, ied := range s.IEDs {
		if _, err := fmt.Fprintf(w, "IED: %s", ied.Name); err != nil {
			return err
		}
		if ied.Desc != "" {
			if _, err := fmt.Fprintf(w, " (%s)", ied.Desc); err != nil {
				return err
			}
		}
		if _, err := fmt.Fprintln(w); err != nil {
			return err
		}

		for _, ap := range ied.AccessPoints {
			if ap.Server == nil {
				continue
			}
			if _, err := fmt.Fprintf(w, "  AP: %s\n", ap.Name); err != nil {
				return err
			}
			for _, ld := range ap.Server.LDevices {
				if _, err := fmt.Fprintf(w, "    LD: %s\n", ld.Inst); err != nil {
					return err
				}
				if err := printLNs(w, ld, "      "); err != nil {
					return err
				}
			}
		}
	}
	return nil
}

func printLNs(w io.Writer, ld LDevice, indent string) error {
	if ld.LN0 != nil {
		if err := printLN(w, *ld.LN0, indent); err != nil {
			return err
		}
	}
	for _, ln := range ld.LNs {
		if err := printLN(w, ln, indent); err != nil {
			return err
		}
	}
	return nil
}

// DataSetRow represents a single data set with its location in the
// IEC 61850 hierarchy.
type DataSetRow struct {
	IED         string
	AccessPoint string
	LD          string
	LN          string
	DataSet     string
	Desc        string
	MemberCount int
}

// ExportDataSets extracts all data set definitions from the SCL model
// into a flat list suitable for tabular display.
func ExportDataSets(s *SCL) []DataSetRow {
	var rows []DataSetRow
	for _, ied := range s.IEDs {
		for _, ap := range ied.AccessPoints {
			if ap.Server == nil {
				continue
			}
			for _, ld := range ap.Server.LDevices {
				exportLDDataSets(&rows, ied.Name, ap.Name, ld)
			}
		}
	}
	return rows
}

func exportLDDataSets(rows *[]DataSetRow, iedName, apName string, ld LDevice) {
	exportLNDataSets := func(ln LN) {
		lnName := ln.Prefix + ln.LNClass + ln.Inst
		for _, ds := range ln.DataSets {
			*rows = append(*rows, DataSetRow{
				IED: iedName, AccessPoint: apName,
				LD: ld.Inst, LN: lnName,
				DataSet: ds.Name, Desc: ds.Desc,
				MemberCount: len(ds.FCDAs),
			})
		}
	}
	if ld.LN0 != nil {
		exportLNDataSets(*ld.LN0)
	}
	for _, ln := range ld.LNs {
		exportLNDataSets(ln)
	}
}

// ReportRow represents a single report control block with its
// location in the IEC 61850 hierarchy.
type ReportRow struct {
	IED         string
	AccessPoint string
	LD          string
	LN          string
	Name        string
	RptID       string
	DatSet      string
	Buffered    bool
	ConfRev     uint32
}

// ExportReports extracts all report control block definitions from
// the SCL model into a flat list suitable for tabular display.
func ExportReports(s *SCL) []ReportRow {
	var rows []ReportRow
	for _, ied := range s.IEDs {
		for _, ap := range ied.AccessPoints {
			if ap.Server == nil {
				continue
			}
			for _, ld := range ap.Server.LDevices {
				exportLDReports(&rows, ied.Name, ap.Name, ld)
			}
		}
	}
	return rows
}

func exportLDReports(rows *[]ReportRow, iedName, apName string, ld LDevice) {
	exportLNReports := func(ln LN) {
		lnName := ln.Prefix + ln.LNClass + ln.Inst
		for _, rc := range ln.Reports {
			*rows = append(*rows, ReportRow{
				IED: iedName, AccessPoint: apName,
				LD: ld.Inst, LN: lnName,
				Name: rc.Name, RptID: rc.RptID,
				DatSet: rc.DatSet, Buffered: rc.Buffered,
				ConfRev: rc.ConfRev,
			})
		}
	}
	if ld.LN0 != nil {
		exportLNReports(*ld.LN0)
	}
	for _, ln := range ld.LNs {
		exportLNReports(ln)
	}
}

func printLN(w io.Writer, ln LN, indent string) error {
	name := ln.Prefix + ln.LNClass + ln.Inst
	if _, err := fmt.Fprintf(w, "%sLN: %s", indent, name); err != nil {
		return err
	}
	if ln.Desc != "" {
		if _, err := fmt.Fprintf(w, " (%s)", ln.Desc); err != nil {
			return err
		}
	}
	if _, err := fmt.Fprintln(w); err != nil {
		return err
	}

	for _, ds := range ln.DataSets {
		if _, err := fmt.Fprintf(w, "%s  DS: %s [%d members]\n", indent, ds.Name, len(ds.FCDAs)); err != nil {
			return err
		}
	}
	for _, rc := range ln.Reports {
		kind := "URCB"
		if rc.Buffered {
			kind = "BRCB"
		}
		if _, err := fmt.Fprintf(w, "%s  %s: %s\n", indent, kind, rc.Name); err != nil {
			return err
		}
	}
	return nil
}

=== END ./scl/flatten.go ===
=== START ./scl/generate.go ===
package scl

import (
	"encoding/xml"
	"fmt"
	"io"
	"strconv"
)

// Generate writes an SCL model as XML to the given writer.
//
// The output is deterministic: elements appear in the order they are
// stored in the model slices. Round-trip loss is minimal for the
// supported SCL subset (Header, Substation, Communication, IED,
// DataTypeTemplates).
func Generate(w io.Writer, s *SCL) error {
	if _, err := io.WriteString(w, xml.Header); err != nil {
		return fmt.Errorf("scl: generate: %w", err)
	}

	raw := modelToXML(s)
	enc := xml.NewEncoder(w)
	enc.Indent("", "  ")
	if err := enc.Encode(raw); err != nil {
		return fmt.Errorf("scl: generate: %w", err)
	}
	if _, err := io.WriteString(w, "\n"); err != nil {
		return fmt.Errorf("scl: generate: %w", err)
	}
	return nil
}

func modelToXML(s *SCL) *xmlSCL {
	raw := &xmlSCL{
		XMLName: xml.Name{Local: "SCL", Space: "http://www.iec.ch/61850/2003/SCL"},
		Header: xmlHeader{
			ID:       s.Header.ID,
			Version:  s.Header.Version,
			Revision: s.Header.Revision,
		},
	}

	for _, sub := range s.Substations {
		raw.Substations = append(raw.Substations, substationToXML(sub))
	}

	if s.Communication != nil {
		raw.Communication = communicationToXML(s.Communication)
	}

	for _, ied := range s.IEDs {
		raw.IEDs = append(raw.IEDs, iedToXML(ied))
	}

	raw.DataTypeTemplates = dttToXML(s.DataTypeTemplates)

	return raw
}

func substationToXML(sub Substation) xmlSubstation {
	raw := xmlSubstation{Name: sub.Name, Desc: sub.Desc}
	for _, vl := range sub.VoltageLevels {
		rawVL := xmlVoltageLevel{Name: vl.Name, Desc: vl.Desc}
		if vl.Voltage != "" {
			rawVL.Voltage = &xmlVal{Value: vl.Voltage}
		}
		for _, bay := range vl.Bays {
			rawBay := xmlBay{Name: bay.Name, Desc: bay.Desc}
			for _, ce := range bay.ConductingEquipments {
				rawBay.ConductingEquipments = append(rawBay.ConductingEquipments, xmlConductingEquipment(ce))
			}
			rawVL.Bays = append(rawVL.Bays, rawBay)
		}
		raw.VoltageLevels = append(raw.VoltageLevels, rawVL)
	}
	return raw
}

func communicationToXML(comm *Communication) *xmlCommunication {
	raw := &xmlCommunication{}
	for _, sn := range comm.SubNetworks {
		rawSN := xmlSubNetwork{Name: sn.Name, Desc: sn.Desc, Type: sn.Type}
		for _, cap := range sn.ConnectedAPs {
			rawAP := xmlConnectedAP{IEDName: cap.IEDName, APName: cap.APName}
			if len(cap.Address) > 0 {
				rawAP.Address = &xmlAddress{Ps: psToXML(cap.Address)}
			}
			for _, gse := range cap.GSEs {
				rawGSE := xmlGSE{LDInst: gse.LDInst, CBName: gse.CBName}
				if len(gse.Address) > 0 {
					rawGSE.Address = &xmlAddress{Ps: psToXML(gse.Address)}
				}
				if gse.MinTime != "" {
					rawGSE.MinTime = &xmlVal{Value: gse.MinTime}
				}
				if gse.MaxTime != "" {
					rawGSE.MaxTime = &xmlVal{Value: gse.MaxTime}
				}
				rawAP.GSEs = append(rawAP.GSEs, rawGSE)
			}
			for _, smv := range cap.SMVs {
				rawSMV := xmlSMV{LDInst: smv.LDInst, CBName: smv.CBName}
				if len(smv.Address) > 0 {
					rawSMV.Address = &xmlAddress{Ps: psToXML(smv.Address)}
				}
				rawAP.SMVs = append(rawAP.SMVs, rawSMV)
			}
			rawSN.ConnectedAPs = append(rawSN.ConnectedAPs, rawAP)
		}
		raw.SubNetworks = append(raw.SubNetworks, rawSN)
	}
	return raw
}

func psToXML(ps []P) []xmlP {
	raw := make([]xmlP, len(ps))
	for i, p := range ps {
		raw[i] = xmlP(p)
	}
	return raw
}

func iedToXML(ied IED) xmlIED {
	raw := xmlIED{
		Name:         ied.Name,
		Desc:         ied.Desc,
		Manufacturer: ied.Manufacturer,
		Type:         ied.Type,
	}
	if ied.Services != nil {
		raw.Services = servicesToXML(ied.Services)
	}
	for _, ap := range ied.AccessPoints {
		rawAP := xmlAccessPoint{Name: ap.Name}
		if ap.Server != nil {
			rawSrv := &xmlServer{}
			for _, ld := range ap.Server.LDevices {
				rawSrv.LDevices = append(rawSrv.LDevices, ldToXML(ld))
			}
			rawAP.Server = rawSrv
		}
		raw.AccessPoints = append(raw.AccessPoints, rawAP)
	}
	return raw
}

func ldToXML(ld LDevice) xmlLDevice {
	raw := xmlLDevice{Inst: ld.Inst, Desc: ld.Desc}
	if ld.LN0 != nil {
		ln := lnToXML(*ld.LN0)
		raw.LN0 = &ln
	}
	for _, ln := range ld.LNs {
		raw.LNs = append(raw.LNs, lnToXML(ln))
	}
	return raw
}

func lnToXML(ln LN) xmlLN {
	raw := xmlLN{
		Prefix: ln.Prefix, LNClass: ln.LNClass,
		Inst: ln.Inst, LNType: ln.LNType, Desc: ln.Desc,
	}
	for _, doi := range ln.DOIs {
		raw.DOIs = append(raw.DOIs, doiToXML(doi))
	}
	for _, ds := range ln.DataSets {
		raw.DataSets = append(raw.DataSets, dsToXML(ds))
	}
	for _, rc := range ln.Reports {
		raw.Reports = append(raw.Reports, rcToXML(rc))
	}
	for _, lg := range ln.Logs {
		raw.Logs = append(raw.Logs, xmlLog(lg))
	}
	return raw
}

func doiToXML(doi DOI) xmlDOI {
	raw := xmlDOI{Name: doi.Name, Desc: doi.Desc}
	for _, dai := range doi.DAIs {
		raw.DAIs = append(raw.DAIs, xmlDAI(dai))
	}
	for _, sdi := range doi.SDIs {
		raw.SDIs = append(raw.SDIs, sdiToXML(sdi))
	}
	return raw
}

func sdiToXML(sdi SDI) xmlSDI {
	raw := xmlSDI{Name: sdi.Name}
	for _, dai := range sdi.DAIs {
		raw.DAIs = append(raw.DAIs, xmlDAI(dai))
	}
	for _, sub := range sdi.SDIs {
		raw.SDIs = append(raw.SDIs, sdiToXML(sub))
	}
	return raw
}

func dsToXML(ds DataSet) xmlDataSet {
	raw := xmlDataSet{Name: ds.Name, Desc: ds.Desc}
	for _, f := range ds.FCDAs {
		raw.FCDAs = append(raw.FCDAs, xmlFCDA(f))
	}
	return raw
}

func rcToXML(rc ReportControl) xmlReportControl {
	raw := xmlReportControl{
		Name:   rc.Name,
		Desc:   rc.Desc,
		RptID:  rc.RptID,
		DatSet: rc.DatSet,
	}
	if rc.ConfRev > 0 {
		raw.ConfRev = strconv.FormatUint(uint64(rc.ConfRev), 10)
	}
	if rc.Buffered {
		raw.Buffered = "true"
	}
	if rc.BufTime > 0 {
		raw.BufTime = strconv.FormatUint(uint64(rc.BufTime), 10)
	}
	if rc.IntgPd > 0 {
		raw.IntgPd = strconv.FormatUint(uint64(rc.IntgPd), 10)
	}
	raw.TrgOps = &xmlTrgOps{
		Dchg: boolStr(rc.TrgOps.Dchg), Qchg: boolStr(rc.TrgOps.Qchg),
		Dupd: boolStr(rc.TrgOps.Dupd), Period: boolStr(rc.TrgOps.Period),
		GI: boolStr(rc.TrgOps.GI),
	}
	raw.OptFields = &xmlOptFields{
		SeqNum: boolStr(rc.OptFields.SeqNum), TimeStamp: boolStr(rc.OptFields.TimeStamp),
		DataSet: boolStr(rc.OptFields.DataSet), ReasonCode: boolStr(rc.OptFields.ReasonCode),
		DataRef: boolStr(rc.OptFields.DataRef), EntryID: boolStr(rc.OptFields.EntryID),
		ConfigRef: boolStr(rc.OptFields.ConfigRef), BufOvfl: boolStr(rc.OptFields.BufOvfl),
	}
	return raw
}

func boolStr(b bool) string {
	if b {
		return "true"
	}
	return "false"
}

func dttToXML(dtt DataTypeTemplates) xmlDataTypeTemplates {
	raw := xmlDataTypeTemplates{}
	for _, lnt := range dtt.LNodeTypes {
		rawLNT := xmlLNodeType{ID: lnt.ID, LNClass: lnt.LNClass, Desc: lnt.Desc}
		for _, do := range lnt.DOs {
			rawLNT.DOs = append(rawLNT.DOs, xmlDO(do))
		}
		raw.LNodeTypes = append(raw.LNodeTypes, rawLNT)
	}
	for _, dot := range dtt.DOTypes {
		rawDOT := xmlDOType{ID: dot.ID, CDC: dot.CDC, Desc: dot.Desc}
		for _, da := range dot.DAs {
			rawDA := xmlDA{
				Name: da.Name, FC: da.FC, BType: da.BType,
				Type: da.Type, Desc: da.Desc, Val: da.Val,
			}
			if da.Count > 0 {
				rawDA.Count = strconv.Itoa(da.Count)
			}
			rawDOT.DAs = append(rawDOT.DAs, rawDA)
		}
		for _, sdo := range dot.SDOs {
			rawDOT.SDOs = append(rawDOT.SDOs, xmlSDO(sdo))
		}
		raw.DOTypes = append(raw.DOTypes, rawDOT)
	}
	for _, dat := range dtt.DATypes {
		rawDAT := xmlDAType{ID: dat.ID, Desc: dat.Desc}
		for _, bda := range dat.BDAs {
			rawBDA := xmlBDA{
				Name: bda.Name, BType: bda.BType, Type: bda.Type,
				Desc: bda.Desc, Val: bda.Val,
			}
			if bda.Count > 0 {
				rawBDA.Count = strconv.Itoa(bda.Count)
			}
			rawDAT.BDAs = append(rawDAT.BDAs, rawBDA)
		}
		raw.DATypes = append(raw.DATypes, rawDAT)
	}
	for _, et := range dtt.EnumTypes {
		rawET := xmlEnumType{ID: et.ID, Desc: et.Desc}
		for _, ev := range et.Vals {
			rawET.Vals = append(rawET.Vals, xmlEnumVal{
				Ord: strconv.Itoa(ev.Ord), Desc: ev.Value,
			})
		}
		raw.EnumTypes = append(raw.EnumTypes, rawET)
	}
	return raw
}

func servicesToXML(svc *Services) *xmlServices {
	raw := &xmlServices{}
	if svc.DynAssociation {
		raw.DynAssociation = &struct{}{}
	}
	if svc.GetDirectory {
		raw.GetDirectory = &struct{}{}
	}
	if svc.GetDataObjectDefinition {
		raw.GetDataObjectDefinition = &struct{}{}
	}
	if svc.GetDataSetValue {
		raw.GetDataSetValue = &struct{}{}
	}
	if svc.DataSetDirectory {
		raw.DataSetDirectory = &struct{}{}
	}
	if svc.ReadWrite {
		raw.ReadWrite = &struct{}{}
	}
	if svc.GetCBValues {
		raw.GetCBValues = &struct{}{}
	}
	if svc.FileHandling {
		raw.FileHandling = &struct{}{}
	}
	if svc.ConfDataSet != nil {
		raw.ConfDataSet = &xmlConfDataSet{
			Max:           strconv.Itoa(svc.ConfDataSet.Max),
			MaxAttributes: strconv.Itoa(svc.ConfDataSet.MaxAttributes),
			Modify:        boolStr(svc.ConfDataSet.Modify),
		}
	}
	if svc.ConfReportCtrl != nil {
		raw.ConfReportCtrl = &xmlConfReportControl{
			Max:     strconv.Itoa(svc.ConfReportCtrl.Max),
			BufMode: svc.ConfReportCtrl.BufMode,
		}
	}
	if svc.ReportSettings != nil {
		raw.ReportSettings = &xmlReportSettings{
			CBName:    svc.ReportSettings.CBName,
			DatSet:    svc.ReportSettings.DatSet,
			RptID:     svc.ReportSettings.RptID,
			OptFields: svc.ReportSettings.OptFields,
			BufTime:   svc.ReportSettings.BufTime,
			TrgOps:    svc.ReportSettings.TrgOps,
			IntgPd:    svc.ReportSettings.IntgPd,
		}
	}
	if svc.ConfLNs != nil {
		raw.ConfLNs = &xmlConfLNs{
			FixPrefix: boolStr(svc.ConfLNs.FixPrefix),
			FixLnInst: boolStr(svc.ConfLNs.FixLnInst),
		}
	}
	if svc.GOOSE != nil {
		raw.GOOSE = &xmlGOOSEService{
			Max:       strconv.Itoa(svc.GOOSE.Max),
			FixedOffs: boolStr(svc.GOOSE.FixedOffs),
		}
	}
	if svc.SMVsc != nil {
		raw.SMVsc = &xmlSMVService{
			Max: strconv.Itoa(svc.SMVsc.Max),
		}
	}
	return raw
}

=== END ./scl/generate.go ===
=== START ./scl/lookup.go ===
package scl

// FindIED returns the IED with the given name, or nil if not found.
func (s *SCL) FindIED(name string) *IED {
	for i := range s.IEDs {
		if s.IEDs[i].Name == name {
			return &s.IEDs[i]
		}
	}
	return nil
}

// FindLDevice returns the first LDevice with the given inst across
// all IEDs and access points, or nil if not found.
func (s *SCL) FindLDevice(inst string) *LDevice {
	for i := range s.IEDs {
		if ld := s.IEDs[i].FindLDevice(inst); ld != nil {
			return ld
		}
	}
	return nil
}

// FindLDevice returns the first LDevice with the given inst in this
// IED, or nil if not found.
func (ied *IED) FindLDevice(inst string) *LDevice {
	for i := range ied.AccessPoints {
		if ied.AccessPoints[i].Server == nil {
			continue
		}
		for j := range ied.AccessPoints[i].Server.LDevices {
			if ied.AccessPoints[i].Server.LDevices[j].Inst == inst {
				return &ied.AccessPoints[i].Server.LDevices[j]
			}
		}
	}
	return nil
}

// FindLN returns the first logical node matching prefix+lnClass+inst
// within this logical device. For LN0, use prefix="" lnClass="LLN0"
// inst="".
func (ld *LDevice) FindLN(prefix, lnClass, inst string) *LN {
	if ld.LN0 != nil && ld.LN0.Prefix == prefix && ld.LN0.LNClass == lnClass && ld.LN0.Inst == inst {
		return ld.LN0
	}
	for i := range ld.LNs {
		ln := &ld.LNs[i]
		if ln.Prefix == prefix && ln.LNClass == lnClass && ln.Inst == inst {
			return ln
		}
	}
	return nil
}

// FindLNodeType returns the LNodeType with the given ID, or nil.
func (s *SCL) FindLNodeType(id string) *LNodeType {
	for i := range s.DataTypeTemplates.LNodeTypes {
		if s.DataTypeTemplates.LNodeTypes[i].ID == id {
			return &s.DataTypeTemplates.LNodeTypes[i]
		}
	}
	return nil
}

// FindDOType returns the DOType with the given ID, or nil.
func (s *SCL) FindDOType(id string) *DOType {
	for i := range s.DataTypeTemplates.DOTypes {
		if s.DataTypeTemplates.DOTypes[i].ID == id {
			return &s.DataTypeTemplates.DOTypes[i]
		}
	}
	return nil
}

// FindDAType returns the DAType with the given ID, or nil.
func (s *SCL) FindDAType(id string) *DAType {
	for i := range s.DataTypeTemplates.DATypes {
		if s.DataTypeTemplates.DATypes[i].ID == id {
			return &s.DataTypeTemplates.DATypes[i]
		}
	}
	return nil
}

// FindEnumType returns the EnumType with the given ID, or nil.
func (s *SCL) FindEnumType(id string) *EnumType {
	for i := range s.DataTypeTemplates.EnumTypes {
		if s.DataTypeTemplates.EnumTypes[i].ID == id {
			return &s.DataTypeTemplates.EnumTypes[i]
		}
	}
	return nil
}

=== END ./scl/lookup.go ===
=== START ./scl/model.go ===
// Package scl provides parsing and inspection of IEC 61850 SCL
// (Substation Configuration Language) files.
//
// SCL is an XML schema defined in IEC 61850-6 used to describe the
// configuration of IEC 61850 systems, including IEDs (Intelligent
// Electronic Devices), logical devices, logical nodes, data objects,
// data sets, and report control blocks.
//
// This package parses SCD, ICD, CID, and IID file formats into a
// Go-native model that can be queried, flattened for CLI/CSV output,
// or used for runtime validation against a live server.
package scl

// SCL is the root element of an SCL configuration file.
type SCL struct {
	// Header contains version and revision metadata.
	Header Header

	// Substations contains substation topology definitions.
	Substations []Substation

	// Communication contains network and addressing information.
	Communication *Communication

	// IEDs is the list of Intelligent Electronic Devices defined in
	// the SCL file.
	IEDs []IED

	// DataTypeTemplates contains the type definitions (LNodeType,
	// DOType, DAType, EnumType) referenced by data attributes.
	DataTypeTemplates DataTypeTemplates
}

// Header contains SCL file metadata.
type Header struct {
	ID       string
	Version  string
	Revision string
}

// IED represents an Intelligent Electronic Device.
type IED struct {
	Name         string
	Desc         string
	Manufacturer string
	Type         string
	Services     *Services
	AccessPoints []AccessPoint
}

// AccessPoint represents a communication access point of an IED.
type AccessPoint struct {
	Name   string
	Server *Server
}

// Server represents the MMS server within an access point.
type Server struct {
	LDevices []LDevice
}

// LDevice represents a logical device.
type LDevice struct {
	Inst string
	Desc string
	LN0  *LN
	LNs  []LN
}

// LN represents a logical node (both LN0 and regular LN).
type LN struct {
	Prefix  string
	LNClass string
	Inst    string
	LNType  string
	Desc    string

	DOIs           []DOI
	DataSets       []DataSet
	Reports        []ReportControl
	Logs           []Log
	SettingControl *SettingControl
}

// SettingControl represents the SCL SettingControl element that
// defines setting group parameters for a logical node (LLN0).
type SettingControl struct {
	NumOfSGs uint8
	ActSG    uint8
	ResvTms  uint16
}

// DOI represents a Data Object Instance within a logical node.
type DOI struct {
	Name string
	Desc string
	DAIs []DAI
	SDIs []SDI
}

// SDI represents a Sub-Data Instance, used for nested structured
// data objects.
type SDI struct {
	Name string
	DAIs []DAI
	SDIs []SDI
}

// DAI represents a Data Attribute Instance with an optional value
// override.
type DAI struct {
	Name  string
	SAddr string
	Val   string
}

// DataSet represents a data set defined in a logical node.
type DataSet struct {
	Name  string
	Desc  string
	FCDAs []FCDA
}

// FCDA (Functionally Constrained Data Attribute) identifies a single
// data attribute included in a data set.
type FCDA struct {
	LDInst  string
	Prefix  string
	LNClass string
	LNInst  string
	DOName  string
	DAName  string
	FC      string
}

// ReportControl represents a report control block definition.
type ReportControl struct {
	Name     string
	Desc     string
	RptID    string
	DatSet   string
	ConfRev  uint32
	Buffered bool
	BufTime  uint32
	IntgPd   uint32

	TrgOps    TrgOps
	OptFields OptFields
}

// TrgOps contains the trigger options for a report control block.
type TrgOps struct {
	Dchg   bool
	Qchg   bool
	Dupd   bool
	Period bool
	GI     bool
}

// OptFields contains the optional field flags for a report control
// block.
type OptFields struct {
	SeqNum     bool
	TimeStamp  bool
	DataSet    bool
	ReasonCode bool
	DataRef    bool
	EntryID    bool
	ConfigRef  bool
	BufOvfl    bool
}

// Log represents a log control block definition.
type Log struct {
	Name string
	Desc string
}

// --- Data type templates ---

// DataTypeTemplates holds the type definitions section of an SCL file.
type DataTypeTemplates struct {
	LNodeTypes []LNodeType
	DOTypes    []DOType
	DATypes    []DAType
	EnumTypes  []EnumType
}

// LNodeType defines the structure of a logical node type.
type LNodeType struct {
	ID      string
	LNClass string
	Desc    string
	DOs     []DO
}

// DO defines a data object within a logical node type.
type DO struct {
	Name string
	Type string
	Desc string
}

// DOType defines the structure of a data object type.
type DOType struct {
	ID   string
	CDC  string
	Desc string
	DAs  []DA
	SDOs []SDO
}

// SDO defines a sub-data object within a data object type.
type SDO struct {
	Name string
	Type string
	Desc string
}

// DA defines a data attribute within a data object type.
type DA struct {
	Name  string
	FC    string
	BType string
	Type  string
	Desc  string
	Count int
	Val   string
}

// DAType defines the structure of a constructed data attribute type.
type DAType struct {
	ID   string
	Desc string
	BDAs []BDA
}

// BDA defines a basic data attribute within a constructed type.
type BDA struct {
	Name  string
	BType string
	Type  string
	Desc  string
	Count int
	Val   string
}

// EnumType defines an enumeration type.
type EnumType struct {
	ID   string
	Desc string
	Vals []EnumVal
}

// EnumVal is a single value in an enumeration type.
type EnumVal struct {
	Ord   int
	Value string
}

// --- Substation topology ---

// Substation represents a substation in the SCL topology.
type Substation struct {
	Name          string
	Desc          string
	VoltageLevels []VoltageLevel
}

// VoltageLevel represents a voltage level within a substation.
type VoltageLevel struct {
	Name    string
	Desc    string
	Voltage string
	Bays    []Bay
}

// Bay represents a bay within a voltage level.
type Bay struct {
	Name                 string
	Desc                 string
	ConductingEquipments []ConductingEquipment
}

// ConductingEquipment represents a piece of conducting equipment
// (circuit breaker, disconnector, etc.) within a bay.
type ConductingEquipment struct {
	Name string
	Type string
	Desc string
}

// --- Communication ---

// Communication contains the network configuration section.
type Communication struct {
	SubNetworks []SubNetwork
}

// SubNetwork represents a communication sub-network.
type SubNetwork struct {
	Name         string
	Desc         string
	Type         string
	ConnectedAPs []ConnectedAP
}

// ConnectedAP represents a connected access point within a sub-network.
type ConnectedAP struct {
	IEDName string
	APName  string
	Address []P
	GSEs    []GSEAddress
	SMVs    []SMVAddress
}

// P represents a communication parameter (address element).
type P struct {
	Type  string
	Value string
}

// GSEAddress contains GSE (GOOSE) addressing information.
type GSEAddress struct {
	LDInst  string
	CBName  string
	Address []P
	MinTime string
	MaxTime string
}

// SMVAddress contains Sampled Values addressing information.
type SMVAddress struct {
	LDInst  string
	CBName  string
	Address []P
}

// --- Services ---

// Services describes the IEC 61850 services supported by an IED.
type Services struct {
	DynAssociation          bool
	GetDirectory            bool
	GetDataObjectDefinition bool
	GetDataSetValue         bool
	DataSetDirectory        bool
	ReadWrite               bool
	GetCBValues             bool
	FileHandling            bool

	ConfDataSet    *ConfDataSet
	ConfReportCtrl *ConfReportControl
	ReportSettings *ReportSettings
	ConfLNs        *ConfLNs
	GOOSE          *GOOSEService
	SMVsc          *SMVService
}

// ConfDataSet describes dataset configuration capabilities.
type ConfDataSet struct {
	Max           int
	MaxAttributes int
	Modify        bool
}

// ConfReportControl describes report control configuration capabilities.
type ConfReportControl struct {
	Max     int
	BufMode string
}

// ReportSettings describes report setting configurability.
type ReportSettings struct {
	CBName    string
	DatSet    string
	RptID     string
	OptFields string
	BufTime   string
	TrgOps    string
	IntgPd    string
}

// ConfLNs describes logical node configuration constraints.
type ConfLNs struct {
	FixPrefix bool
	FixLnInst bool
}

// GOOSEService describes GOOSE capabilities.
type GOOSEService struct {
	Max       int
	FixedOffs bool
}

// SMVService describes Sampled Values capabilities.
type SMVService struct {
	Max int
}

=== END ./scl/model.go ===
=== START ./scl/parse.go ===
package scl

import (
	"encoding/xml"
	"fmt"
	"io"
	"os"
	"strconv"
	"strings"
)

// Parse reads an SCL XML document from r and returns the parsed model.
// Supports SCD, ICD, CID, and IID file formats.
func Parse(r io.Reader) (*SCL, error) {
	var raw xmlSCL
	dec := xml.NewDecoder(r)
	if err := dec.Decode(&raw); err != nil {
		return nil, fmt.Errorf("scl: parse: %w", err)
	}
	return convertSCL(&raw)
}

// ParseFile reads and parses an SCL XML file from the given path.
func ParseFile(path string) (*SCL, error) {
	f, err := os.Open(path)
	if err != nil {
		return nil, fmt.Errorf("scl: open %q: %w", path, err)
	}
	defer func() { _ = f.Close() }()
	return Parse(f)
}

// --- XML mapping types ---

type xmlSCL struct {
	XMLName           xml.Name             `xml:"SCL"`
	Header            xmlHeader            `xml:"Header"`
	Substations       []xmlSubstation      `xml:"Substation"`
	Communication     *xmlCommunication    `xml:"Communication"`
	IEDs              []xmlIED             `xml:"IED"`
	DataTypeTemplates xmlDataTypeTemplates `xml:"DataTypeTemplates"`
}

type xmlHeader struct {
	ID       string `xml:"id,attr"`
	Version  string `xml:"version,attr"`
	Revision string `xml:"revision,attr"`
}

type xmlIED struct {
	Name         string           `xml:"name,attr"`
	Desc         string           `xml:"desc,attr"`
	Manufacturer string           `xml:"manufacturer,attr"`
	Type         string           `xml:"type,attr"`
	Services     *xmlServices     `xml:"Services"`
	AccessPoints []xmlAccessPoint `xml:"AccessPoint"`
}

// --- Substation XML types ---

type xmlSubstation struct {
	Name          string            `xml:"name,attr"`
	Desc          string            `xml:"desc,attr"`
	VoltageLevels []xmlVoltageLevel `xml:"VoltageLevel"`
}

type xmlVoltageLevel struct {
	Name    string   `xml:"name,attr"`
	Desc    string   `xml:"desc,attr"`
	Voltage *xmlVal  `xml:"Voltage"`
	Bays    []xmlBay `xml:"Bay"`
}

type xmlVal struct {
	Value string `xml:",chardata"`
}

type xmlBay struct {
	Name                 string                   `xml:"name,attr"`
	Desc                 string                   `xml:"desc,attr"`
	ConductingEquipments []xmlConductingEquipment `xml:"ConductingEquipment"`
}

type xmlConductingEquipment struct {
	Name string `xml:"name,attr"`
	Type string `xml:"type,attr"`
	Desc string `xml:"desc,attr"`
}

// --- Communication XML types ---

type xmlCommunication struct {
	SubNetworks []xmlSubNetwork `xml:"SubNetwork"`
}

type xmlSubNetwork struct {
	Name         string           `xml:"name,attr"`
	Desc         string           `xml:"desc,attr"`
	Type         string           `xml:"type,attr"`
	ConnectedAPs []xmlConnectedAP `xml:"ConnectedAP"`
}

type xmlConnectedAP struct {
	IEDName string      `xml:"iedName,attr"`
	APName  string      `xml:"apName,attr"`
	Address *xmlAddress `xml:"Address"`
	GSEs    []xmlGSE    `xml:"GSE"`
	SMVs    []xmlSMV    `xml:"SMV"`
}

type xmlAddress struct {
	Ps []xmlP `xml:"P"`
}

type xmlP struct {
	Type  string `xml:"type,attr"`
	Value string `xml:",chardata"`
}

type xmlGSE struct {
	LDInst  string      `xml:"ldInst,attr"`
	CBName  string      `xml:"cbName,attr"`
	Address *xmlAddress `xml:"Address"`
	MinTime *xmlVal     `xml:"MinTime"`
	MaxTime *xmlVal     `xml:"MaxTime"`
}

type xmlSMV struct {
	LDInst  string      `xml:"ldInst,attr"`
	CBName  string      `xml:"cbName,attr"`
	Address *xmlAddress `xml:"Address"`
}

// --- Services XML types ---

type xmlServices struct {
	DynAssociation          *struct{} `xml:"DynAssociation"`
	GetDirectory            *struct{} `xml:"GetDirectory"`
	GetDataObjectDefinition *struct{} `xml:"GetDataObjectDefinition"`
	GetDataSetValue         *struct{} `xml:"GetDataSetValue"`
	DataSetDirectory        *struct{} `xml:"DataSetDirectory"`
	ReadWrite               *struct{} `xml:"ReadWrite"`
	GetCBValues             *struct{} `xml:"GetCBValues"`
	FileHandling            *struct{} `xml:"FileHandling"`

	ConfDataSet    *xmlConfDataSet       `xml:"ConfDataSet"`
	ConfReportCtrl *xmlConfReportControl `xml:"ConfReportControl"`
	ReportSettings *xmlReportSettings    `xml:"ReportSettings"`
	ConfLNs        *xmlConfLNs           `xml:"ConfLNs"`
	GOOSE          *xmlGOOSEService      `xml:"GOOSE"`
	SMVsc          *xmlSMVService        `xml:"SMVsc"`
}

type xmlConfDataSet struct {
	Max           string `xml:"max,attr"`
	MaxAttributes string `xml:"maxAttributes,attr"`
	Modify        string `xml:"modify,attr"`
}

type xmlConfReportControl struct {
	Max     string `xml:"max,attr"`
	BufMode string `xml:"bufMode,attr"`
}

type xmlReportSettings struct {
	CBName    string `xml:"cbName,attr"`
	DatSet    string `xml:"datSet,attr"`
	RptID     string `xml:"rptID,attr"`
	OptFields string `xml:"optFields,attr"`
	BufTime   string `xml:"bufTime,attr"`
	TrgOps    string `xml:"trgOps,attr"`
	IntgPd    string `xml:"intgPd,attr"`
}

type xmlConfLNs struct {
	FixPrefix string `xml:"fixPrefix,attr"`
	FixLnInst string `xml:"fixLnInst,attr"`
}

type xmlGOOSEService struct {
	Max       string `xml:"max,attr"`
	FixedOffs string `xml:"fixedOffs,attr"`
}

type xmlSMVService struct {
	Max string `xml:"max,attr"`
}

type xmlAccessPoint struct {
	Name   string     `xml:"name,attr"`
	Server *xmlServer `xml:"Server"`
}

type xmlServer struct {
	LDevices []xmlLDevice `xml:"LDevice"`
}

type xmlLDevice struct {
	Inst string  `xml:"inst,attr"`
	Desc string  `xml:"desc,attr"`
	LN0  *xmlLN  `xml:"LN0"`
	LNs  []xmlLN `xml:"LN"`
}

type xmlLN struct {
	Prefix  string `xml:"prefix,attr"`
	LNClass string `xml:"lnClass,attr"`
	Inst    string `xml:"inst,attr"`
	LNType  string `xml:"lnType,attr"`
	Desc    string `xml:"desc,attr"`

	DOIs           []xmlDOI           `xml:"DOI"`
	DataSets       []xmlDataSet       `xml:"DataSet"`
	Reports        []xmlReportControl `xml:"ReportControl"`
	Logs           []xmlLog           `xml:"LogControl"`
	SettingControl *xmlSettingControl `xml:"SettingControl"`
}

type xmlSettingControl struct {
	NumOfSGs uint8  `xml:"numOfSGs,attr"`
	ActSG    uint8  `xml:"actSG,attr"`
	ResvTms  uint16 `xml:"resvTms,attr"`
}

type xmlDOI struct {
	Name string   `xml:"name,attr"`
	Desc string   `xml:"desc,attr"`
	DAIs []xmlDAI `xml:"DAI"`
	SDIs []xmlSDI `xml:"SDI"`
}

type xmlSDI struct {
	Name string   `xml:"name,attr"`
	DAIs []xmlDAI `xml:"DAI"`
	SDIs []xmlSDI `xml:"SDI"`
}

type xmlDAI struct {
	Name  string `xml:"name,attr"`
	SAddr string `xml:"sAddr,attr"`
	Val   string `xml:"Val"`
}

type xmlDataSet struct {
	Name  string    `xml:"name,attr"`
	Desc  string    `xml:"desc,attr"`
	FCDAs []xmlFCDA `xml:"FCDA"`
}

type xmlFCDA struct {
	LDInst  string `xml:"ldInst,attr"`
	Prefix  string `xml:"prefix,attr"`
	LNClass string `xml:"lnClass,attr"`
	LNInst  string `xml:"lnInst,attr"`
	DOName  string `xml:"doName,attr"`
	DAName  string `xml:"daName,attr"`
	FC      string `xml:"fc,attr"`
}

type xmlReportControl struct {
	Name      string        `xml:"name,attr"`
	Desc      string        `xml:"desc,attr"`
	RptID     string        `xml:"rptID,attr"`
	DatSet    string        `xml:"datSet,attr"`
	ConfRev   string        `xml:"confRev,attr"`
	Buffered  string        `xml:"buffered,attr"`
	BufTime   string        `xml:"bufTime,attr"`
	IntgPd    string        `xml:"intgPd,attr"`
	TrgOps    *xmlTrgOps    `xml:"TrgOps"`
	OptFields *xmlOptFields `xml:"OptFields"`
}

type xmlTrgOps struct {
	Dchg   string `xml:"dchg,attr"`
	Qchg   string `xml:"qchg,attr"`
	Dupd   string `xml:"dupd,attr"`
	Period string `xml:"period,attr"`
	GI     string `xml:"gi,attr"`
}

type xmlOptFields struct {
	SeqNum     string `xml:"seqNum,attr"`
	TimeStamp  string `xml:"timeStamp,attr"`
	DataSet    string `xml:"dataSet,attr"`
	ReasonCode string `xml:"reasonCode,attr"`
	DataRef    string `xml:"dataRef,attr"`
	EntryID    string `xml:"entryID,attr"`
	ConfigRef  string `xml:"configRef,attr"`
	BufOvfl    string `xml:"bufOvfl,attr"`
}

type xmlLog struct {
	Name string `xml:"name,attr"`
	Desc string `xml:"desc,attr"`
}

type xmlDataTypeTemplates struct {
	LNodeTypes []xmlLNodeType `xml:"LNodeType"`
	DOTypes    []xmlDOType    `xml:"DOType"`
	DATypes    []xmlDAType    `xml:"DAType"`
	EnumTypes  []xmlEnumType  `xml:"EnumType"`
}

type xmlLNodeType struct {
	ID      string  `xml:"id,attr"`
	LNClass string  `xml:"lnClass,attr"`
	Desc    string  `xml:"desc,attr"`
	DOs     []xmlDO `xml:"DO"`
}

type xmlDO struct {
	Name string `xml:"name,attr"`
	Type string `xml:"type,attr"`
	Desc string `xml:"desc,attr"`
}

type xmlDOType struct {
	ID   string   `xml:"id,attr"`
	CDC  string   `xml:"cdc,attr"`
	Desc string   `xml:"desc,attr"`
	DAs  []xmlDA  `xml:"DA"`
	SDOs []xmlSDO `xml:"SDO"`
}

type xmlSDO struct {
	Name string `xml:"name,attr"`
	Type string `xml:"type,attr"`
	Desc string `xml:"desc,attr"`
}

type xmlDA struct {
	Name  string `xml:"name,attr"`
	FC    string `xml:"fc,attr"`
	BType string `xml:"bType,attr"`
	Type  string `xml:"type,attr"`
	Desc  string `xml:"desc,attr"`
	Count string `xml:"count,attr"`
	Val   string `xml:"Val"`
}

type xmlDAType struct {
	ID   string   `xml:"id,attr"`
	Desc string   `xml:"desc,attr"`
	BDAs []xmlBDA `xml:"BDA"`
}

type xmlBDA struct {
	Name  string `xml:"name,attr"`
	BType string `xml:"bType,attr"`
	Type  string `xml:"type,attr"`
	Desc  string `xml:"desc,attr"`
	Count string `xml:"count,attr"`
	Val   string `xml:"Val"`
}

type xmlEnumType struct {
	ID   string       `xml:"id,attr"`
	Desc string       `xml:"desc,attr"`
	Vals []xmlEnumVal `xml:"EnumVal"`
}

type xmlEnumVal struct {
	Ord  string `xml:"ord,attr"`
	Desc string `xml:",chardata"`
}

// parseBool interprets an SCL boolean attribute. It normalises
// case and surrounding whitespace, accepting "true"/"false" (and
// variants such as "True", " TRUE "). An empty string is treated as
// false. Anything else returns an error.
func parseBool(s string) (bool, error) {
	s = strings.TrimSpace(strings.ToLower(s))
	switch s {
	case "true":
		return true, nil
	case "", "false":
		return false, nil
	default:
		return false, fmt.Errorf("scl: invalid boolean value %q", s)
	}
}

// --- Conversion from XML to model ---

func convertSCL(raw *xmlSCL) (*SCL, error) {
	s := &SCL{
		Header: Header{
			ID:       raw.Header.ID,
			Version:  raw.Header.Version,
			Revision: raw.Header.Revision,
		},
	}

	for _, rawSub := range raw.Substations {
		s.Substations = append(s.Substations, convertSubstation(rawSub))
	}

	if raw.Communication != nil {
		s.Communication = convertCommunication(raw.Communication)
	}

	for _, rawIED := range raw.IEDs {
		ied, err := convertIED(rawIED)
		if err != nil {
			return nil, err
		}
		s.IEDs = append(s.IEDs, *ied)
	}

	dtt, err := convertDataTypeTemplates(raw.DataTypeTemplates)
	if err != nil {
		return nil, err
	}
	s.DataTypeTemplates = *dtt

	return s, nil
}

func convertIED(raw xmlIED) (*IED, error) {
	if raw.Name == "" {
		return nil, fmt.Errorf("scl: IED missing required name attribute")
	}
	ied := &IED{
		Name:         raw.Name,
		Desc:         raw.Desc,
		Manufacturer: raw.Manufacturer,
		Type:         raw.Type,
	}

	if raw.Services != nil {
		svc, err := convertServices(raw.Services)
		if err != nil {
			return nil, fmt.Errorf("scl: IED %q Services: %w", raw.Name, err)
		}
		ied.Services = svc
	}

	for _, rawAP := range raw.AccessPoints {
		ap := AccessPoint{Name: rawAP.Name}
		if rawAP.Server != nil {
			srv := &Server{}
			for _, rawLD := range rawAP.Server.LDevices {
				ld, err := convertLDevice(rawLD)
				if err != nil {
					return nil, fmt.Errorf("scl: IED %q LD %q: %w", raw.Name, rawLD.Inst, err)
				}
				srv.LDevices = append(srv.LDevices, *ld)
			}
			ap.Server = srv
		}
		ied.AccessPoints = append(ied.AccessPoints, ap)
	}

	return ied, nil
}

func convertLDevice(raw xmlLDevice) (*LDevice, error) {
	if raw.Inst == "" {
		return nil, fmt.Errorf("scl: LDevice missing required inst attribute")
	}
	ld := &LDevice{
		Inst: raw.Inst,
		Desc: raw.Desc,
	}

	if raw.LN0 != nil {
		ln, err := convertLN(*raw.LN0)
		if err != nil {
			return nil, fmt.Errorf("LN0: %w", err)
		}
		ld.LN0 = ln
	}

	for _, rawLN := range raw.LNs {
		ln, err := convertLN(rawLN)
		if err != nil {
			return nil, fmt.Errorf("LN %s%s%s: %w", rawLN.Prefix, rawLN.LNClass, rawLN.Inst, err)
		}
		ld.LNs = append(ld.LNs, *ln)
	}

	return ld, nil
}

func convertLN(raw xmlLN) (*LN, error) {
	if raw.LNClass == "" {
		return nil, fmt.Errorf("scl: LN missing required lnClass attribute")
	}
	if raw.LNType == "" {
		return nil, fmt.Errorf("scl: LN %s%s missing required lnType attribute", raw.Prefix, raw.LNClass)
	}
	ln := &LN{
		Prefix:  raw.Prefix,
		LNClass: raw.LNClass,
		Inst:    raw.Inst,
		LNType:  raw.LNType,
		Desc:    raw.Desc,
	}

	for _, rawDOI := range raw.DOIs {
		ln.DOIs = append(ln.DOIs, convertDOI(rawDOI))
	}
	for _, rawDS := range raw.DataSets {
		ln.DataSets = append(ln.DataSets, convertDataSet(rawDS))
	}
	for _, rawRC := range raw.Reports {
		rc, err := convertReportControl(rawRC)
		if err != nil {
			return nil, err
		}
		ln.Reports = append(ln.Reports, *rc)
	}
	for _, rawLog := range raw.Logs {
		ln.Logs = append(ln.Logs, Log(rawLog))
	}

	if raw.SettingControl != nil {
		ln.SettingControl = &SettingControl{
			NumOfSGs: raw.SettingControl.NumOfSGs,
			ActSG:    raw.SettingControl.ActSG,
			ResvTms:  raw.SettingControl.ResvTms,
		}
	}

	return ln, nil
}

func convertDOI(raw xmlDOI) DOI {
	doi := DOI{Name: raw.Name, Desc: raw.Desc}
	for _, d := range raw.DAIs {
		doi.DAIs = append(doi.DAIs, DAI(d))
	}
	for _, s := range raw.SDIs {
		doi.SDIs = append(doi.SDIs, convertSDI(s))
	}
	return doi
}

func convertSDI(raw xmlSDI) SDI {
	sdi := SDI{Name: raw.Name}
	for _, d := range raw.DAIs {
		sdi.DAIs = append(sdi.DAIs, DAI(d))
	}
	for _, s := range raw.SDIs {
		sdi.SDIs = append(sdi.SDIs, convertSDI(s))
	}
	return sdi
}

func convertDataSet(raw xmlDataSet) DataSet {
	ds := DataSet{Name: raw.Name, Desc: raw.Desc}
	for _, f := range raw.FCDAs {
		ds.FCDAs = append(ds.FCDAs, FCDA(f))
	}
	return ds
}

func convertReportControl(raw xmlReportControl) (*ReportControl, error) {
	rc := &ReportControl{
		Name:   raw.Name,
		Desc:   raw.Desc,
		RptID:  raw.RptID,
		DatSet: raw.DatSet,
	}

	if raw.ConfRev != "" {
		v, err := strconv.ParseUint(raw.ConfRev, 10, 32)
		if err != nil {
			return nil, fmt.Errorf("scl: ReportControl %q: invalid confRev %q: %w", raw.Name, raw.ConfRev, err)
		}
		rc.ConfRev = uint32(v)
	}

	buffered, err := parseBool(raw.Buffered)
	if err != nil {
		return nil, fmt.Errorf("scl: ReportControl %q: buffered: %w", raw.Name, err)
	}
	rc.Buffered = buffered

	if raw.BufTime != "" {
		v, err := strconv.ParseUint(raw.BufTime, 10, 32)
		if err != nil {
			return nil, fmt.Errorf("scl: ReportControl %q: invalid bufTime %q: %w", raw.Name, raw.BufTime, err)
		}
		rc.BufTime = uint32(v)
	}

	if raw.IntgPd != "" {
		v, err := strconv.ParseUint(raw.IntgPd, 10, 32)
		if err != nil {
			return nil, fmt.Errorf("scl: ReportControl %q: invalid intgPd %q: %w", raw.Name, raw.IntgPd, err)
		}
		rc.IntgPd = uint32(v)
	}

	if raw.TrgOps != nil {
		trgOps, tErr := convertTrgOps(raw.TrgOps, raw.Name)
		if tErr != nil {
			return nil, tErr
		}
		rc.TrgOps = trgOps
	}

	if raw.OptFields != nil {
		opt, oErr := convertOptFields(raw.OptFields, raw.Name)
		if oErr != nil {
			return nil, oErr
		}
		rc.OptFields = opt
	}

	return rc, nil
}

func convertTrgOps(raw *xmlTrgOps, rcName string) (TrgOps, error) {
	fields := []struct {
		name string
		val  string
		dst  *bool
	}{
		{"dchg", raw.Dchg, nil},
		{"qchg", raw.Qchg, nil},
		{"dupd", raw.Dupd, nil},
		{"period", raw.Period, nil},
		{"gi", raw.GI, nil},
	}
	var t TrgOps
	fields[0].dst = &t.Dchg
	fields[1].dst = &t.Qchg
	fields[2].dst = &t.Dupd
	fields[3].dst = &t.Period
	fields[4].dst = &t.GI
	for _, f := range fields {
		v, err := parseBool(f.val)
		if err != nil {
			return TrgOps{}, fmt.Errorf("scl: ReportControl %q TrgOps.%s: %w", rcName, f.name, err)
		}
		*f.dst = v
	}
	return t, nil
}

func convertOptFields(raw *xmlOptFields, rcName string) (OptFields, error) {
	fields := []struct {
		name string
		val  string
		dst  *bool
	}{
		{"seqNum", raw.SeqNum, nil},
		{"timeStamp", raw.TimeStamp, nil},
		{"dataSet", raw.DataSet, nil},
		{"reasonCode", raw.ReasonCode, nil},
		{"dataRef", raw.DataRef, nil},
		{"entryID", raw.EntryID, nil},
		{"configRef", raw.ConfigRef, nil},
		{"bufOvfl", raw.BufOvfl, nil},
	}
	var o OptFields
	fields[0].dst = &o.SeqNum
	fields[1].dst = &o.TimeStamp
	fields[2].dst = &o.DataSet
	fields[3].dst = &o.ReasonCode
	fields[4].dst = &o.DataRef
	fields[5].dst = &o.EntryID
	fields[6].dst = &o.ConfigRef
	fields[7].dst = &o.BufOvfl
	for _, f := range fields {
		v, err := parseBool(f.val)
		if err != nil {
			return OptFields{}, fmt.Errorf("scl: ReportControl %q OptFields.%s: %w", rcName, f.name, err)
		}
		*f.dst = v
	}
	return o, nil
}

func convertDataTypeTemplates(raw xmlDataTypeTemplates) (*DataTypeTemplates, error) {
	dtt := &DataTypeTemplates{}

	for _, rawLNT := range raw.LNodeTypes {
		lnt := LNodeType{
			ID:      rawLNT.ID,
			LNClass: rawLNT.LNClass,
			Desc:    rawLNT.Desc,
		}
		for _, d := range rawLNT.DOs {
			if d.Name == "" {
				return nil, fmt.Errorf("scl: LNodeType %q: DO missing required name attribute", rawLNT.ID)
			}
			if d.Type == "" {
				return nil, fmt.Errorf("scl: LNodeType %q DO %q: missing required type attribute", rawLNT.ID, d.Name)
			}
			lnt.DOs = append(lnt.DOs, DO(d))
		}
		dtt.LNodeTypes = append(dtt.LNodeTypes, lnt)
	}

	for _, rawDOT := range raw.DOTypes {
		dot := DOType{
			ID:   rawDOT.ID,
			CDC:  rawDOT.CDC,
			Desc: rawDOT.Desc,
		}
		for _, d := range rawDOT.DAs {
			da := DA{
				Name:  d.Name,
				FC:    d.FC,
				BType: d.BType,
				Type:  d.Type,
				Desc:  d.Desc,
				Val:   d.Val,
			}
			if d.Count != "" {
				v, err := strconv.Atoi(d.Count)
				if err != nil {
					return nil, fmt.Errorf("scl: DOType %q DA %q: invalid count %q: %w", rawDOT.ID, d.Name, d.Count, err)
				}
				da.Count = v
			}
			dot.DAs = append(dot.DAs, da)
		}
		for _, s := range rawDOT.SDOs {
			dot.SDOs = append(dot.SDOs, SDO(s))
		}
		dtt.DOTypes = append(dtt.DOTypes, dot)
	}

	for _, rawDAT := range raw.DATypes {
		dat := DAType{
			ID:   rawDAT.ID,
			Desc: rawDAT.Desc,
		}
		for _, b := range rawDAT.BDAs {
			bda := BDA{
				Name:  b.Name,
				BType: b.BType,
				Type:  b.Type,
				Desc:  b.Desc,
				Val:   b.Val,
			}
			if b.Count != "" {
				v, err := strconv.Atoi(b.Count)
				if err != nil {
					return nil, fmt.Errorf("scl: DAType %q BDA %q: invalid count %q: %w", rawDAT.ID, b.Name, b.Count, err)
				}
				bda.Count = v
			}
			dat.BDAs = append(dat.BDAs, bda)
		}
		dtt.DATypes = append(dtt.DATypes, dat)
	}

	for _, rawEnum := range raw.EnumTypes {
		et := EnumType{
			ID:   rawEnum.ID,
			Desc: rawEnum.Desc,
		}
		for _, v := range rawEnum.Vals {
			ord := 0
			if v.Ord != "" {
				parsed, err := strconv.Atoi(v.Ord)
				if err != nil {
					return nil, fmt.Errorf("scl: EnumType %q: invalid ord %q: %w", rawEnum.ID, v.Ord, err)
				}
				ord = parsed
			}
			et.Vals = append(et.Vals, EnumVal{Ord: ord, Value: v.Desc})
		}
		dtt.EnumTypes = append(dtt.EnumTypes, et)
	}

	return dtt, nil
}

// --- Substation conversion ---

func convertSubstation(raw xmlSubstation) Substation {
	sub := Substation{Name: raw.Name, Desc: raw.Desc}
	for _, rawVL := range raw.VoltageLevels {
		vl := VoltageLevel{Name: rawVL.Name, Desc: rawVL.Desc}
		if rawVL.Voltage != nil {
			vl.Voltage = strings.TrimSpace(rawVL.Voltage.Value)
		}
		for _, rawBay := range rawVL.Bays {
			bay := Bay{Name: rawBay.Name, Desc: rawBay.Desc}
			for _, rawCE := range rawBay.ConductingEquipments {
				bay.ConductingEquipments = append(bay.ConductingEquipments, ConductingEquipment(rawCE))
			}
			vl.Bays = append(vl.Bays, bay)
		}
		sub.VoltageLevels = append(sub.VoltageLevels, vl)
	}
	return sub
}

// --- Communication conversion ---

func convertCommunication(raw *xmlCommunication) *Communication {
	comm := &Communication{}
	for _, rawSN := range raw.SubNetworks {
		sn := SubNetwork{Name: rawSN.Name, Desc: rawSN.Desc, Type: rawSN.Type}
		for _, rawAP := range rawSN.ConnectedAPs {
			cap := ConnectedAP{IEDName: rawAP.IEDName, APName: rawAP.APName}
			if rawAP.Address != nil {
				cap.Address = convertPs(rawAP.Address.Ps)
			}
			for _, rawGSE := range rawAP.GSEs {
				gse := GSEAddress{LDInst: rawGSE.LDInst, CBName: rawGSE.CBName}
				if rawGSE.Address != nil {
					gse.Address = convertPs(rawGSE.Address.Ps)
				}
				if rawGSE.MinTime != nil {
					gse.MinTime = strings.TrimSpace(rawGSE.MinTime.Value)
				}
				if rawGSE.MaxTime != nil {
					gse.MaxTime = strings.TrimSpace(rawGSE.MaxTime.Value)
				}
				cap.GSEs = append(cap.GSEs, gse)
			}
			for _, rawSMV := range rawAP.SMVs {
				smv := SMVAddress{LDInst: rawSMV.LDInst, CBName: rawSMV.CBName}
				if rawSMV.Address != nil {
					smv.Address = convertPs(rawSMV.Address.Ps)
				}
				cap.SMVs = append(cap.SMVs, smv)
			}
			sn.ConnectedAPs = append(sn.ConnectedAPs, cap)
		}
		comm.SubNetworks = append(comm.SubNetworks, sn)
	}
	return comm
}

func convertPs(raw []xmlP) []P {
	ps := make([]P, len(raw))
	for i, p := range raw {
		ps[i] = P{Type: p.Type, Value: strings.TrimSpace(p.Value)}
	}
	return ps
}

// --- Services conversion ---

func convertServices(raw *xmlServices) (*Services, error) {
	svc := &Services{
		DynAssociation:          raw.DynAssociation != nil,
		GetDirectory:            raw.GetDirectory != nil,
		GetDataObjectDefinition: raw.GetDataObjectDefinition != nil,
		GetDataSetValue:         raw.GetDataSetValue != nil,
		DataSetDirectory:        raw.DataSetDirectory != nil,
		ReadWrite:               raw.ReadWrite != nil,
		GetCBValues:             raw.GetCBValues != nil,
		FileHandling:            raw.FileHandling != nil,
	}

	if raw.ConfDataSet != nil {
		cds := &ConfDataSet{}
		if raw.ConfDataSet.Max != "" {
			v, err := strconv.Atoi(raw.ConfDataSet.Max)
			if err != nil {
				return nil, fmt.Errorf("ConfDataSet max: %w", err)
			}
			cds.Max = v
		}
		if raw.ConfDataSet.MaxAttributes != "" {
			v, err := strconv.Atoi(raw.ConfDataSet.MaxAttributes)
			if err != nil {
				return nil, fmt.Errorf("ConfDataSet maxAttributes: %w", err)
			}
			cds.MaxAttributes = v
		}
		if raw.ConfDataSet.Modify != "" {
			b, err := parseBool(raw.ConfDataSet.Modify)
			if err != nil {
				return nil, fmt.Errorf("ConfDataSet modify: %w", err)
			}
			cds.Modify = b
		}
		svc.ConfDataSet = cds
	}

	if raw.ConfReportCtrl != nil {
		crc := &ConfReportControl{BufMode: raw.ConfReportCtrl.BufMode}
		if raw.ConfReportCtrl.Max != "" {
			v, err := strconv.Atoi(raw.ConfReportCtrl.Max)
			if err != nil {
				return nil, fmt.Errorf("ConfReportControl max: %w", err)
			}
			crc.Max = v
		}
		svc.ConfReportCtrl = crc
	}

	if raw.ReportSettings != nil {
		svc.ReportSettings = &ReportSettings{
			CBName:    raw.ReportSettings.CBName,
			DatSet:    raw.ReportSettings.DatSet,
			RptID:     raw.ReportSettings.RptID,
			OptFields: raw.ReportSettings.OptFields,
			BufTime:   raw.ReportSettings.BufTime,
			TrgOps:    raw.ReportSettings.TrgOps,
			IntgPd:    raw.ReportSettings.IntgPd,
		}
	}

	if raw.ConfLNs != nil {
		clns := &ConfLNs{}
		if raw.ConfLNs.FixPrefix != "" {
			b, err := parseBool(raw.ConfLNs.FixPrefix)
			if err != nil {
				return nil, fmt.Errorf("ConfLNs fixPrefix: %w", err)
			}
			clns.FixPrefix = b
		}
		if raw.ConfLNs.FixLnInst != "" {
			b, err := parseBool(raw.ConfLNs.FixLnInst)
			if err != nil {
				return nil, fmt.Errorf("ConfLNs fixLnInst: %w", err)
			}
			clns.FixLnInst = b
		}
		svc.ConfLNs = clns
	}

	if raw.GOOSE != nil {
		gs := &GOOSEService{}
		if raw.GOOSE.Max != "" {
			v, err := strconv.Atoi(raw.GOOSE.Max)
			if err != nil {
				return nil, fmt.Errorf("GOOSE max: %w", err)
			}
			gs.Max = v
		}
		if raw.GOOSE.FixedOffs != "" {
			b, err := parseBool(raw.GOOSE.FixedOffs)
			if err != nil {
				return nil, fmt.Errorf("GOOSE fixedOffs: %w", err)
			}
			gs.FixedOffs = b
		}
		svc.GOOSE = gs
	}

	if raw.SMVsc != nil {
		ss := &SMVService{}
		if raw.SMVsc.Max != "" {
			v, err := strconv.Atoi(raw.SMVsc.Max)
			if err != nil {
				return nil, fmt.Errorf("SMVsc max: %w", err)
			}
			ss.Max = v
		}
		svc.SMVsc = ss
	}

	return svc, nil
}

=== END ./scl/parse.go ===
=== START ./scl/validate.go ===
package scl

import "fmt"

// ValidationSeverity indicates the severity of a validation finding.
type ValidationSeverity int

const (
	// SeverityError indicates an error that likely prevents correct
	// operation.
	SeverityError ValidationSeverity = iota

	// SeverityWarning indicates a potential issue that may not
	// prevent operation.
	SeverityWarning
)

// String returns "error" or "warning".
func (s ValidationSeverity) String() string {
	if s == SeverityWarning {
		return "warning"
	}
	return "error"
}

// ValidationFinding represents a single validation issue found in
// an SCL model.
type ValidationFinding struct {
	Severity ValidationSeverity
	Path     string
	Message  string
}

// Error implements the error interface.
func (f ValidationFinding) Error() string {
	return fmt.Sprintf("[%s] %s: %s", f.Severity, f.Path, f.Message)
}

// Validate performs semantic validation on an SCL model beyond basic
// parsing. It checks cross-references, type chains, and logical
// consistency.
//
// Returns a (possibly empty) list of findings. The list is not
// exhaustive — validation stops checking dependent chains when a
// root reference is missing.
func Validate(s *SCL) []ValidationFinding {
	v := &validator{
		lntIndex:  make(map[string]bool),
		dotIndex:  make(map[string]bool),
		datIndex:  make(map[string]bool),
		enumIndex: make(map[string]bool),
	}

	v.buildIndexes(s)
	v.validateTypeTemplates(s)
	v.validateIEDs(s)
	v.validateCommunication(s)

	return v.findings
}

type validator struct {
	findings  []ValidationFinding
	lntIndex  map[string]bool
	dotIndex  map[string]bool
	datIndex  map[string]bool
	enumIndex map[string]bool
}

func (v *validator) buildIndexes(s *SCL) {
	for _, lnt := range s.DataTypeTemplates.LNodeTypes {
		if v.lntIndex[lnt.ID] {
			v.addError("LNodeType", fmt.Sprintf("duplicate ID %q", lnt.ID))
		}
		v.lntIndex[lnt.ID] = true
	}
	for _, dot := range s.DataTypeTemplates.DOTypes {
		if v.dotIndex[dot.ID] {
			v.addError("DOType", fmt.Sprintf("duplicate ID %q", dot.ID))
		}
		v.dotIndex[dot.ID] = true
	}
	for _, dat := range s.DataTypeTemplates.DATypes {
		if v.datIndex[dat.ID] {
			v.addError("DAType", fmt.Sprintf("duplicate ID %q", dat.ID))
		}
		v.datIndex[dat.ID] = true
	}
	for _, et := range s.DataTypeTemplates.EnumTypes {
		if v.enumIndex[et.ID] {
			v.addError("EnumType", fmt.Sprintf("duplicate ID %q", et.ID))
		}
		v.enumIndex[et.ID] = true
	}

	iedNames := make(map[string]bool)
	for _, ied := range s.IEDs {
		if iedNames[ied.Name] {
			v.addError("IED", fmt.Sprintf("duplicate name %q", ied.Name))
		}
		iedNames[ied.Name] = true
	}
}

func (v *validator) addError(path, msg string) {
	v.findings = append(v.findings, ValidationFinding{
		Severity: SeverityError, Path: path, Message: msg,
	})
}

func (v *validator) addWarning(path, msg string) {
	v.findings = append(v.findings, ValidationFinding{
		Severity: SeverityWarning, Path: path, Message: msg,
	})
}

func (v *validator) validateTypeTemplates(s *SCL) {
	for _, lnt := range s.DataTypeTemplates.LNodeTypes {
		path := fmt.Sprintf("LNodeType[%s]", lnt.ID)
		for _, do := range lnt.DOs {
			if !v.dotIndex[do.Type] {
				v.addError(path+".DO["+do.Name+"]",
					fmt.Sprintf("references DOType %q which does not exist", do.Type))
			}
		}
	}

	for _, dot := range s.DataTypeTemplates.DOTypes {
		path := fmt.Sprintf("DOType[%s]", dot.ID)
		for _, da := range dot.DAs {
			v.validateDATypeRef(path+".DA["+da.Name+"]", da.BType, da.Type)
		}
		for _, sdo := range dot.SDOs {
			if !v.dotIndex[sdo.Type] {
				v.addError(path+".SDO["+sdo.Name+"]",
					fmt.Sprintf("references DOType %q which does not exist", sdo.Type))
			}
		}
	}

	for _, dat := range s.DataTypeTemplates.DATypes {
		path := fmt.Sprintf("DAType[%s]", dat.ID)
		for _, bda := range dat.BDAs {
			v.validateDATypeRef(path+".BDA["+bda.Name+"]", bda.BType, bda.Type)
		}
	}
}

func (v *validator) validateDATypeRef(path, bType, typRef string) {
	if typRef == "" {
		return
	}
	switch bType {
	case "Struct":
		if !v.datIndex[typRef] {
			v.addError(path, fmt.Sprintf("references DAType %q which does not exist", typRef))
		}
	case "Enum":
		if !v.enumIndex[typRef] {
			v.addError(path, fmt.Sprintf("references EnumType %q which does not exist", typRef))
		}
	}
}

func (v *validator) validateIEDs(s *SCL) {
	for _, ied := range s.IEDs {
		iedPath := fmt.Sprintf("IED[%s]", ied.Name)

		apNames := make(map[string]bool)
		for _, ap := range ied.AccessPoints {
			if apNames[ap.Name] {
				v.addError(iedPath, fmt.Sprintf("duplicate AccessPoint name %q", ap.Name))
			}
			apNames[ap.Name] = true
		}

		ldInsts := make(map[string]bool)
		for _, ap := range ied.AccessPoints {
			if ap.Server == nil {
				continue
			}
			for _, ld := range ap.Server.LDevices {
				if ldInsts[ld.Inst] {
					v.addError(iedPath, fmt.Sprintf("duplicate LDevice instance %q", ld.Inst))
				}
				ldInsts[ld.Inst] = true

				ldPath := iedPath + "/LD[" + ld.Inst + "]"
				if ld.LN0 != nil {
					v.validateLN(ldPath, *ld.LN0)
				}
				for _, ln := range ld.LNs {
					v.validateLN(ldPath, ln)
				}
			}
		}
	}
}

func (v *validator) validateLN(ldPath string, ln LN) {
	lnName := ln.Prefix + ln.LNClass + ln.Inst
	lnPath := ldPath + "/LN[" + lnName + "]"

	if !v.lntIndex[ln.LNType] {
		v.addError(lnPath, fmt.Sprintf("references LNodeType %q which does not exist", ln.LNType))
	}

	dsNames := make(map[string]bool)
	for _, ds := range ln.DataSets {
		dsNames[ds.Name] = true
	}

	for _, rc := range ln.Reports {
		if rc.DatSet != "" && !dsNames[rc.DatSet] {
			v.addError(lnPath+"/RC["+rc.Name+"]",
				fmt.Sprintf("references datSet %q which is not defined in this LN (cross-LN dataset references are not supported by the server model)", rc.DatSet))
		}
	}
}

func (v *validator) validateCommunication(s *SCL) {
	if s.Communication == nil {
		return
	}

	// Build IED → AP → LD index for cross-checking
	type iedInfo struct {
		aps map[string]bool
		lds map[string]bool
	}
	iedIndex := make(map[string]*iedInfo)
	for _, ied := range s.IEDs {
		info := &iedInfo{
			aps: make(map[string]bool),
			lds: make(map[string]bool),
		}
		for _, ap := range ied.AccessPoints {
			info.aps[ap.Name] = true
			if ap.Server != nil {
				for _, ld := range ap.Server.LDevices {
					info.lds[ld.Inst] = true
				}
			}
		}
		iedIndex[ied.Name] = info
	}

	for _, sn := range s.Communication.SubNetworks {
		snPath := fmt.Sprintf("SubNetwork[%s]", sn.Name)
		for _, cap := range sn.ConnectedAPs {
			capPath := snPath + "/ConnectedAP[" + cap.IEDName + "/" + cap.APName + "]"
			info, iedExists := iedIndex[cap.IEDName]
			if !iedExists {
				v.addError(capPath, fmt.Sprintf("references IED %q which does not exist", cap.IEDName))
				continue
			}
			if !info.aps[cap.APName] {
				v.addError(capPath, fmt.Sprintf("references AccessPoint %q which does not exist in IED %q",
					cap.APName, cap.IEDName))
			}

			for _, gse := range cap.GSEs {
				gsePath := capPath + "/GSE[" + gse.CBName + "]"
				if gse.LDInst != "" && !info.lds[gse.LDInst] {
					v.addWarning(gsePath, fmt.Sprintf(
						"references LDevice %q which does not exist in IED %q", gse.LDInst, cap.IEDName))
				}
			}
			for _, smv := range cap.SMVs {
				smvPath := capPath + "/SMV[" + smv.CBName + "]"
				if smv.LDInst != "" && !info.lds[smv.LDInst] {
					v.addWarning(smvPath, fmt.Sprintf(
						"references LDevice %q which does not exist in IED %q", smv.LDInst, cap.IEDName))
				}
			}
		}
	}
}

=== END ./scl/validate.go ===
=== START ./server.go ===
package iec61850

import (
	"context"
	"errors"
	"fmt"
	"log/slog"
	"strings"
	"sync"
	"time"

	"github.com/otfabric/go-mms"

	"github.com/otfabric/go-iec61850/internal/servermodel"
	"github.com/otfabric/go-iec61850/scl"
)

// Server is an IEC 61850 MMS server built from an SCL data model.
//
// # Stability
//
// The server API is experimental but functional. It supports variable
// registration, control operations (select/operate/cancel), runtime
// report delivery (data-change, quality-change, integrity, GI
// triggers), setting groups (active/edit selection, confirmation,
// handler callbacks), and journal services (runtime log entry
// generation with in-memory storage). Breaking changes are possible
// in future releases.
//
// # Known limitations
//
//   - SCL array/count attributes are parsed but not expanded during
//     server model registration. DA elements with count > 1 are
//     registered as scalar variables.
//   - Enum BTypes are mapped to generic integers (INT8) without
//     stronger enum-type semantics.
//   - Dataset and report cross-references are validated only within
//     the same logical node. Cross-LN dataset references are not
//     supported.
//   - Runtime report engine sends URCBs to the enabling connection
//     and broadcasts BRCBs to all connections. Multi-client URCB
//     arbitration and segmented report generation are not yet
//     implemented.
//   - BRCB buffering is in-memory with configurable depth. There is
//     no persistent buffer storage or replay-on-reconnect.
//   - Control handlers support SBO ownership enforcement and
//     enhanced-security ctlNum verification, but interlocking,
//     synchrocheck, and command termination are application
//     responsibility via callbacks.
//
// # Architecture
//
// The Server wraps a [mms.Server] and populates its variable registry
// from an IEC 61850 data model derived from an SCL file. Data
// attribute values are stored in a thread-safe [ValueStore] that backs
// the MMS read/write callbacks. Call [Server.Close] for orderly
// shutdown of runtime engines when the server is no longer needed.
type Server struct {
	logger *slog.Logger
	model  *servermodel.Model
	store  *servermodel.ValueStore
	mms    *mms.Server

	controlMu sync.RWMutex
	controls  map[string]*controlRegistration

	reportEngine       *ReportEngine
	sgEngine           *SettingGroupEngine
	journalEngine      *JournalEngine
	mmsJournalProvider *MemoryJournalProvider

	hasFileProvider bool
	hasIdentity     bool
	onConnect       func(ConnectionEvent)
	onDisconnect    func(ConnectionEvent)
}

// ServerOptions configures the IEC 61850 server.
type ServerOptions struct {
	// Logger, when non-nil, enables structured logging.
	Logger *slog.Logger

	// Identity, when non-nil, registers the MMS Identify handler so
	// that clients can query vendor/model/revision. Without this,
	// Identify requests are rejected with service-unsupported.
	Identity *ServerIdentity

	// FileProvider, when non-nil, enables MMS file services
	// (FileOpen, FileRead, FileClose, FileDelete, FileDirectory).
	// This is a convenience field; it is equivalent to setting
	// MMS.FileProvider.
	FileProvider mms.FileProvider

	// Authenticate, when non-nil, is called during association
	// establishment to accept or reject peers. This is a convenience
	// field; it is equivalent to setting MMS.Authenticate.
	Authenticate mms.Authenticator

	// OnConnect, when non-nil, is called when a new transport
	// connection is accepted, before the MMS association handshake.
	// This fires even if the association subsequently fails.
	OnConnect func(ConnectionEvent)

	// OnDisconnect, when non-nil, is called when a transport
	// connection's [Server.Serve] call returns (the connection is
	// fully closed regardless of how it ended).
	OnDisconnect func(ConnectionEvent)

	// MMS holds the underlying MMS server options. Fields set here
	// take precedence over convenience fields above (FileProvider,
	// Authenticate) when both are set.
	MMS mms.ServerOptions
}

// NewServer creates an IEC 61850 server from the given data model.
//
// The model is typically built via [NewServerModelFromSCL]. After
// construction, call [Server.Serve] or [Server.ListenAndServe] to
// accept client connections.
func NewServer(model *servermodel.Model, opts ServerOptions) (*Server, error) {
	if model == nil {
		return nil, fmt.Errorf("iec61850: nil server model")
	}

	if errs := model.Validate(); len(errs) > 0 {
		return nil, fmt.Errorf("iec61850: model validation failed (%d errors): %w", len(errs), errors.Join(errs...))
	}

	logger := opts.Logger
	if logger == nil {
		logger = slog.New(discardHandler{})
	}

	mmsOpts := opts.MMS
	if mmsOpts.Logger == nil {
		mmsOpts.Logger = logger
	}

	if opts.FileProvider != nil && mmsOpts.FileProvider == nil {
		mmsOpts.FileProvider = opts.FileProvider
	}
	if opts.Authenticate != nil && mmsOpts.Authenticate == nil {
		mmsOpts.Authenticate = opts.Authenticate
	}

	var mjp *MemoryJournalProvider
	if jp, ok := mmsOpts.JournalProvider.(*MemoryJournalProvider); ok {
		mjp = jp
	} else if mmsOpts.JournalProvider == nil && modelHasLogs(model) {
		mjp = NewMemoryJournalProvider()
		mmsOpts.JournalProvider = mjp
	}

	mmsSrv := mms.NewServer(mmsOpts)

	vs, err := servermodel.RegisterModel(mmsSrv, model, nil)
	if err != nil {
		return nil, fmt.Errorf("iec61850: register model: %w", err)
	}

	s := &Server{
		logger:             logger,
		model:              model,
		store:              vs,
		mms:                mmsSrv,
		controls:           make(map[string]*controlRegistration),
		mmsJournalProvider: mjp,
		hasFileProvider:    mmsOpts.FileProvider != nil,
		onConnect:          opts.OnConnect,
		onDisconnect:       opts.OnDisconnect,
	}

	if opts.Identity != nil {
		s.HandleIdentify(*opts.Identity)
	}
	s.HandleStatus()

	logger.Info("iec61850: server created",
		"logical_devices", len(model.LogicalDevices))

	return s, nil
}

// Model returns the server's data model. The returned pointer is
// shared with the server internals. The caller must not modify the
// model after server creation — doing so may corrupt the MMS
// variable registry and cause undefined runtime behaviour.
func (s *Server) Model() *servermodel.Model {
	return s.model
}

// ValueStore returns the server's value store for direct value
// manipulation (e.g., updating data attribute values from process
// inputs).
//
// When reports are enabled, prefer [Server.SetValue] which
// automatically triggers change-detection and report generation.
func (s *Server) ValueStore() *servermodel.ValueStore {
	return s.store
}

// SetValue updates a data attribute value in the store and notifies
// the report engine (if enabled) of the change. The storeKey follows
// the format "ldName/itemID" (see [servermodel.StoreKey]).
//
// This is the primary way to inject process values into a running
// server and have them trigger reports automatically.
func (s *Server) SetValue(ctx context.Context, storeKey string, val *mms.Value) {
	s.store.Set(storeKey, val)
	if s.reportEngine != nil {
		s.reportEngine.NotifyValueChanged(ctx, storeKey)
	}
	if s.journalEngine != nil {
		s.journalEngine.LogValueWrite(ctx, storeKey, time.Now())
	}
}

// ReportEngine returns the report engine, or nil if reports have not
// been enabled via [Server.EnableReports].
func (s *Server) ReportEngine() *ReportEngine {
	return s.reportEngine
}

// installWriteInterceptor sets up the ValueStore write interceptor
// that dispatches RCB and SGCB subfield writes to their respective
// runtime engines. This must be called whenever an engine is
// enabled or updated.
//
// No recursion hazard: the interceptor is only triggered by MMS
// client Write callbacks (registered during model registration),
// not by [ValueStore.Set]. When the runtime engines call
// store.Set internally (e.g. syncSGCBToStore, report SqNum updates),
// those writes bypass the interceptor and go directly to the store.
func (s *Server) installWriteInterceptor() {
	s.store.SetWriteInterceptor(func(ctx context.Context, storeKey string, val *mms.Value) (bool, error) {
		parts := strings.SplitN(storeKey, "/", 2)
		if len(parts) != 2 {
			return false, nil
		}
		ldName := parts[0]
		itemID := parts[1]

		if s.reportEngine != nil {
			if rcbItemID, subfield, ok := parseRCBStoreKey(itemID); ok {
				err := s.reportEngine.HandleRCBWrite(ctx, ldName, rcbItemID, subfield, val)
				return true, err
			}
		}

		if s.sgEngine != nil {
			if subfield, ok := parseSGCBStoreKey(itemID); ok {
				err := s.sgEngine.HandleSGCBWrite(ctx, ldName, subfield, val)
				return true, err
			}
		}

		return false, nil
	})
}

// parseRCBStoreKey checks if an MMS item ID is an RCB subfield write.
// RCB item IDs follow the pattern "LNName$RP$rcbName$subfield" or
// "LNName$BR$rcbName$subfield".
//
// This is a heuristic string parser that relies on the $RP$ / $BR$
// convention used by [servermodel.RegisterModel]. It works for all
// standard IEC 61850 RCB naming but would need updating if a
// non-standard naming scheme were used. A structural approach using
// a set of registered RCB names would be more robust but is not
// necessary while the naming convention is controlled internally.
func parseRCBStoreKey(itemID string) (rcbItemID, subfield string, ok bool) {
	i := strings.Index(itemID, "$RP$")
	if i < 0 {
		i = strings.Index(itemID, "$BR$")
	}
	if i < 0 {
		return "", "", false
	}

	afterPrefix := itemID[i+4:]
	j := strings.Index(afterPrefix, "$")
	if j < 0 {
		return "", "", false
	}

	rcbItemID = itemID[:i+4+j]
	subfield = afterPrefix[j+1:]
	return rcbItemID, subfield, true
}

// parseSGCBStoreKey checks if an MMS item ID is an SGCB subfield
// write. SGCB item IDs follow the pattern "LNName$SP$SGCB$subfield".
func parseSGCBStoreKey(itemID string) (subfield string, ok bool) {
	const sgcbMarker = "$SP$SGCB$"
	i := strings.Index(itemID, sgcbMarker)
	if i < 0 {
		return "", false
	}
	return itemID[i+len(sgcbMarker):], true
}

// Close performs an orderly shutdown of the server's runtime engines.
// It stops the report engine (integrity timers, delivery goroutines)
// and clears references to the journal and setting group engines.
// Close is idempotent and safe to call multiple times.
//
// Note: Close does not close the underlying MMS server or any active
// connections. Use context cancellation to stop [Server.Serve] or
// [Server.ListenAndServe]. The journal and setting group engines are
// stateless (no background goroutines), so they only need reference
// clearing for garbage collection.
func (s *Server) Close() {
	if s.reportEngine != nil {
		s.reportEngine.Stop()
	}
	s.journalEngine = nil
	s.sgEngine = nil
	s.logger.Info("iec61850: server closed")
}

// MMS returns the underlying MMS server for advanced configuration
// (e.g., registering Identify/Status handlers or a FileProvider).
func (s *Server) MMS() *mms.Server {
	return s.mms
}

// Serve handles a single MMS transport connection. This blocks until
// the connection is closed or the context is cancelled.
//
// If [ServerOptions.OnConnect] or [ServerOptions.OnDisconnect] are
// configured, OnConnect is called when the transport is accepted
// (before the MMS association handshake completes), and OnDisconnect
// is called when the Serve call returns (after the connection is
// fully closed). This means OnConnect fires even if the association
// subsequently fails during authentication or handshake.
func (s *Server) Serve(ctx context.Context, conn mms.Transport) error {
	if s.onConnect != nil {
		s.onConnect(ConnectionEvent{})
	}
	err := s.mms.Serve(ctx, conn)
	if s.onDisconnect != nil {
		s.onDisconnect(ConnectionEvent{})
	}
	return err
}

// ListenAndServe accepts connections on the given listener and serves
// each in a new goroutine. This blocks until the context is cancelled
// or the listener is closed.
//
// Each accepted connection is handled by [Server.Serve] in its own
// goroutine, which ensures that connection lifecycle hooks are invoked.
func (s *Server) ListenAndServe(ctx context.Context, ln mms.TransportListener) error {
	if s.onConnect == nil && s.onDisconnect == nil {
		return s.mms.ListenAndServe(ctx, ln)
	}
	return s.listenAndServeWithHooks(ctx, ln)
}

// listenAndServeWithHooks implements a custom accept loop that routes
// through [Server.Serve] so connection hooks are invoked.
func (s *Server) listenAndServeWithHooks(ctx context.Context, ln mms.TransportListener) error {
	defer func() { _ = ln.Close() }()

	for {
		transport, err := ln.Accept(ctx)
		if err != nil {
			if ctx.Err() != nil {
				return ctx.Err()
			}
			s.logger.Error("iec61850: accept error", "error", err)
			return err
		}
		go func() {
			defer func() { _ = transport.Close() }()
			if serveErr := s.Serve(ctx, transport); serveErr != nil {
				s.logger.Debug("iec61850: connection closed", "error", serveErr)
			}
		}()
	}
}

// NewServerModelFromSCL builds a server data model from an SCL
// configuration. The iedName selects the IED; apName selects the
// AccessPoint (empty uses the first AccessPoint with a Server).
//
// This is a convenience wrapper around [servermodel.FromSCL].
func NewServerModelFromSCL(s *scl.SCL, iedName, apName string) (*servermodel.Model, error) {
	return servermodel.FromSCL(s, iedName, apName)
}

=== END ./server.go ===
=== START ./server_services.go ===
package iec61850

import (
	"context"

	"github.com/otfabric/go-mms"
)

// ServerIdentity describes the IEC 61850 server identity returned
// by the MMS Identify service. Setting this on [ServerOptions]
// automatically registers an Identify handler on the MMS server.
type ServerIdentity struct {
	// Vendor is the vendor/manufacturer name (e.g. "OTFabric").
	Vendor string

	// Model is the device model or product name.
	Model string

	// Revision is the firmware or software revision string.
	Revision string
}

// ConnectionEvent is passed to [ServerOptions.OnConnect] and
// [ServerOptions.OnDisconnect] callbacks.
//
// The event currently provides no connection-specific context because
// the underlying MMS layer does not expose the [mms.ServerConn] at
// the transport-accept boundary. Future versions may add a connection
// identifier or authentication token when the MMS API supports it.
type ConnectionEvent struct{}

// ServiceCapabilities reports which IEC 61850 server-side services
// are active on this server instance.
type ServiceCapabilities struct {
	// Variables is always true (the server always registers variables).
	Variables bool

	// DataSets is true when the model contains dataset definitions.
	DataSets bool

	// Reports is true when [Server.EnableReports] has been called.
	Reports bool

	// Controls is true when at least one control has been registered
	// via [Server.RegisterControl].
	Controls bool

	// SettingGroups is true when [Server.EnableSettingGroups] has been
	// called.
	SettingGroups bool

	// Journals is true when [Server.EnableJournals] has been called.
	Journals bool

	// Files is true when a [mms.FileProvider] was configured.
	Files bool

	// Identify is true when server identity was configured.
	Identify bool
}

// Capabilities returns a snapshot of which IEC 61850 services are
// currently active on this server. This is useful for diagnostics
// and for verifying that all expected services have been enabled
// before starting to accept connections.
func (s *Server) Capabilities() ServiceCapabilities {
	hasDataSets := false
	for i := range s.model.LogicalDevices {
		for j := range s.model.LogicalDevices[i].LogicalNodes {
			if len(s.model.LogicalDevices[i].LogicalNodes[j].DataSets) > 0 {
				hasDataSets = true
				break
			}
		}
		if hasDataSets {
			break
		}
	}

	s.controlMu.RLock()
	hasControls := len(s.controls) > 0
	s.controlMu.RUnlock()

	return ServiceCapabilities{
		Variables:     true,
		DataSets:      hasDataSets,
		Reports:       s.reportEngine != nil,
		Controls:      hasControls,
		SettingGroups: s.sgEngine != nil,
		Journals:      s.journalEngine != nil,
		Files:         s.hasFileProvider,
		Identify:      s.hasIdentity,
	}
}

// HandleIdentify registers the MMS Identify handler using the given
// identity. This is called automatically by [NewServer] when
// [ServerOptions.Identity] is set.
func (s *Server) HandleIdentify(id ServerIdentity) {
	s.hasIdentity = true
	s.mms.HandleIdentify(func(_ context.Context, _ mms.IdentifyRequest) (*mms.ServerIdentity, error) {
		return &mms.ServerIdentity{
			Vendor:   id.Vendor,
			Model:    id.Model,
			Revision: id.Revision,
		}, nil
	})
}

// HandleStatus registers a static MMS Status response. The server
// always reports operational status.
func (s *Server) HandleStatus() {
	s.mms.HandleStatus(func(_ context.Context, _ mms.StatusRequest) (*mms.ServerStatus, error) {
		return &mms.ServerStatus{
			Logical:  mms.VMDLogicalStatusStateChangesAllowed,
			Physical: mms.VMDPhysicalStatusOperational,
		}, nil
	})
}

// String returns a human-readable summary of enabled services,
// useful for diagnostics and startup logging.
func (c ServiceCapabilities) String() string {
	var services []string
	if c.Variables {
		services = append(services, "variables")
	}
	if c.DataSets {
		services = append(services, "datasets")
	}
	if c.Reports {
		services = append(services, "reports")
	}
	if c.Controls {
		services = append(services, "controls")
	}
	if c.SettingGroups {
		services = append(services, "setting-groups")
	}
	if c.Journals {
		services = append(services, "journals")
	}
	if c.Files {
		services = append(services, "files")
	}
	if c.Identify {
		services = append(services, "identify")
	}
	if len(services) == 0 {
		return "ServiceCapabilities(none)"
	}
	result := "ServiceCapabilities("
	for i, svc := range services {
		if i > 0 {
			result += ", "
		}
		result += svc
	}
	result += ")"
	return result
}

=== END ./server_services.go ===
=== START ./setting_groups.go ===
package iec61850

import (
	"context"
	"fmt"

	"github.com/otfabric/go-mms"
)

// SettingGroupInfo holds the state of a Setting Group Control Block
// (SGCB) as defined in IEC 61850-7-2 §16.
//
// The SGCB is a special control block under LLN0 at FC=SP that
// governs multiple setting groups. Each setting group provides a
// complete set of SE-constrained data attribute values; one group
// is "active" (read by clients via FC=SG) and one may be under
// edit (written via FC=SE).
//
// # MMS mapping
//
// The SGCB is mapped to MMS as "LLN0$SP$SGCB" with the following
// structure members in order:
//
//	[0] NumOfSGs   (Unsigned8)  — total number of setting groups
//	[1] ActSG      (Unsigned8)  — currently active setting group
//	[2] EditSG     (Unsigned8)  — currently selected edit group (0 = none)
//	[3] CnfEdit    (BOOLEAN)    — confirm-edit flag
//	[4] LActTm     (UTCTime)    — last activation timestamp
//	[5] ResvTms    (Unsigned16) — reservation timeout in seconds (optional)
type SettingGroupInfo struct {
	// NumOfSGs is the total number of setting groups (1-based).
	NumOfSGs uint8

	// ActSG is the currently active setting group number (1-based).
	ActSG uint8

	// EditSG is the group currently selected for editing (0 = none).
	EditSG uint8

	// CnfEdit is true when the server has confirmed the edit.
	CnfEdit bool

	// ResvTms is the reservation timeout in seconds (0 = no timeout).
	// This field is optional; not all servers expose it.
	ResvTms uint16
}

// sgcbItemID is the MMS item ID for the SGCB under LLN0.
const sgcbItemID = "LLN0$SP$SGCB"

// GetSettingGroupInfo reads the Setting Group Control Block (SGCB)
// from the given logical device and returns the current state.
//
// The SGCB is located at LLN0$SP$SGCB in every LD that supports
// setting groups. Returns an error if the SGCB cannot be read or
// decoded.
func (c *Client) GetSettingGroupInfo(ctx context.Context, ld string) (*SettingGroupInfo, error) {
	if err := c.checkOpen(); err != nil {
		return nil, err
	}
	if ld == "" {
		return nil, fmt.Errorf("iec61850: get SGCB: %w: empty logical device name", ErrInvalidArgument)
	}

	result, err := c.mmsClient.Read(ctx, mms.ReadRequest{
		DomainID: mms.DomainID(ld),
		ItemID:   mms.ItemID(sgcbItemID),
	})
	if err != nil {
		return nil, fmt.Errorf("iec61850: get SGCB %s: %w", ld, err)
	}
	if result == nil || result.Value == nil {
		return nil, fmt.Errorf("iec61850: get SGCB %s: empty response", ld)
	}

	return decodeSGCB(result.Value)
}

// decodeSGCB decodes the MMS structure into a SettingGroupInfo.
func decodeSGCB(v *mms.Value) (*SettingGroupInfo, error) {
	members, ok := v.Structure()
	if !ok || len(members) < 5 {
		return nil, fmt.Errorf("iec61850: SGCB decode: expected structure with >=5 members, got %d", len(members))
	}

	info := &SettingGroupInfo{}

	if u, ok := members[0].Uint32(); ok {
		info.NumOfSGs = uint8(u)
	} else {
		return nil, fmt.Errorf("iec61850: SGCB decode: NumOfSGs: expected unsigned, got %s", members[0].Type())
	}
	if u, ok := members[1].Uint32(); ok {
		info.ActSG = uint8(u)
	} else {
		return nil, fmt.Errorf("iec61850: SGCB decode: ActSG: expected unsigned, got %s", members[1].Type())
	}
	if u, ok := members[2].Uint32(); ok {
		info.EditSG = uint8(u)
	} else {
		return nil, fmt.Errorf("iec61850: SGCB decode: EditSG: expected unsigned, got %s", members[2].Type())
	}
	if b, ok := members[3].Bool(); ok {
		info.CnfEdit = b
	} else {
		return nil, fmt.Errorf("iec61850: SGCB decode: CnfEdit: expected boolean, got %s", members[3].Type())
	}
	// members[4] is LActTm (UTCTime) — informational, not stored in info.
	if len(members) > 5 {
		if u, ok := members[5].Uint32(); ok {
			info.ResvTms = uint16(u)
		}
	}

	return info, nil
}

// sgcbObjectName returns an MMS domain-specific ObjectName for the SGCB.
func sgcbObjectName(ld string) mms.ObjectName {
	return mms.ObjectName{
		Scope:  mms.ObjectScopeDomain,
		Domain: mms.DomainID(ld),
		ItemID: mms.ItemID(sgcbItemID),
	}
}

// SelectActiveSG writes a new active setting group number to the
// SGCB. The server activates the specified group, making its SE
// values available via FC=SG reads.
//
// The sg parameter must be in [1, NumOfSGs]. Use
// [Client.GetSettingGroupInfo] to discover the valid range.
func (c *Client) SelectActiveSG(ctx context.Context, ld string, sg uint8) error {
	if err := c.checkOpen(); err != nil {
		return err
	}
	if ld == "" {
		return fmt.Errorf("iec61850: select active SG: %w: empty logical device name", ErrInvalidArgument)
	}
	if sg == 0 {
		return fmt.Errorf("iec61850: select active SG: %w: setting group must be >= 1", ErrInvalidArgument)
	}

	err := c.mmsClient.WriteComponent(ctx, sgcbObjectName(ld), "ActSG", mms.NewUnsigned(uint64(sg)))
	if err != nil {
		return fmt.Errorf("iec61850: select active SG %s group %d: %w", ld, sg, err)
	}

	c.logger.Debug("iec61850: select active SG", "ld", ld, "sg", sg)
	return nil
}

// SelectEditSG selects a setting group for editing. This reserves
// the edit session; the server sets EditSG in the SGCB to the
// requested group number. Only one client may hold an edit session
// at a time.
//
// After selecting, use [Client.GetEditSGValue] and
// [Client.SetEditSGValue] to read/write SE-constrained values for
// the edit group. Call [Client.ConfirmEditSG] to commit changes.
//
// The sg parameter must be in [1, NumOfSGs].
func (c *Client) SelectEditSG(ctx context.Context, ld string, sg uint8) error {
	if err := c.checkOpen(); err != nil {
		return err
	}
	if ld == "" {
		return fmt.Errorf("iec61850: select edit SG: %w: empty logical device name", ErrInvalidArgument)
	}
	if sg == 0 {
		return fmt.Errorf("iec61850: select edit SG: %w: setting group must be >= 1", ErrInvalidArgument)
	}

	err := c.mmsClient.WriteComponent(ctx, sgcbObjectName(ld), "EditSG", mms.NewUnsigned(uint64(sg)))
	if err != nil {
		return fmt.Errorf("iec61850: select edit SG %s group %d: %w", ld, sg, err)
	}

	c.logger.Debug("iec61850: select edit SG", "ld", ld, "sg", sg)
	return nil
}

// ConfirmEditSG confirms the current edit session by writing
// CnfEdit=true to the SGCB. The server copies the edited SE values
// into the edit group's storage and clears the edit session.
//
// This must be called after [Client.SelectEditSG] and any
// [Client.SetEditSGValue] calls to commit the changes.
func (c *Client) ConfirmEditSG(ctx context.Context, ld string) error {
	if err := c.checkOpen(); err != nil {
		return err
	}
	if ld == "" {
		return fmt.Errorf("iec61850: confirm edit SG: %w: empty logical device name", ErrInvalidArgument)
	}

	err := c.mmsClient.WriteComponent(ctx, sgcbObjectName(ld), "CnfEdit", mms.NewBoolean(true))
	if err != nil {
		return fmt.Errorf("iec61850: confirm edit SG %s: %w", ld, err)
	}

	c.logger.Debug("iec61850: confirm edit SG", "ld", ld)
	return nil
}

// GetEditSGValue reads a data attribute value from the current
// edit setting group (FC=SE). The ref must include LD, LN, and
// data path — the FC is forced to SE.
//
// An edit session must be active (via [Client.SelectEditSG]) for
// the server to return edit-group values.
func (c *Client) GetEditSGValue(ctx context.Context, ref Ref) (*Value, error) {
	seRef := ref
	seRef.FC = FCSE
	return c.Read(ctx, seRef)
}

// SetEditSGValue writes a data attribute value into the current
// edit setting group (FC=SE). The ref must include LD, LN, and
// data path — the FC is forced to SE.
//
// An edit session must be active (via [Client.SelectEditSG]).
// The change is not committed until [Client.ConfirmEditSG] is called.
func (c *Client) SetEditSGValue(ctx context.Context, ref Ref, value *mms.Value) error {
	seRef := ref
	seRef.FC = FCSE
	return c.Write(ctx, seRef, value)
}

// GetActiveSGValue reads a data attribute value from the currently
// active setting group (FC=SG).
//
// The ref must include LD, LN, and data path — the FC is forced
// to SG. This returns the active group's value regardless of any
// ongoing edit session.
func (c *Client) GetActiveSGValue(ctx context.Context, ref Ref) (*Value, error) {
	sgRef := ref
	sgRef.FC = FCSG
	return c.Read(ctx, sgRef)
}

=== END ./setting_groups.go ===
=== START ./setting_groups_server.go ===
package iec61850

import (
	"context"
	"fmt"
	"sync"
	"time"

	"github.com/otfabric/go-mms"

	"github.com/otfabric/go-iec61850/internal/servermodel"
)

// SettingGroupHandler provides application callbacks for setting
// group operations. All callbacks are optional; nil callbacks accept
// the operation unconditionally.
type SettingGroupHandler struct {
	// OnActiveSGChanged is called when a client selects a new active
	// setting group. Return a non-nil error to reject the activation.
	// The newSG is 1-based.
	OnActiveSGChanged func(ctx context.Context, ld string, newSG uint8) error

	// OnEditSGSelected is called when a client selects a group for
	// editing. Return a non-nil error to reject the selection (e.g.,
	// if another edit session is in progress from a different source).
	OnEditSGSelected func(ctx context.Context, ld string, editSG uint8) error

	// OnConfirmEdit is called when a client confirms an edit session.
	// The application should persist or apply the edited values.
	// Return a non-nil error to reject the confirmation.
	OnConfirmEdit func(ctx context.Context, ld string, editSG uint8) error
}

// sgcbRuntime holds the live state for one SGCB.
type sgcbRuntime struct {
	mu       sync.Mutex
	ldName   string
	numOfSGs uint8
	actSG    uint8
	editSG   uint8
	resvTms  uint16
	handler  SettingGroupHandler
}

// SettingGroupEngine manages server-side setting group control
// blocks. It intercepts SGCB writes (ActSG, EditSG, CnfEdit) and
// enforces the setting group lifecycle.
//
// # Interoperability note
//
// This implementation covers the core setting group workflow
// (active selection, edit reservation, confirm/commit). Reservation
// timeouts, multi-connection ownership tracking, and persistent
// setting group storage are not yet implemented. These are
// documented in KNOWN_LIMITATIONS.md.
type SettingGroupEngine struct {
	mu     sync.RWMutex
	sgcbs  map[string]*sgcbRuntime // key: ldName
	store  *servermodel.ValueStore
	logger interface{ Debug(string, ...any) }
}

// newSettingGroupEngine creates a new engine backed by the given store.
func newSettingGroupEngine(store *servermodel.ValueStore, logger interface{ Debug(string, ...any) }) *SettingGroupEngine {
	return &SettingGroupEngine{
		sgcbs:  make(map[string]*sgcbRuntime),
		store:  store,
		logger: logger,
	}
}

// registerSGCB registers an SGCB runtime for the given LD.
func (e *SettingGroupEngine) registerSGCB(ldName string, sg *servermodel.SettingGroupDef, handler SettingGroupHandler) {
	actSG := sg.ActSG
	if actSG == 0 {
		actSG = 1
	}

	rt := &sgcbRuntime{
		ldName:   ldName,
		numOfSGs: sg.NumOfSGs,
		actSG:    actSG,
		editSG:   0,
		resvTms:  sg.ResvTms,
		handler:  handler,
	}

	e.mu.Lock()
	e.sgcbs[ldName] = rt
	e.mu.Unlock()
}

// HandleSGCBWrite intercepts writes to SGCB subfields and enforces
// setting group semantics. Returns nil if the write is handled
// (accepted or rejected with an MMS error); returns an error to
// propagate to the MMS layer as a write failure.
//
// Supported subfields: ActSG, EditSG, CnfEdit.
func (e *SettingGroupEngine) HandleSGCBWrite(ctx context.Context, ldName, subfield string, val *mms.Value) error {
	e.mu.RLock()
	rt, ok := e.sgcbs[ldName]
	e.mu.RUnlock()
	if !ok {
		return fmt.Errorf("iec61850: SGCB write: unknown LD %q", ldName)
	}

	switch subfield {
	case "ActSG":
		return e.handleActSGWrite(ctx, rt, val)
	case "EditSG":
		return e.handleEditSGWrite(ctx, rt, val)
	case "CnfEdit":
		return e.handleCnfEditWrite(ctx, rt, val)
	default:
		return fmt.Errorf("iec61850: SGCB write: read-only subfield %q", subfield)
	}
}

func (e *SettingGroupEngine) handleActSGWrite(ctx context.Context, rt *sgcbRuntime, val *mms.Value) error {
	u, ok := val.Uint32()
	if !ok {
		return fmt.Errorf("iec61850: ActSG write: expected unsigned")
	}
	newSG := uint8(u)

	rt.mu.Lock()
	defer rt.mu.Unlock()

	if newSG == 0 || newSG > rt.numOfSGs {
		return fmt.Errorf("iec61850: ActSG write: group %d out of range [1, %d]", newSG, rt.numOfSGs)
	}

	if rt.handler.OnActiveSGChanged != nil {
		if err := rt.handler.OnActiveSGChanged(ctx, rt.ldName, newSG); err != nil {
			return fmt.Errorf("iec61850: ActSG write rejected: %w", err)
		}
	}

	rt.actSG = newSG
	e.syncSGCBToStore(rt, true)

	e.logger.Debug("iec61850: active SG changed", "ld", rt.ldName, "actSG", newSG)
	return nil
}

func (e *SettingGroupEngine) handleEditSGWrite(ctx context.Context, rt *sgcbRuntime, val *mms.Value) error {
	u, ok := val.Uint32()
	if !ok {
		return fmt.Errorf("iec61850: EditSG write: expected unsigned")
	}
	editSG := uint8(u)

	rt.mu.Lock()
	defer rt.mu.Unlock()

	if editSG == 0 {
		rt.editSG = 0
		e.syncSGCBToStore(rt, false)
		e.logger.Debug("iec61850: edit SG released", "ld", rt.ldName)
		return nil
	}

	if editSG > rt.numOfSGs {
		return fmt.Errorf("iec61850: EditSG write: group %d out of range [1, %d]", editSG, rt.numOfSGs)
	}

	if rt.editSG != 0 && rt.editSG != editSG {
		return fmt.Errorf("iec61850: EditSG write: edit session already active for group %d", rt.editSG)
	}

	if rt.handler.OnEditSGSelected != nil {
		if err := rt.handler.OnEditSGSelected(ctx, rt.ldName, editSG); err != nil {
			return fmt.Errorf("iec61850: EditSG write rejected: %w", err)
		}
	}

	rt.editSG = editSG
	e.syncSGCBToStore(rt, false)

	e.logger.Debug("iec61850: edit SG selected", "ld", rt.ldName, "editSG", editSG)
	return nil
}

func (e *SettingGroupEngine) handleCnfEditWrite(ctx context.Context, rt *sgcbRuntime, val *mms.Value) error {
	b, ok := val.Bool()
	if !ok {
		return fmt.Errorf("iec61850: CnfEdit write: expected boolean")
	}
	if !b {
		return nil
	}

	rt.mu.Lock()
	defer rt.mu.Unlock()

	if rt.editSG == 0 {
		return fmt.Errorf("iec61850: CnfEdit write: no edit session active")
	}

	if rt.handler.OnConfirmEdit != nil {
		if err := rt.handler.OnConfirmEdit(ctx, rt.ldName, rt.editSG); err != nil {
			return fmt.Errorf("iec61850: CnfEdit write rejected: %w", err)
		}
	}

	confirmedSG := rt.editSG
	rt.editSG = 0
	e.syncSGCBToStore(rt, false)

	e.logger.Debug("iec61850: edit confirmed", "ld", rt.ldName, "sg", confirmedSG)
	return nil
}

// syncSGCBToStore writes the runtime SGCB state back to the ValueStore.
// Must be called with rt.mu held.
//
// NumOfSGs and ResvTms are immutable after model creation and are not
// updated here — they are set once during registerSGCB.
//
// LActTm (last activation time) is only updated when updateLActTm is
// true, which should only be on ActSG changes, not on edit operations.
func (e *SettingGroupEngine) syncSGCBToStore(rt *sgcbRuntime, updateLActTm bool) {
	prefix := servermodel.StoreKey(rt.ldName, "LLN0$SP$SGCB")
	e.store.Set(prefix+"$ActSG", mms.NewUnsigned(uint64(rt.actSG)))
	e.store.Set(prefix+"$EditSG", mms.NewUnsigned(uint64(rt.editSG)))
	e.store.Set(prefix+"$CnfEdit", mms.NewBoolean(false))
	if updateLActTm {
		e.store.Set(prefix+"$LActTm", mms.NewUTCTime(time.Now()))
	}
}

// GetActiveSettingGroup returns the currently active setting group
// for the given LD. Returns 0 if no SGCB is registered.
func (e *SettingGroupEngine) GetActiveSettingGroup(ldName string) uint8 {
	e.mu.RLock()
	rt, ok := e.sgcbs[ldName]
	e.mu.RUnlock()
	if !ok {
		return 0
	}
	rt.mu.Lock()
	defer rt.mu.Unlock()
	return rt.actSG
}

// GetEditSettingGroup returns the setting group currently under
// edit for the given LD. Returns 0 if no edit session is active.
func (e *SettingGroupEngine) GetEditSettingGroup(ldName string) uint8 {
	e.mu.RLock()
	rt, ok := e.sgcbs[ldName]
	e.mu.RUnlock()
	if !ok {
		return 0
	}
	rt.mu.Lock()
	defer rt.mu.Unlock()
	return rt.editSG
}

// EnableSettingGroups initialises the setting group engine for the
// server. It scans the server model for SGCB definitions and
// registers them with the provided handler.
//
// This should be called after [NewServer] and before accepting
// connections.
func (s *Server) EnableSettingGroups(handler SettingGroupHandler) {
	engine := newSettingGroupEngine(s.store, s.logger)

	for i := range s.model.LogicalDevices {
		ld := &s.model.LogicalDevices[i]
		for j := range ld.LogicalNodes {
			ln := &ld.LogicalNodes[j]
			if ln.SettingGroup != nil {
				engine.registerSGCB(ld.Name, ln.SettingGroup, handler)
			}
		}
	}

	s.sgEngine = engine
	s.installWriteInterceptor()
}

// SettingGroupEngine returns the setting group engine, or nil if
// setting groups have not been enabled via [Server.EnableSettingGroups].
func (s *Server) SettingGroupEngine() *SettingGroupEngine {
	return s.sgEngine
}

// ChangeActiveSettingGroup programmatically changes the active
// setting group for the given LD. This is for server-side use
// (e.g., operator override). The handler's OnActiveSGChanged
// callback is invoked.
func (s *Server) ChangeActiveSettingGroup(ctx context.Context, ld string, sg uint8) error {
	if s.sgEngine == nil {
		return fmt.Errorf("iec61850: setting groups not enabled")
	}
	return s.sgEngine.HandleSGCBWrite(ctx, ld, "ActSG", mms.NewUnsigned(uint64(sg)))
}

=== END ./setting_groups_server.go ===
=== START ./timestamp.go ===
package iec61850

import (
	"fmt"
	"time"

	"github.com/otfabric/go-mms"
)

// Timestamp represents an IEC 61850 timestamp (UTCTime) with
// optional time quality information.
//
// The IEC 61850 timestamp is an 8-byte structure:
//   - bytes 0–3: seconds since Unix epoch
//   - bytes 4–6: fraction of second (24-bit binary fraction)
//   - byte 7: time quality
//
// [EncodeTimestamp] preserves the full [TimeQuality] in the
// UTCTimeQuality byte. [DecodeTimestamp] quality fidelity depends
// on go-mms exposing UTCTimeQuality(); if the MMS layer does not
// populate the quality byte, decoded quality will be zero-valued.
type Timestamp struct {
	// Time is the timestamp value.
	Time time.Time

	// Quality contains time quality flags. Zero-valued when
	// decoded from go-mms (time quality not yet exposed by
	// the MMS layer).
	Quality TimeQuality
}

// TimeQuality represents the time quality byte of an IEC 61850
// timestamp.
type TimeQuality struct {
	// LeapSecondKnown indicates whether leap second information
	// is known (bit 7 of quality byte).
	LeapSecondKnown bool

	// ClockFailure indicates a clock hardware failure
	// (bit 6 of quality byte).
	ClockFailure bool

	// ClockNotSynchronized indicates the clock is not synchronized
	// to an external time source (bit 5 of quality byte).
	ClockNotSynchronized bool

	// TimeAccuracy is the number of significant bits in the
	// fraction-of-second field (bits 0–4, range 0–31). Higher
	// values indicate better precision. Zero means unspecified.
	TimeAccuracy int
}

// IsZero returns true if the timestamp has a zero time value.
func (ts Timestamp) IsZero() bool {
	return ts.Time.IsZero()
}

// String returns the timestamp formatted as RFC 3339 with
// nanosecond precision.
func (ts Timestamp) String() string {
	if ts.Time.IsZero() {
		return "<zero>"
	}
	return ts.Time.Format(time.RFC3339Nano)
}

// DecodeTimestamp decodes an IEC 61850 timestamp from an MMS
// UTCTime value. Returns a [DecodeError] if the value is not
// a UTCTime.
//
// Time quality flags (leap second awareness, clock failure, clock
// synchronization, sub-second accuracy) are decoded from the
// go-mms UTCTimeQuality byte.
func DecodeTimestamp(v *mms.Value) (Timestamp, error) {
	if v == nil {
		return Timestamp{}, &DecodeError{
			Type:    "Timestamp",
			Message: "nil value",
		}
	}
	t, ok := v.UTCTime()
	if !ok {
		return Timestamp{}, &DecodeError{
			Type:    "Timestamp",
			Message: fmt.Sprintf("expected UTC time, got %v", v.Type()),
		}
	}

	qb := v.UTCTimeQuality()
	tq := TimeQuality{
		LeapSecondKnown:      qb&0x80 != 0,
		ClockFailure:         qb&0x40 != 0,
		ClockNotSynchronized: qb&0x20 != 0,
		TimeAccuracy:         int(qb & 0x1F),
	}

	return Timestamp{Time: t, Quality: tq}, nil
}

// EncodeTimestamp encodes an IEC 61850 timestamp as an MMS UTCTime
// value, including the TimeQuality byte.
//
// The quality byte encodes leap-second awareness, clock failure,
// clock synchronization, and sub-second accuracy bits.
func EncodeTimestamp(ts Timestamp) *mms.Value {
	qb := encodeTimeQuality(ts.Quality)
	return mms.NewUTCTimeWithQuality(ts.Time, qb)
}

func encodeTimeQuality(tq TimeQuality) uint8 {
	var qb uint8
	if tq.LeapSecondKnown {
		qb |= 0x80
	}
	if tq.ClockFailure {
		qb |= 0x40
	}
	if tq.ClockNotSynchronized {
		qb |= 0x20
	}
	qb |= uint8(tq.TimeAccuracy) & 0x1F
	return qb
}

=== END ./timestamp.go ===
=== START ./values.go ===
package iec61850

import (
	"fmt"

	"github.com/otfabric/go-mms"
)

// Value wraps an [mms.Value] with IEC 61850 semantic accessors.
//
// Value provides typed accessor methods that return errors instead
// of ok booleans, and IEC 61850-specific decoders for Quality and
// Timestamp. Use [Value.MMS] to access the underlying MMS value
// when needed.
//
// Values are created by [NewValue], the constructor functions
// ([BoolValue], [IntValue], etc.), or returned from read operations.
type Value struct {
	mmsVal *mms.Value
}

// NewValue wraps an [mms.Value]. Returns nil if v is nil.
func NewValue(v *mms.Value) *Value {
	if v == nil {
		return nil
	}
	return &Value{mmsVal: v}
}

// MMS returns the underlying [mms.Value]. This is the escape hatch
// for operations not covered by the IEC 61850 typed accessors.
func (v *Value) MMS() *mms.Value {
	if v == nil {
		return nil
	}
	return v.mmsVal
}

// Type returns the MMS value type. Returns
// [mms.ValueTypeDataAccessError] when the Value or its underlying
// MMS value is nil.
func (v *Value) Type() mms.ValueType {
	if v == nil || v.mmsVal == nil {
		return mms.ValueTypeDataAccessError
	}
	return v.mmsVal.Type()
}

// Bool returns the value as a bool.
// Returns a [DecodeError] if the value is nil or not a boolean.
func (v *Value) Bool() (bool, error) {
	if err := v.requireValue("bool"); err != nil {
		return false, err
	}
	b, ok := v.mmsVal.Bool()
	if !ok {
		return false, v.typeError("bool")
	}
	return b, nil
}

// Int32 returns the value as an int32.
// Returns a [DecodeError] if the value is nil or not an integer.
func (v *Value) Int32() (int32, error) {
	if err := v.requireValue("int32"); err != nil {
		return 0, err
	}
	i, ok := v.mmsVal.Int32()
	if !ok {
		return 0, v.typeError("int32")
	}
	return i, nil
}

// Int64 returns the value as an int64.
// Returns a [DecodeError] if the value is nil or not an integer.
func (v *Value) Int64() (int64, error) {
	if err := v.requireValue("int64"); err != nil {
		return 0, err
	}
	i, ok := v.mmsVal.Int64()
	if !ok {
		return 0, v.typeError("int64")
	}
	return i, nil
}

// Uint32 returns the value as a uint32.
// Returns a [DecodeError] if the value is nil or not an unsigned integer.
func (v *Value) Uint32() (uint32, error) {
	if err := v.requireValue("uint32"); err != nil {
		return 0, err
	}
	u, ok := v.mmsVal.Uint32()
	if !ok {
		return 0, v.typeError("uint32")
	}
	return u, nil
}

// Uint64 returns the value as a uint64.
// Returns a [DecodeError] if the value is nil or not an unsigned integer.
func (v *Value) Uint64() (uint64, error) {
	if err := v.requireValue("uint64"); err != nil {
		return 0, err
	}
	u, ok := v.mmsVal.Uint64()
	if !ok {
		return 0, v.typeError("uint64")
	}
	return u, nil
}

// Float32 returns the value as a float32.
// Returns a [DecodeError] if the value is nil or not a float.
func (v *Value) Float32() (float32, error) {
	if err := v.requireValue("float32"); err != nil {
		return 0, err
	}
	f, ok := v.mmsVal.Float32()
	if !ok {
		return 0, v.typeError("float32")
	}
	return f, nil
}

// Float64 returns the value as a float64.
// Returns a [DecodeError] if the value is nil or not a float.
func (v *Value) Float64() (float64, error) {
	if err := v.requireValue("float64"); err != nil {
		return 0, err
	}
	f, ok := v.mmsVal.Float64()
	if !ok {
		return 0, v.typeError("float64")
	}
	return f, nil
}

// VisibleString returns the value as a string (MMS VisibleString).
// Returns a [DecodeError] if the value is nil or not a visible string.
func (v *Value) VisibleString() (string, error) {
	if err := v.requireValue("visible-string"); err != nil {
		return "", err
	}
	s, ok := v.mmsVal.VisibleString()
	if !ok {
		return "", v.typeError("visible-string")
	}
	return s, nil
}

// MmsString returns the value as a string (MMS MmsString / UTF-8).
// Returns a [DecodeError] if the value is nil or not an MMS string.
func (v *Value) MmsString() (string, error) {
	if err := v.requireValue("mms-string"); err != nil {
		return "", err
	}
	s, ok := v.mmsVal.MmsString()
	if !ok {
		return "", v.typeError("mms-string")
	}
	return s, nil
}

// OctetString returns the value as a byte slice.
// The returned slice may alias the underlying MMS value memory.
// Copy it if ownership or later mutation is required.
// Returns a [DecodeError] if the value is nil or not an octet string.
func (v *Value) OctetString() ([]byte, error) {
	if err := v.requireValue("octet-string"); err != nil {
		return nil, err
	}
	b, ok := v.mmsVal.OctetString()
	if !ok {
		return nil, v.typeError("octet-string")
	}
	return b, nil
}

// BitString returns the raw bit string bytes.
// The returned slice may alias the underlying MMS value memory.
// Copy it if ownership or later mutation is required.
// Returns a [DecodeError] if the value is nil or not a bit string.
func (v *Value) BitString() ([]byte, error) {
	if err := v.requireValue("bit-string"); err != nil {
		return nil, err
	}
	b, ok := v.mmsVal.BitString()
	if !ok {
		return nil, v.typeError("bit-string")
	}
	return b, nil
}

// Quality decodes the value as an IEC 61850 quality bit string.
// Returns a [DecodeError] if the value is nil or not a 13-bit bit string.
func (v *Value) Quality() (Quality, error) {
	if err := v.requireValue("Quality"); err != nil {
		return 0, err
	}
	return DecodeQuality(v.mmsVal)
}

// Timestamp decodes the value as an IEC 61850 timestamp.
// Returns a [DecodeError] if the value is nil or not a UTCTime.
func (v *Value) Timestamp() (Timestamp, error) {
	if err := v.requireValue("Timestamp"); err != nil {
		return Timestamp{}, err
	}
	return DecodeTimestamp(v.mmsVal)
}

// IsStructure reports whether the value is an MMS structure.
func (v *Value) IsStructure() bool {
	if v == nil || v.mmsVal == nil {
		return false
	}
	return v.mmsVal.Type() == mms.ValueTypeStructure
}

// IsArray reports whether the value is an MMS array.
func (v *Value) IsArray() bool {
	if v == nil || v.mmsVal == nil {
		return false
	}
	return v.mmsVal.Type() == mms.ValueTypeArray
}

// Elements returns the structure or array elements as Values.
// Use [Value.IsStructure] and [Value.IsArray] to determine which
// container kind the value holds before calling this method.
// Returns a [DecodeError] if the value is nil or not a structure or array.
func (v *Value) Elements() ([]*Value, error) {
	if err := v.requireValue("structure or array"); err != nil {
		return nil, err
	}
	elems, ok := v.mmsVal.Structure()
	if !ok {
		elems, ok = v.mmsVal.ArrayElements()
		if !ok {
			return nil, v.typeError("structure or array")
		}
	}
	result := make([]*Value, len(elems))
	for i, e := range elems {
		result[i] = NewValue(e)
	}
	return result, nil
}

// String returns a debug-friendly string representation of the value.
func (v *Value) String() string {
	if v == nil || v.mmsVal == nil {
		return "<nil>"
	}
	return v.mmsVal.String()
}

// requireValue returns a DecodeError if the Value or its underlying
// mms.Value is nil.
func (v *Value) requireValue(expected string) error {
	if v == nil || v.mmsVal == nil {
		return &DecodeError{
			Type:    expected,
			Message: "nil value",
		}
	}
	return nil
}

func (v *Value) typeError(expected string) error {
	if v == nil || v.mmsVal == nil {
		return &DecodeError{
			Type:    expected,
			Message: "nil value",
		}
	}
	return &DecodeError{
		Type:    expected,
		Message: fmt.Sprintf("cannot decode %v as %s", v.mmsVal.Type(), expected),
	}
}

// --- Value constructors ---

// BoolValue creates a Value from a bool.
func BoolValue(b bool) *Value {
	return NewValue(mms.NewBoolean(b))
}

// IntValue creates a Value from an int64.
func IntValue(i int64) *Value {
	return NewValue(mms.NewInteger(i))
}

// UintValue creates a Value from a uint64.
func UintValue(u uint64) *Value {
	return NewValue(mms.NewUnsigned(u))
}

// FloatValue creates a Value from a float64.
func FloatValue(f float64) *Value {
	return NewValue(mms.NewFloat(f))
}

// StringValue creates a Value from a string (MMS VisibleString).
func StringValue(s string) *Value {
	return NewValue(mms.NewVisibleString(s))
}

// OctetStringValue creates a Value from a byte slice.
func OctetStringValue(data []byte) *Value {
	return NewValue(mms.NewOctetString(data))
}

// QualityValue creates a Value from a [Quality].
func QualityValue(q Quality) *Value {
	return NewValue(EncodeQuality(q))
}

// TimestampValue creates a Value from a [Timestamp].
func TimestampValue(ts Timestamp) *Value {
	return NewValue(EncodeTimestamp(ts))
}

// StructureValue creates a Value from a slice of element Values with
// validation. Returns an error if any element is nil.
//
// Use [UnsafeStructureValue] for the unchecked fast path when all
// elements are guaranteed non-nil.
func StructureValue(elements []*Value) (*Value, error) {
	mmsElements := make([]*mms.Value, len(elements))
	for i, e := range elements {
		if e == nil || e.MMS() == nil {
			return nil, fmt.Errorf("iec61850: structure element[%d] is nil", i)
		}
		mmsElements[i] = e.MMS()
	}
	return NewValue(mms.NewStructure(mmsElements)), nil
}

// UnsafeStructureValue creates a Value from a slice of element Values
// without nil-checking. Nil elements produce a malformed MMS
// structure that will fail encoding. Prefer [StructureValue] unless
// performance requires skipping validation.
func UnsafeStructureValue(elements []*Value) *Value {
	mmsElements := make([]*mms.Value, len(elements))
	for i, e := range elements {
		mmsElements[i] = e.MMS()
	}
	return NewValue(mms.NewStructure(mmsElements))
}

// ArrayValue creates a Value from a slice of element Values with
// validation. Returns an error if any element is nil.
//
// Use [UnsafeArrayValue] for the unchecked fast path when all
// elements are guaranteed non-nil.
func ArrayValue(elements []*Value) (*Value, error) {
	mmsElements := make([]*mms.Value, len(elements))
	for i, e := range elements {
		if e == nil || e.MMS() == nil {
			return nil, fmt.Errorf("iec61850: array element[%d] is nil", i)
		}
		mmsElements[i] = e.MMS()
	}
	return NewValue(mms.NewArray(mmsElements)), nil
}

// UnsafeArrayValue creates a Value from a slice of element Values
// without nil-checking. Nil elements produce a malformed MMS
// array that will fail encoding. Prefer [ArrayValue] unless
// performance requires skipping validation.
func UnsafeArrayValue(elements []*Value) *Value {
	mmsElements := make([]*mms.Value, len(elements))
	for i, e := range elements {
		mmsElements[i] = e.MMS()
	}
	return NewValue(mms.NewArray(mmsElements))
}

=== END ./values.go ===
=== START ./write.go ===
package iec61850

import (
	"context"
	"fmt"

	"github.com/otfabric/go-mms"
)

// Write writes a single IEC 61850 data attribute.
//
// The ref must include LD, LN, FC, and a path to the target
// data attribute. The value is written as-is to the MMS layer.
//
// Returns an error if the write is rejected by the server.
func (c *Client) Write(ctx context.Context, ref Ref, value *mms.Value) error {
	if err := c.checkOpen(); err != nil {
		return err
	}
	if err := ref.Validate(); err != nil {
		return err
	}
	if !ref.IsObject() {
		return &ReferenceError{Input: ref.String(), Reason: "object reference required for write"}
	}
	if ref.FC == "" {
		return &ReferenceError{Input: ref.String(), Reason: "functional constraint required for write"}
	}
	if value == nil {
		return fmt.Errorf("iec61850: write %s: nil value", ref.String())
	}

	domainID, itemID, err := ref.ToMMS()
	if err != nil {
		return err
	}

	_, err = c.mmsClient.Write(ctx, mms.WriteRequest{
		DomainID: domainID,
		ItemID:   itemID,
		Value:    value,
	})
	if err != nil {
		return fmt.Errorf("iec61850: write %s: %w", ref.String(), err)
	}

	c.logger.Debug("iec61850: write", "ref", ref.String())
	return nil
}

=== END ./write.go ===
